ISO-10303-21;
HEADER;
/* Generated by software containing ST-Developer
 * from STEP Tools, Inc. (www.steptools.com) 
 */
/* OPTION: using custom renumber hook */

FILE_DESCRIPTION(
/* description */ ('STEP AP242 Edition 2',
'CAx-IF Rec.Pracs.---Representation and Presentation of Product Manufa
cturing Information (PMI)---4.0---2014-10-13',
'CAx-IF Rec.Pracs.---3D Tessellated Geometry---0.4---2014-09-14','2;1',
'CAx-IF Rec.Pracs.---User Defined Attributes---1.5---2016-08-15'),
/* implementation_level */ '2;1');

FILE_NAME(
/* name */ 'Side Plates',
/* time_stamp */ '2026-08-13T15:35:48Z',
/* author */ (''),
/* organization */ (''),
/* preprocessor_version */ 'ST-DEVELOPER v20',
/* originating_system */ 'ONSHAPE BY PTC INC, 1.219',
/* authorisation */ '  ');

FILE_SCHEMA (('AP242_MANAGED_MODEL_BASED_3D_ENGINEERING_MIM_LF { 1 0 10303 442 3 1 4 }'));
ENDSEC;

DATA;
#10=ELLIPSE('',#13083,0.00212132034355964,0.0015);
#11=ELLIPSE('',#13084,0.00212132034355964,0.0015);
#12=SHAPE_REPRESENTATION_RELATIONSHIP('','',#12454,#14);
#13=SHAPE_REPRESENTATION_RELATIONSHIP('','',#12455,#15);
#14=ADVANCED_BREP_SHAPE_REPRESENTATION('',(#12450),#19490);
#15=ADVANCED_BREP_SHAPE_REPRESENTATION('',(#12451),#19491);
#16=CYLINDRICAL_SURFACE('',#12484,0.000375);
#17=CYLINDRICAL_SURFACE('',#12487,0.000375);
#18=CYLINDRICAL_SURFACE('',#12490,0.000375);
#19=CYLINDRICAL_SURFACE('',#12493,0.000375);
#20=CYLINDRICAL_SURFACE('',#12496,0.000375);
#21=CYLINDRICAL_SURFACE('',#12499,0.000375);
#22=CYLINDRICAL_SURFACE('',#12502,0.000375);
#23=CYLINDRICAL_SURFACE('',#12505,0.000375);
#24=CYLINDRICAL_SURFACE('',#12508,0.000375);
#25=CYLINDRICAL_SURFACE('',#12511,0.000375);
#26=CYLINDRICAL_SURFACE('',#12514,0.000375);
#27=CYLINDRICAL_SURFACE('',#12517,0.000375);
#28=CYLINDRICAL_SURFACE('',#12520,0.000375);
#29=CYLINDRICAL_SURFACE('',#12523,0.000375);
#30=CYLINDRICAL_SURFACE('',#12526,0.000375);
#31=CYLINDRICAL_SURFACE('',#12529,0.000375);
#32=CYLINDRICAL_SURFACE('',#12532,0.000375);
#33=CYLINDRICAL_SURFACE('',#12535,0.000375);
#34=CYLINDRICAL_SURFACE('',#13094,0.002);
#35=CYLINDRICAL_SURFACE('',#13095,0.002);
#36=CYLINDRICAL_SURFACE('',#13096,0.002);
#37=CYLINDRICAL_SURFACE('',#13097,0.002);
#38=CYLINDRICAL_SURFACE('',#13100,0.0015);
#39=CYLINDRICAL_SURFACE('',#13101,0.0015);
#40=CIRCLE('',#12461,0.000375);
#41=CIRCLE('',#12462,0.000375);
#42=CIRCLE('',#12463,0.000375);
#43=CIRCLE('',#12464,0.000375);
#44=CIRCLE('',#12465,0.000375);
#45=CIRCLE('',#12466,0.000375);
#46=CIRCLE('',#12467,0.000375);
#47=CIRCLE('',#12468,0.000375);
#48=CIRCLE('',#12469,0.000375);
#49=CIRCLE('',#12473,0.000375);
#50=CIRCLE('',#12474,0.000375);
#51=CIRCLE('',#12476,0.000375);
#52=CIRCLE('',#12477,0.000375);
#53=CIRCLE('',#12478,0.000375);
#54=CIRCLE('',#12479,0.000375);
#55=CIRCLE('',#12481,0.000375);
#56=CIRCLE('',#12482,0.000375);
#57=CIRCLE('',#12483,0.000375);
#58=CIRCLE('',#12485,0.000375);
#59=CIRCLE('',#12488,0.000375);
#60=CIRCLE('',#12491,0.000375);
#61=CIRCLE('',#12494,0.000375);
#62=CIRCLE('',#12497,0.000375);
#63=CIRCLE('',#12500,0.000375);
#64=CIRCLE('',#12503,0.000375);
#65=CIRCLE('',#12506,0.000375);
#66=CIRCLE('',#12509,0.000375);
#67=CIRCLE('',#12512,0.000375);
#68=CIRCLE('',#12515,0.000375);
#69=CIRCLE('',#12518,0.000375);
#70=CIRCLE('',#12521,0.000375);
#71=CIRCLE('',#12524,0.000375);
#72=CIRCLE('',#12527,0.000375);
#73=CIRCLE('',#12530,0.000375);
#74=CIRCLE('',#12533,0.000375);
#75=CIRCLE('',#12536,0.000375);
#76=CIRCLE('',#13055,0.002);
#77=CIRCLE('',#13056,0.002);
#78=CIRCLE('',#13057,0.002);
#79=CIRCLE('',#13058,0.002);
#80=CIRCLE('',#13060,0.002);
#81=CIRCLE('',#13061,0.002);
#82=CIRCLE('',#13062,0.002);
#83=CIRCLE('',#13063,0.002);
#84=CIRCLE('',#13074,0.0015);
#85=CIRCLE('',#13075,0.0015);
#86=CIRCLE('',#13077,0.0015);
#87=CIRCLE('',#13078,0.0015);
#88=ORIENTED_EDGE('',*,*,#3488,.T.);
#89=ORIENTED_EDGE('',*,*,#3489,.T.);
#90=ORIENTED_EDGE('',*,*,#3490,.F.);
#91=ORIENTED_EDGE('',*,*,#3491,.F.);
#92=ORIENTED_EDGE('',*,*,#3492,.T.);
#93=ORIENTED_EDGE('',*,*,#3493,.T.);
#94=ORIENTED_EDGE('',*,*,#3488,.F.);
#95=ORIENTED_EDGE('',*,*,#3494,.T.);
#96=ORIENTED_EDGE('',*,*,#3495,.F.);
#97=ORIENTED_EDGE('',*,*,#3496,.T.);
#98=ORIENTED_EDGE('',*,*,#3497,.F.);
#99=ORIENTED_EDGE('',*,*,#3498,.F.);
#100=ORIENTED_EDGE('',*,*,#3499,.F.);
#101=ORIENTED_EDGE('',*,*,#3500,.T.);
#102=ORIENTED_EDGE('',*,*,#3501,.F.);
#103=ORIENTED_EDGE('',*,*,#3502,.T.);
#104=ORIENTED_EDGE('',*,*,#3503,.F.);
#105=ORIENTED_EDGE('',*,*,#3490,.T.);
#106=ORIENTED_EDGE('',*,*,#3504,.F.);
#107=ORIENTED_EDGE('',*,*,#3505,.F.);
#108=ORIENTED_EDGE('',*,*,#3506,.F.);
#109=ORIENTED_EDGE('',*,*,#3507,.F.);
#110=ORIENTED_EDGE('',*,*,#3508,.F.);
#111=ORIENTED_EDGE('',*,*,#3509,.F.);
#112=ORIENTED_EDGE('',*,*,#3510,.F.);
#113=ORIENTED_EDGE('',*,*,#3511,.F.);
#114=ORIENTED_EDGE('',*,*,#3512,.F.);
#115=ORIENTED_EDGE('',*,*,#3500,.F.);
#116=ORIENTED_EDGE('',*,*,#3513,.F.);
#117=ORIENTED_EDGE('',*,*,#3497,.T.);
#118=ORIENTED_EDGE('',*,*,#3514,.T.);
#119=ORIENTED_EDGE('',*,*,#3499,.T.);
#120=ORIENTED_EDGE('',*,*,#3515,.F.);
#121=ORIENTED_EDGE('',*,*,#3516,.T.);
#122=ORIENTED_EDGE('',*,*,#3517,.F.);
#123=ORIENTED_EDGE('',*,*,#3518,.F.);
#124=ORIENTED_EDGE('',*,*,#3519,.F.);
#125=ORIENTED_EDGE('',*,*,#3492,.F.);
#126=ORIENTED_EDGE('',*,*,#3513,.T.);
#127=ORIENTED_EDGE('',*,*,#3517,.T.);
#128=ORIENTED_EDGE('',*,*,#3520,.F.);
#129=ORIENTED_EDGE('',*,*,#3521,.F.);
#130=ORIENTED_EDGE('',*,*,#3522,.F.);
#131=ORIENTED_EDGE('',*,*,#3523,.F.);
#132=ORIENTED_EDGE('',*,*,#3524,.F.);
#133=ORIENTED_EDGE('',*,*,#3503,.T.);
#134=ORIENTED_EDGE('',*,*,#3525,.F.);
#135=ORIENTED_EDGE('',*,*,#3494,.F.);
#136=ORIENTED_EDGE('',*,*,#3491,.T.);
#137=ORIENTED_EDGE('',*,*,#3526,.F.);
#138=ORIENTED_EDGE('',*,*,#3527,.F.);
#139=ORIENTED_EDGE('',*,*,#3528,.F.);
#140=ORIENTED_EDGE('',*,*,#3529,.F.);
#141=ORIENTED_EDGE('',*,*,#3502,.F.);
#142=ORIENTED_EDGE('',*,*,#3530,.F.);
#143=ORIENTED_EDGE('',*,*,#3495,.T.);
#144=ORIENTED_EDGE('',*,*,#3525,.T.);
#145=ORIENTED_EDGE('',*,*,#3531,.F.);
#146=ORIENTED_EDGE('',*,*,#3532,.F.);
#147=ORIENTED_EDGE('',*,*,#3533,.F.);
#148=ORIENTED_EDGE('',*,*,#3501,.T.);
#149=ORIENTED_EDGE('',*,*,#3514,.F.);
#150=ORIENTED_EDGE('',*,*,#3496,.F.);
#151=ORIENTED_EDGE('',*,*,#3530,.T.);
#152=ORIENTED_EDGE('',*,*,#3534,.F.);
#153=ORIENTED_EDGE('',*,*,#3512,.T.);
#154=ORIENTED_EDGE('',*,*,#3534,.T.);
#155=ORIENTED_EDGE('',*,*,#3535,.F.);
#156=ORIENTED_EDGE('',*,*,#3511,.T.);
#157=ORIENTED_EDGE('',*,*,#3535,.T.);
#158=ORIENTED_EDGE('',*,*,#3536,.F.);
#159=ORIENTED_EDGE('',*,*,#3510,.T.);
#160=ORIENTED_EDGE('',*,*,#3536,.T.);
#161=ORIENTED_EDGE('',*,*,#3537,.F.);
#162=ORIENTED_EDGE('',*,*,#3509,.T.);
#163=ORIENTED_EDGE('',*,*,#3537,.T.);
#164=ORIENTED_EDGE('',*,*,#3538,.F.);
#165=ORIENTED_EDGE('',*,*,#3508,.T.);
#166=ORIENTED_EDGE('',*,*,#3538,.T.);
#167=ORIENTED_EDGE('',*,*,#3539,.F.);
#168=ORIENTED_EDGE('',*,*,#3507,.T.);
#169=ORIENTED_EDGE('',*,*,#3539,.T.);
#170=ORIENTED_EDGE('',*,*,#3540,.F.);
#171=ORIENTED_EDGE('',*,*,#3506,.T.);
#172=ORIENTED_EDGE('',*,*,#3540,.T.);
#173=ORIENTED_EDGE('',*,*,#3541,.F.);
#174=ORIENTED_EDGE('',*,*,#3505,.T.);
#175=ORIENTED_EDGE('',*,*,#3541,.T.);
#176=ORIENTED_EDGE('',*,*,#3542,.F.);
#177=ORIENTED_EDGE('',*,*,#3504,.T.);
#178=ORIENTED_EDGE('',*,*,#3542,.T.);
#179=ORIENTED_EDGE('',*,*,#3543,.F.);
#180=ORIENTED_EDGE('',*,*,#3533,.T.);
#181=ORIENTED_EDGE('',*,*,#3543,.T.);
#182=ORIENTED_EDGE('',*,*,#3544,.F.);
#183=ORIENTED_EDGE('',*,*,#3532,.T.);
#184=ORIENTED_EDGE('',*,*,#3544,.T.);
#185=ORIENTED_EDGE('',*,*,#3545,.F.);
#186=ORIENTED_EDGE('',*,*,#3531,.T.);
#187=ORIENTED_EDGE('',*,*,#3545,.T.);
#188=ORIENTED_EDGE('',*,*,#3546,.F.);
#189=ORIENTED_EDGE('',*,*,#3529,.T.);
#190=ORIENTED_EDGE('',*,*,#3546,.T.);
#191=ORIENTED_EDGE('',*,*,#3547,.F.);
#192=ORIENTED_EDGE('',*,*,#3528,.T.);
#193=ORIENTED_EDGE('',*,*,#3547,.T.);
#194=ORIENTED_EDGE('',*,*,#3548,.F.);
#195=ORIENTED_EDGE('',*,*,#3527,.T.);
#196=ORIENTED_EDGE('',*,*,#3548,.T.);
#197=ORIENTED_EDGE('',*,*,#3549,.F.);
#198=ORIENTED_EDGE('',*,*,#3526,.T.);
#199=ORIENTED_EDGE('',*,*,#3549,.T.);
#200=ORIENTED_EDGE('',*,*,#3550,.F.);
#201=ORIENTED_EDGE('',*,*,#3524,.T.);
#202=ORIENTED_EDGE('',*,*,#3550,.T.);
#203=ORIENTED_EDGE('',*,*,#3551,.F.);
#204=ORIENTED_EDGE('',*,*,#3523,.T.);
#205=ORIENTED_EDGE('',*,*,#3551,.T.);
#206=ORIENTED_EDGE('',*,*,#3520,.T.);
#207=ORIENTED_EDGE('',*,*,#3516,.F.);
#208=ORIENTED_EDGE('',*,*,#3552,.F.);
#209=ORIENTED_EDGE('',*,*,#3553,.T.);
#210=ORIENTED_EDGE('',*,*,#3521,.T.);
#211=ORIENTED_EDGE('',*,*,#3553,.F.);
#212=ORIENTED_EDGE('',*,*,#3554,.F.);
#213=ORIENTED_EDGE('',*,*,#3555,.T.);
#214=ORIENTED_EDGE('',*,*,#3522,.T.);
#215=ORIENTED_EDGE('',*,*,#3555,.F.);
#216=ORIENTED_EDGE('',*,*,#3556,.F.);
#217=ORIENTED_EDGE('',*,*,#3518,.T.);
#218=ORIENTED_EDGE('',*,*,#3493,.F.);
#219=ORIENTED_EDGE('',*,*,#3519,.T.);
#220=ORIENTED_EDGE('',*,*,#3556,.T.);
#221=ORIENTED_EDGE('',*,*,#3554,.T.);
#222=ORIENTED_EDGE('',*,*,#3552,.T.);
#223=ORIENTED_EDGE('',*,*,#3515,.T.);
#224=ORIENTED_EDGE('',*,*,#3498,.T.);
#225=ORIENTED_EDGE('',*,*,#3489,.F.);
#226=ORIENTED_EDGE('',*,*,#3557,.F.);
#227=ORIENTED_EDGE('',*,*,#3558,.T.);
#228=ORIENTED_EDGE('',*,*,#3559,.F.);
#229=ORIENTED_EDGE('',*,*,#3560,.T.);
#230=ORIENTED_EDGE('',*,*,#3561,.T.);
#231=ORIENTED_EDGE('',*,*,#3562,.T.);
#232=ORIENTED_EDGE('',*,*,#3563,.F.);
#233=ORIENTED_EDGE('',*,*,#3564,.F.);
#234=ORIENTED_EDGE('',*,*,#3563,.T.);
#235=ORIENTED_EDGE('',*,*,#3565,.T.);
#236=ORIENTED_EDGE('',*,*,#3566,.F.);
#237=ORIENTED_EDGE('',*,*,#3567,.F.);
#238=ORIENTED_EDGE('',*,*,#3566,.T.);
#239=ORIENTED_EDGE('',*,*,#3568,.T.);
#240=ORIENTED_EDGE('',*,*,#3569,.F.);
#241=ORIENTED_EDGE('',*,*,#3570,.F.);
#242=ORIENTED_EDGE('',*,*,#3569,.T.);
#243=ORIENTED_EDGE('',*,*,#3571,.T.);
#244=ORIENTED_EDGE('',*,*,#3572,.F.);
#245=ORIENTED_EDGE('',*,*,#3573,.F.);
#246=ORIENTED_EDGE('',*,*,#3572,.T.);
#247=ORIENTED_EDGE('',*,*,#3574,.T.);
#248=ORIENTED_EDGE('',*,*,#3575,.F.);
#249=ORIENTED_EDGE('',*,*,#3576,.F.);
#250=ORIENTED_EDGE('',*,*,#3575,.T.);
#251=ORIENTED_EDGE('',*,*,#3577,.T.);
#252=ORIENTED_EDGE('',*,*,#3561,.F.);
#253=ORIENTED_EDGE('',*,*,#3578,.F.);
#254=ORIENTED_EDGE('',*,*,#3579,.T.);
#255=ORIENTED_EDGE('',*,*,#3580,.T.);
#256=ORIENTED_EDGE('',*,*,#3581,.F.);
#257=ORIENTED_EDGE('',*,*,#3582,.F.);
#258=ORIENTED_EDGE('',*,*,#3581,.T.);
#259=ORIENTED_EDGE('',*,*,#3583,.T.);
#260=ORIENTED_EDGE('',*,*,#3584,.F.);
#261=ORIENTED_EDGE('',*,*,#3585,.F.);
#262=ORIENTED_EDGE('',*,*,#3584,.T.);
#263=ORIENTED_EDGE('',*,*,#3586,.T.);
#264=ORIENTED_EDGE('',*,*,#3587,.F.);
#265=ORIENTED_EDGE('',*,*,#3588,.F.);
#266=ORIENTED_EDGE('',*,*,#3587,.T.);
#267=ORIENTED_EDGE('',*,*,#3589,.T.);
#268=ORIENTED_EDGE('',*,*,#3590,.F.);
#269=ORIENTED_EDGE('',*,*,#3591,.F.);
#270=ORIENTED_EDGE('',*,*,#3590,.T.);
#271=ORIENTED_EDGE('',*,*,#3592,.T.);
#272=ORIENTED_EDGE('',*,*,#3593,.F.);
#273=ORIENTED_EDGE('',*,*,#3594,.F.);
#274=ORIENTED_EDGE('',*,*,#3593,.T.);
#275=ORIENTED_EDGE('',*,*,#3595,.T.);
#276=ORIENTED_EDGE('',*,*,#3579,.F.);
#277=ORIENTED_EDGE('',*,*,#3596,.F.);
#278=ORIENTED_EDGE('',*,*,#3597,.T.);
#279=ORIENTED_EDGE('',*,*,#3598,.T.);
#280=ORIENTED_EDGE('',*,*,#3599,.F.);
#281=ORIENTED_EDGE('',*,*,#3600,.F.);
#282=ORIENTED_EDGE('',*,*,#3599,.T.);
#283=ORIENTED_EDGE('',*,*,#3601,.T.);
#284=ORIENTED_EDGE('',*,*,#3602,.F.);
#285=ORIENTED_EDGE('',*,*,#3603,.F.);
#286=ORIENTED_EDGE('',*,*,#3602,.T.);
#287=ORIENTED_EDGE('',*,*,#3604,.T.);
#288=ORIENTED_EDGE('',*,*,#3605,.F.);
#289=ORIENTED_EDGE('',*,*,#3606,.F.);
#290=ORIENTED_EDGE('',*,*,#3605,.T.);
#291=ORIENTED_EDGE('',*,*,#3607,.T.);
#292=ORIENTED_EDGE('',*,*,#3608,.F.);
#293=ORIENTED_EDGE('',*,*,#3609,.F.);
#294=ORIENTED_EDGE('',*,*,#3608,.T.);
#295=ORIENTED_EDGE('',*,*,#3610,.T.);
#296=ORIENTED_EDGE('',*,*,#3611,.F.);
#297=ORIENTED_EDGE('',*,*,#3612,.F.);
#298=ORIENTED_EDGE('',*,*,#3611,.T.);
#299=ORIENTED_EDGE('',*,*,#3613,.T.);
#300=ORIENTED_EDGE('',*,*,#3597,.F.);
#301=ORIENTED_EDGE('',*,*,#3614,.F.);
#302=ORIENTED_EDGE('',*,*,#3615,.T.);
#303=ORIENTED_EDGE('',*,*,#3616,.T.);
#304=ORIENTED_EDGE('',*,*,#3617,.F.);
#305=ORIENTED_EDGE('',*,*,#3618,.F.);
#306=ORIENTED_EDGE('',*,*,#3617,.T.);
#307=ORIENTED_EDGE('',*,*,#3619,.T.);
#308=ORIENTED_EDGE('',*,*,#3620,.F.);
#309=ORIENTED_EDGE('',*,*,#3621,.F.);
#310=ORIENTED_EDGE('',*,*,#3620,.T.);
#311=ORIENTED_EDGE('',*,*,#3622,.T.);
#312=ORIENTED_EDGE('',*,*,#3623,.F.);
#313=ORIENTED_EDGE('',*,*,#3624,.F.);
#314=ORIENTED_EDGE('',*,*,#3623,.T.);
#315=ORIENTED_EDGE('',*,*,#3625,.T.);
#316=ORIENTED_EDGE('',*,*,#3626,.F.);
#317=ORIENTED_EDGE('',*,*,#3627,.F.);
#318=ORIENTED_EDGE('',*,*,#3626,.T.);
#319=ORIENTED_EDGE('',*,*,#3628,.T.);
#320=ORIENTED_EDGE('',*,*,#3629,.F.);
#321=ORIENTED_EDGE('',*,*,#3630,.F.);
#322=ORIENTED_EDGE('',*,*,#3629,.T.);
#323=ORIENTED_EDGE('',*,*,#3631,.T.);
#324=ORIENTED_EDGE('',*,*,#3615,.F.);
#325=ORIENTED_EDGE('',*,*,#3632,.F.);
#326=ORIENTED_EDGE('',*,*,#3633,.T.);
#327=ORIENTED_EDGE('',*,*,#3634,.T.);
#328=ORIENTED_EDGE('',*,*,#3635,.F.);
#329=ORIENTED_EDGE('',*,*,#3636,.F.);
#330=ORIENTED_EDGE('',*,*,#3635,.T.);
#331=ORIENTED_EDGE('',*,*,#3637,.T.);
#332=ORIENTED_EDGE('',*,*,#3638,.F.);
#333=ORIENTED_EDGE('',*,*,#3639,.F.);
#334=ORIENTED_EDGE('',*,*,#3638,.T.);
#335=ORIENTED_EDGE('',*,*,#3640,.T.);
#336=ORIENTED_EDGE('',*,*,#3641,.F.);
#337=ORIENTED_EDGE('',*,*,#3642,.F.);
#338=ORIENTED_EDGE('',*,*,#3641,.T.);
#339=ORIENTED_EDGE('',*,*,#3643,.T.);
#340=ORIENTED_EDGE('',*,*,#3644,.F.);
#341=ORIENTED_EDGE('',*,*,#3645,.F.);
#342=ORIENTED_EDGE('',*,*,#3644,.T.);
#343=ORIENTED_EDGE('',*,*,#3646,.T.);
#344=ORIENTED_EDGE('',*,*,#3647,.F.);
#345=ORIENTED_EDGE('',*,*,#3648,.F.);
#346=ORIENTED_EDGE('',*,*,#3647,.T.);
#347=ORIENTED_EDGE('',*,*,#3649,.T.);
#348=ORIENTED_EDGE('',*,*,#3633,.F.);
#349=ORIENTED_EDGE('',*,*,#3650,.F.);
#350=ORIENTED_EDGE('',*,*,#3651,.T.);
#351=ORIENTED_EDGE('',*,*,#3652,.T.);
#352=ORIENTED_EDGE('',*,*,#3653,.F.);
#353=ORIENTED_EDGE('',*,*,#3654,.F.);
#354=ORIENTED_EDGE('',*,*,#3653,.T.);
#355=ORIENTED_EDGE('',*,*,#3655,.T.);
#356=ORIENTED_EDGE('',*,*,#3656,.F.);
#357=ORIENTED_EDGE('',*,*,#3657,.F.);
#358=ORIENTED_EDGE('',*,*,#3656,.T.);
#359=ORIENTED_EDGE('',*,*,#3658,.T.);
#360=ORIENTED_EDGE('',*,*,#3659,.F.);
#361=ORIENTED_EDGE('',*,*,#3660,.F.);
#362=ORIENTED_EDGE('',*,*,#3659,.T.);
#363=ORIENTED_EDGE('',*,*,#3661,.T.);
#364=ORIENTED_EDGE('',*,*,#3662,.F.);
#365=ORIENTED_EDGE('',*,*,#3663,.F.);
#366=ORIENTED_EDGE('',*,*,#3662,.T.);
#367=ORIENTED_EDGE('',*,*,#3664,.T.);
#368=ORIENTED_EDGE('',*,*,#3665,.F.);
#369=ORIENTED_EDGE('',*,*,#3666,.F.);
#370=ORIENTED_EDGE('',*,*,#3665,.T.);
#371=ORIENTED_EDGE('',*,*,#3667,.T.);
#372=ORIENTED_EDGE('',*,*,#3651,.F.);
#373=ORIENTED_EDGE('',*,*,#3668,.F.);
#374=ORIENTED_EDGE('',*,*,#3669,.T.);
#375=ORIENTED_EDGE('',*,*,#3670,.T.);
#376=ORIENTED_EDGE('',*,*,#3671,.F.);
#377=ORIENTED_EDGE('',*,*,#3672,.F.);
#378=ORIENTED_EDGE('',*,*,#3671,.T.);
#379=ORIENTED_EDGE('',*,*,#3673,.T.);
#380=ORIENTED_EDGE('',*,*,#3674,.F.);
#381=ORIENTED_EDGE('',*,*,#3675,.F.);
#382=ORIENTED_EDGE('',*,*,#3674,.T.);
#383=ORIENTED_EDGE('',*,*,#3676,.T.);
#384=ORIENTED_EDGE('',*,*,#3677,.F.);
#385=ORIENTED_EDGE('',*,*,#3678,.F.);
#386=ORIENTED_EDGE('',*,*,#3677,.T.);
#387=ORIENTED_EDGE('',*,*,#3679,.T.);
#388=ORIENTED_EDGE('',*,*,#3680,.F.);
#389=ORIENTED_EDGE('',*,*,#3681,.F.);
#390=ORIENTED_EDGE('',*,*,#3680,.T.);
#391=ORIENTED_EDGE('',*,*,#3682,.T.);
#392=ORIENTED_EDGE('',*,*,#3683,.F.);
#393=ORIENTED_EDGE('',*,*,#3684,.F.);
#394=ORIENTED_EDGE('',*,*,#3683,.T.);
#395=ORIENTED_EDGE('',*,*,#3685,.T.);
#396=ORIENTED_EDGE('',*,*,#3669,.F.);
#397=ORIENTED_EDGE('',*,*,#3686,.F.);
#398=ORIENTED_EDGE('',*,*,#3687,.T.);
#399=ORIENTED_EDGE('',*,*,#3688,.T.);
#400=ORIENTED_EDGE('',*,*,#3689,.F.);
#401=ORIENTED_EDGE('',*,*,#3690,.F.);
#402=ORIENTED_EDGE('',*,*,#3689,.T.);
#403=ORIENTED_EDGE('',*,*,#3691,.T.);
#404=ORIENTED_EDGE('',*,*,#3692,.F.);
#405=ORIENTED_EDGE('',*,*,#3693,.F.);
#406=ORIENTED_EDGE('',*,*,#3692,.T.);
#407=ORIENTED_EDGE('',*,*,#3694,.T.);
#408=ORIENTED_EDGE('',*,*,#3695,.F.);
#409=ORIENTED_EDGE('',*,*,#3696,.F.);
#410=ORIENTED_EDGE('',*,*,#3695,.T.);
#411=ORIENTED_EDGE('',*,*,#3697,.T.);
#412=ORIENTED_EDGE('',*,*,#3698,.F.);
#413=ORIENTED_EDGE('',*,*,#3699,.F.);
#414=ORIENTED_EDGE('',*,*,#3698,.T.);
#415=ORIENTED_EDGE('',*,*,#3700,.T.);
#416=ORIENTED_EDGE('',*,*,#3701,.F.);
#417=ORIENTED_EDGE('',*,*,#3702,.F.);
#418=ORIENTED_EDGE('',*,*,#3701,.T.);
#419=ORIENTED_EDGE('',*,*,#3703,.T.);
#420=ORIENTED_EDGE('',*,*,#3687,.F.);
#421=ORIENTED_EDGE('',*,*,#3704,.F.);
#422=ORIENTED_EDGE('',*,*,#3705,.T.);
#423=ORIENTED_EDGE('',*,*,#3706,.T.);
#424=ORIENTED_EDGE('',*,*,#3707,.F.);
#425=ORIENTED_EDGE('',*,*,#3708,.F.);
#426=ORIENTED_EDGE('',*,*,#3707,.T.);
#427=ORIENTED_EDGE('',*,*,#3709,.T.);
#428=ORIENTED_EDGE('',*,*,#3710,.F.);
#429=ORIENTED_EDGE('',*,*,#3711,.F.);
#430=ORIENTED_EDGE('',*,*,#3710,.T.);
#431=ORIENTED_EDGE('',*,*,#3712,.T.);
#432=ORIENTED_EDGE('',*,*,#3713,.F.);
#433=ORIENTED_EDGE('',*,*,#3714,.F.);
#434=ORIENTED_EDGE('',*,*,#3713,.T.);
#435=ORIENTED_EDGE('',*,*,#3715,.T.);
#436=ORIENTED_EDGE('',*,*,#3716,.F.);
#437=ORIENTED_EDGE('',*,*,#3717,.F.);
#438=ORIENTED_EDGE('',*,*,#3716,.T.);
#439=ORIENTED_EDGE('',*,*,#3718,.T.);
#440=ORIENTED_EDGE('',*,*,#3719,.F.);
#441=ORIENTED_EDGE('',*,*,#3720,.F.);
#442=ORIENTED_EDGE('',*,*,#3719,.T.);
#443=ORIENTED_EDGE('',*,*,#3721,.T.);
#444=ORIENTED_EDGE('',*,*,#3705,.F.);
#445=ORIENTED_EDGE('',*,*,#3722,.F.);
#446=ORIENTED_EDGE('',*,*,#3723,.T.);
#447=ORIENTED_EDGE('',*,*,#3724,.T.);
#448=ORIENTED_EDGE('',*,*,#3725,.F.);
#449=ORIENTED_EDGE('',*,*,#3726,.F.);
#450=ORIENTED_EDGE('',*,*,#3725,.T.);
#451=ORIENTED_EDGE('',*,*,#3727,.T.);
#452=ORIENTED_EDGE('',*,*,#3728,.F.);
#453=ORIENTED_EDGE('',*,*,#3729,.F.);
#454=ORIENTED_EDGE('',*,*,#3728,.T.);
#455=ORIENTED_EDGE('',*,*,#3730,.T.);
#456=ORIENTED_EDGE('',*,*,#3731,.F.);
#457=ORIENTED_EDGE('',*,*,#3732,.F.);
#458=ORIENTED_EDGE('',*,*,#3731,.T.);
#459=ORIENTED_EDGE('',*,*,#3733,.T.);
#460=ORIENTED_EDGE('',*,*,#3734,.F.);
#461=ORIENTED_EDGE('',*,*,#3735,.F.);
#462=ORIENTED_EDGE('',*,*,#3734,.T.);
#463=ORIENTED_EDGE('',*,*,#3736,.T.);
#464=ORIENTED_EDGE('',*,*,#3737,.F.);
#465=ORIENTED_EDGE('',*,*,#3738,.F.);
#466=ORIENTED_EDGE('',*,*,#3737,.T.);
#467=ORIENTED_EDGE('',*,*,#3739,.T.);
#468=ORIENTED_EDGE('',*,*,#3723,.F.);
#469=ORIENTED_EDGE('',*,*,#3740,.F.);
#470=ORIENTED_EDGE('',*,*,#3741,.T.);
#471=ORIENTED_EDGE('',*,*,#3742,.T.);
#472=ORIENTED_EDGE('',*,*,#3743,.F.);
#473=ORIENTED_EDGE('',*,*,#3744,.F.);
#474=ORIENTED_EDGE('',*,*,#3743,.T.);
#475=ORIENTED_EDGE('',*,*,#3745,.T.);
#476=ORIENTED_EDGE('',*,*,#3746,.F.);
#477=ORIENTED_EDGE('',*,*,#3747,.F.);
#478=ORIENTED_EDGE('',*,*,#3746,.T.);
#479=ORIENTED_EDGE('',*,*,#3748,.T.);
#480=ORIENTED_EDGE('',*,*,#3749,.F.);
#481=ORIENTED_EDGE('',*,*,#3750,.F.);
#482=ORIENTED_EDGE('',*,*,#3749,.T.);
#483=ORIENTED_EDGE('',*,*,#3751,.T.);
#484=ORIENTED_EDGE('',*,*,#3752,.F.);
#485=ORIENTED_EDGE('',*,*,#3753,.F.);
#486=ORIENTED_EDGE('',*,*,#3752,.T.);
#487=ORIENTED_EDGE('',*,*,#3754,.T.);
#488=ORIENTED_EDGE('',*,*,#3755,.F.);
#489=ORIENTED_EDGE('',*,*,#3756,.F.);
#490=ORIENTED_EDGE('',*,*,#3755,.T.);
#491=ORIENTED_EDGE('',*,*,#3757,.T.);
#492=ORIENTED_EDGE('',*,*,#3741,.F.);
#493=ORIENTED_EDGE('',*,*,#3758,.F.);
#494=ORIENTED_EDGE('',*,*,#3759,.T.);
#495=ORIENTED_EDGE('',*,*,#3760,.T.);
#496=ORIENTED_EDGE('',*,*,#3761,.F.);
#497=ORIENTED_EDGE('',*,*,#3762,.F.);
#498=ORIENTED_EDGE('',*,*,#3761,.T.);
#499=ORIENTED_EDGE('',*,*,#3763,.T.);
#500=ORIENTED_EDGE('',*,*,#3764,.F.);
#501=ORIENTED_EDGE('',*,*,#3765,.F.);
#502=ORIENTED_EDGE('',*,*,#3764,.T.);
#503=ORIENTED_EDGE('',*,*,#3766,.T.);
#504=ORIENTED_EDGE('',*,*,#3767,.F.);
#505=ORIENTED_EDGE('',*,*,#3768,.F.);
#506=ORIENTED_EDGE('',*,*,#3767,.T.);
#507=ORIENTED_EDGE('',*,*,#3769,.T.);
#508=ORIENTED_EDGE('',*,*,#3770,.F.);
#509=ORIENTED_EDGE('',*,*,#3771,.F.);
#510=ORIENTED_EDGE('',*,*,#3770,.T.);
#511=ORIENTED_EDGE('',*,*,#3772,.T.);
#512=ORIENTED_EDGE('',*,*,#3773,.F.);
#513=ORIENTED_EDGE('',*,*,#3774,.F.);
#514=ORIENTED_EDGE('',*,*,#3773,.T.);
#515=ORIENTED_EDGE('',*,*,#3775,.T.);
#516=ORIENTED_EDGE('',*,*,#3759,.F.);
#517=ORIENTED_EDGE('',*,*,#3776,.F.);
#518=ORIENTED_EDGE('',*,*,#3777,.T.);
#519=ORIENTED_EDGE('',*,*,#3778,.T.);
#520=ORIENTED_EDGE('',*,*,#3779,.F.);
#521=ORIENTED_EDGE('',*,*,#3780,.F.);
#522=ORIENTED_EDGE('',*,*,#3779,.T.);
#523=ORIENTED_EDGE('',*,*,#3781,.T.);
#524=ORIENTED_EDGE('',*,*,#3782,.F.);
#525=ORIENTED_EDGE('',*,*,#3783,.F.);
#526=ORIENTED_EDGE('',*,*,#3782,.T.);
#527=ORIENTED_EDGE('',*,*,#3784,.T.);
#528=ORIENTED_EDGE('',*,*,#3785,.F.);
#529=ORIENTED_EDGE('',*,*,#3786,.F.);
#530=ORIENTED_EDGE('',*,*,#3785,.T.);
#531=ORIENTED_EDGE('',*,*,#3787,.T.);
#532=ORIENTED_EDGE('',*,*,#3788,.F.);
#533=ORIENTED_EDGE('',*,*,#3789,.F.);
#534=ORIENTED_EDGE('',*,*,#3788,.T.);
#535=ORIENTED_EDGE('',*,*,#3790,.T.);
#536=ORIENTED_EDGE('',*,*,#3791,.F.);
#537=ORIENTED_EDGE('',*,*,#3792,.F.);
#538=ORIENTED_EDGE('',*,*,#3791,.T.);
#539=ORIENTED_EDGE('',*,*,#3793,.T.);
#540=ORIENTED_EDGE('',*,*,#3777,.F.);
#541=ORIENTED_EDGE('',*,*,#3794,.F.);
#542=ORIENTED_EDGE('',*,*,#3795,.T.);
#543=ORIENTED_EDGE('',*,*,#3796,.T.);
#544=ORIENTED_EDGE('',*,*,#3797,.F.);
#545=ORIENTED_EDGE('',*,*,#3798,.F.);
#546=ORIENTED_EDGE('',*,*,#3797,.T.);
#547=ORIENTED_EDGE('',*,*,#3799,.T.);
#548=ORIENTED_EDGE('',*,*,#3800,.F.);
#549=ORIENTED_EDGE('',*,*,#3801,.F.);
#550=ORIENTED_EDGE('',*,*,#3800,.T.);
#551=ORIENTED_EDGE('',*,*,#3802,.T.);
#552=ORIENTED_EDGE('',*,*,#3803,.F.);
#553=ORIENTED_EDGE('',*,*,#3804,.F.);
#554=ORIENTED_EDGE('',*,*,#3803,.T.);
#555=ORIENTED_EDGE('',*,*,#3805,.T.);
#556=ORIENTED_EDGE('',*,*,#3806,.F.);
#557=ORIENTED_EDGE('',*,*,#3807,.F.);
#558=ORIENTED_EDGE('',*,*,#3806,.T.);
#559=ORIENTED_EDGE('',*,*,#3808,.T.);
#560=ORIENTED_EDGE('',*,*,#3809,.F.);
#561=ORIENTED_EDGE('',*,*,#3810,.F.);
#562=ORIENTED_EDGE('',*,*,#3809,.T.);
#563=ORIENTED_EDGE('',*,*,#3811,.T.);
#564=ORIENTED_EDGE('',*,*,#3795,.F.);
#565=ORIENTED_EDGE('',*,*,#3812,.F.);
#566=ORIENTED_EDGE('',*,*,#3813,.T.);
#567=ORIENTED_EDGE('',*,*,#3814,.T.);
#568=ORIENTED_EDGE('',*,*,#3815,.F.);
#569=ORIENTED_EDGE('',*,*,#3816,.F.);
#570=ORIENTED_EDGE('',*,*,#3815,.T.);
#571=ORIENTED_EDGE('',*,*,#3817,.T.);
#572=ORIENTED_EDGE('',*,*,#3818,.F.);
#573=ORIENTED_EDGE('',*,*,#3819,.F.);
#574=ORIENTED_EDGE('',*,*,#3818,.T.);
#575=ORIENTED_EDGE('',*,*,#3820,.T.);
#576=ORIENTED_EDGE('',*,*,#3821,.F.);
#577=ORIENTED_EDGE('',*,*,#3822,.F.);
#578=ORIENTED_EDGE('',*,*,#3821,.T.);
#579=ORIENTED_EDGE('',*,*,#3823,.T.);
#580=ORIENTED_EDGE('',*,*,#3824,.F.);
#581=ORIENTED_EDGE('',*,*,#3825,.F.);
#582=ORIENTED_EDGE('',*,*,#3824,.T.);
#583=ORIENTED_EDGE('',*,*,#3826,.T.);
#584=ORIENTED_EDGE('',*,*,#3827,.F.);
#585=ORIENTED_EDGE('',*,*,#3828,.F.);
#586=ORIENTED_EDGE('',*,*,#3827,.T.);
#587=ORIENTED_EDGE('',*,*,#3829,.T.);
#588=ORIENTED_EDGE('',*,*,#3813,.F.);
#589=ORIENTED_EDGE('',*,*,#3830,.F.);
#590=ORIENTED_EDGE('',*,*,#3831,.T.);
#591=ORIENTED_EDGE('',*,*,#3832,.T.);
#592=ORIENTED_EDGE('',*,*,#3833,.F.);
#593=ORIENTED_EDGE('',*,*,#3834,.F.);
#594=ORIENTED_EDGE('',*,*,#3833,.T.);
#595=ORIENTED_EDGE('',*,*,#3835,.T.);
#596=ORIENTED_EDGE('',*,*,#3836,.F.);
#597=ORIENTED_EDGE('',*,*,#3837,.F.);
#598=ORIENTED_EDGE('',*,*,#3836,.T.);
#599=ORIENTED_EDGE('',*,*,#3838,.T.);
#600=ORIENTED_EDGE('',*,*,#3839,.F.);
#601=ORIENTED_EDGE('',*,*,#3840,.F.);
#602=ORIENTED_EDGE('',*,*,#3839,.T.);
#603=ORIENTED_EDGE('',*,*,#3841,.T.);
#604=ORIENTED_EDGE('',*,*,#3842,.F.);
#605=ORIENTED_EDGE('',*,*,#3843,.F.);
#606=ORIENTED_EDGE('',*,*,#3842,.T.);
#607=ORIENTED_EDGE('',*,*,#3844,.T.);
#608=ORIENTED_EDGE('',*,*,#3845,.F.);
#609=ORIENTED_EDGE('',*,*,#3846,.F.);
#610=ORIENTED_EDGE('',*,*,#3845,.T.);
#611=ORIENTED_EDGE('',*,*,#3847,.T.);
#612=ORIENTED_EDGE('',*,*,#3831,.F.);
#613=ORIENTED_EDGE('',*,*,#3848,.F.);
#614=ORIENTED_EDGE('',*,*,#3849,.T.);
#615=ORIENTED_EDGE('',*,*,#3850,.T.);
#616=ORIENTED_EDGE('',*,*,#3851,.F.);
#617=ORIENTED_EDGE('',*,*,#3852,.F.);
#618=ORIENTED_EDGE('',*,*,#3851,.T.);
#619=ORIENTED_EDGE('',*,*,#3853,.T.);
#620=ORIENTED_EDGE('',*,*,#3854,.F.);
#621=ORIENTED_EDGE('',*,*,#3855,.F.);
#622=ORIENTED_EDGE('',*,*,#3854,.T.);
#623=ORIENTED_EDGE('',*,*,#3856,.T.);
#624=ORIENTED_EDGE('',*,*,#3857,.F.);
#625=ORIENTED_EDGE('',*,*,#3858,.F.);
#626=ORIENTED_EDGE('',*,*,#3857,.T.);
#627=ORIENTED_EDGE('',*,*,#3859,.T.);
#628=ORIENTED_EDGE('',*,*,#3860,.F.);
#629=ORIENTED_EDGE('',*,*,#3861,.F.);
#630=ORIENTED_EDGE('',*,*,#3860,.T.);
#631=ORIENTED_EDGE('',*,*,#3862,.T.);
#632=ORIENTED_EDGE('',*,*,#3863,.F.);
#633=ORIENTED_EDGE('',*,*,#3864,.F.);
#634=ORIENTED_EDGE('',*,*,#3863,.T.);
#635=ORIENTED_EDGE('',*,*,#3865,.T.);
#636=ORIENTED_EDGE('',*,*,#3849,.F.);
#637=ORIENTED_EDGE('',*,*,#3866,.F.);
#638=ORIENTED_EDGE('',*,*,#3867,.T.);
#639=ORIENTED_EDGE('',*,*,#3868,.T.);
#640=ORIENTED_EDGE('',*,*,#3869,.F.);
#641=ORIENTED_EDGE('',*,*,#3870,.F.);
#642=ORIENTED_EDGE('',*,*,#3869,.T.);
#643=ORIENTED_EDGE('',*,*,#3871,.T.);
#644=ORIENTED_EDGE('',*,*,#3872,.F.);
#645=ORIENTED_EDGE('',*,*,#3873,.F.);
#646=ORIENTED_EDGE('',*,*,#3872,.T.);
#647=ORIENTED_EDGE('',*,*,#3874,.T.);
#648=ORIENTED_EDGE('',*,*,#3875,.F.);
#649=ORIENTED_EDGE('',*,*,#3876,.F.);
#650=ORIENTED_EDGE('',*,*,#3875,.T.);
#651=ORIENTED_EDGE('',*,*,#3877,.T.);
#652=ORIENTED_EDGE('',*,*,#3878,.F.);
#653=ORIENTED_EDGE('',*,*,#3879,.F.);
#654=ORIENTED_EDGE('',*,*,#3878,.T.);
#655=ORIENTED_EDGE('',*,*,#3880,.T.);
#656=ORIENTED_EDGE('',*,*,#3881,.F.);
#657=ORIENTED_EDGE('',*,*,#3882,.F.);
#658=ORIENTED_EDGE('',*,*,#3881,.T.);
#659=ORIENTED_EDGE('',*,*,#3883,.T.);
#660=ORIENTED_EDGE('',*,*,#3867,.F.);
#661=ORIENTED_EDGE('',*,*,#3884,.F.);
#662=ORIENTED_EDGE('',*,*,#3885,.T.);
#663=ORIENTED_EDGE('',*,*,#3886,.T.);
#664=ORIENTED_EDGE('',*,*,#3887,.F.);
#665=ORIENTED_EDGE('',*,*,#3888,.F.);
#666=ORIENTED_EDGE('',*,*,#3887,.T.);
#667=ORIENTED_EDGE('',*,*,#3889,.T.);
#668=ORIENTED_EDGE('',*,*,#3890,.F.);
#669=ORIENTED_EDGE('',*,*,#3891,.F.);
#670=ORIENTED_EDGE('',*,*,#3890,.T.);
#671=ORIENTED_EDGE('',*,*,#3892,.T.);
#672=ORIENTED_EDGE('',*,*,#3893,.F.);
#673=ORIENTED_EDGE('',*,*,#3894,.F.);
#674=ORIENTED_EDGE('',*,*,#3893,.T.);
#675=ORIENTED_EDGE('',*,*,#3895,.T.);
#676=ORIENTED_EDGE('',*,*,#3896,.F.);
#677=ORIENTED_EDGE('',*,*,#3897,.F.);
#678=ORIENTED_EDGE('',*,*,#3896,.T.);
#679=ORIENTED_EDGE('',*,*,#3898,.T.);
#680=ORIENTED_EDGE('',*,*,#3899,.F.);
#681=ORIENTED_EDGE('',*,*,#3900,.F.);
#682=ORIENTED_EDGE('',*,*,#3899,.T.);
#683=ORIENTED_EDGE('',*,*,#3901,.T.);
#684=ORIENTED_EDGE('',*,*,#3885,.F.);
#685=ORIENTED_EDGE('',*,*,#3902,.F.);
#686=ORIENTED_EDGE('',*,*,#3903,.T.);
#687=ORIENTED_EDGE('',*,*,#3904,.T.);
#688=ORIENTED_EDGE('',*,*,#3905,.F.);
#689=ORIENTED_EDGE('',*,*,#3906,.F.);
#690=ORIENTED_EDGE('',*,*,#3905,.T.);
#691=ORIENTED_EDGE('',*,*,#3907,.T.);
#692=ORIENTED_EDGE('',*,*,#3908,.F.);
#693=ORIENTED_EDGE('',*,*,#3909,.F.);
#694=ORIENTED_EDGE('',*,*,#3908,.T.);
#695=ORIENTED_EDGE('',*,*,#3910,.T.);
#696=ORIENTED_EDGE('',*,*,#3911,.F.);
#697=ORIENTED_EDGE('',*,*,#3912,.F.);
#698=ORIENTED_EDGE('',*,*,#3911,.T.);
#699=ORIENTED_EDGE('',*,*,#3913,.T.);
#700=ORIENTED_EDGE('',*,*,#3914,.F.);
#701=ORIENTED_EDGE('',*,*,#3915,.F.);
#702=ORIENTED_EDGE('',*,*,#3914,.T.);
#703=ORIENTED_EDGE('',*,*,#3916,.T.);
#704=ORIENTED_EDGE('',*,*,#3917,.F.);
#705=ORIENTED_EDGE('',*,*,#3918,.F.);
#706=ORIENTED_EDGE('',*,*,#3917,.T.);
#707=ORIENTED_EDGE('',*,*,#3919,.T.);
#708=ORIENTED_EDGE('',*,*,#3903,.F.);
#709=ORIENTED_EDGE('',*,*,#3920,.F.);
#710=ORIENTED_EDGE('',*,*,#3921,.T.);
#711=ORIENTED_EDGE('',*,*,#3922,.T.);
#712=ORIENTED_EDGE('',*,*,#3923,.F.);
#713=ORIENTED_EDGE('',*,*,#3924,.F.);
#714=ORIENTED_EDGE('',*,*,#3923,.T.);
#715=ORIENTED_EDGE('',*,*,#3925,.T.);
#716=ORIENTED_EDGE('',*,*,#3926,.F.);
#717=ORIENTED_EDGE('',*,*,#3927,.F.);
#718=ORIENTED_EDGE('',*,*,#3926,.T.);
#719=ORIENTED_EDGE('',*,*,#3928,.T.);
#720=ORIENTED_EDGE('',*,*,#3929,.F.);
#721=ORIENTED_EDGE('',*,*,#3930,.F.);
#722=ORIENTED_EDGE('',*,*,#3929,.T.);
#723=ORIENTED_EDGE('',*,*,#3931,.T.);
#724=ORIENTED_EDGE('',*,*,#3932,.F.);
#725=ORIENTED_EDGE('',*,*,#3933,.F.);
#726=ORIENTED_EDGE('',*,*,#3932,.T.);
#727=ORIENTED_EDGE('',*,*,#3934,.T.);
#728=ORIENTED_EDGE('',*,*,#3935,.F.);
#729=ORIENTED_EDGE('',*,*,#3936,.F.);
#730=ORIENTED_EDGE('',*,*,#3935,.T.);
#731=ORIENTED_EDGE('',*,*,#3937,.T.);
#732=ORIENTED_EDGE('',*,*,#3921,.F.);
#733=ORIENTED_EDGE('',*,*,#3938,.F.);
#734=ORIENTED_EDGE('',*,*,#3939,.T.);
#735=ORIENTED_EDGE('',*,*,#3940,.T.);
#736=ORIENTED_EDGE('',*,*,#3941,.F.);
#737=ORIENTED_EDGE('',*,*,#3942,.F.);
#738=ORIENTED_EDGE('',*,*,#3941,.T.);
#739=ORIENTED_EDGE('',*,*,#3943,.T.);
#740=ORIENTED_EDGE('',*,*,#3944,.F.);
#741=ORIENTED_EDGE('',*,*,#3945,.F.);
#742=ORIENTED_EDGE('',*,*,#3944,.T.);
#743=ORIENTED_EDGE('',*,*,#3946,.T.);
#744=ORIENTED_EDGE('',*,*,#3947,.F.);
#745=ORIENTED_EDGE('',*,*,#3948,.F.);
#746=ORIENTED_EDGE('',*,*,#3947,.T.);
#747=ORIENTED_EDGE('',*,*,#3949,.T.);
#748=ORIENTED_EDGE('',*,*,#3950,.F.);
#749=ORIENTED_EDGE('',*,*,#3951,.F.);
#750=ORIENTED_EDGE('',*,*,#3950,.T.);
#751=ORIENTED_EDGE('',*,*,#3952,.T.);
#752=ORIENTED_EDGE('',*,*,#3953,.F.);
#753=ORIENTED_EDGE('',*,*,#3954,.F.);
#754=ORIENTED_EDGE('',*,*,#3953,.T.);
#755=ORIENTED_EDGE('',*,*,#3955,.T.);
#756=ORIENTED_EDGE('',*,*,#3939,.F.);
#757=ORIENTED_EDGE('',*,*,#3956,.F.);
#758=ORIENTED_EDGE('',*,*,#3957,.T.);
#759=ORIENTED_EDGE('',*,*,#3958,.T.);
#760=ORIENTED_EDGE('',*,*,#3959,.F.);
#761=ORIENTED_EDGE('',*,*,#3960,.F.);
#762=ORIENTED_EDGE('',*,*,#3959,.T.);
#763=ORIENTED_EDGE('',*,*,#3961,.T.);
#764=ORIENTED_EDGE('',*,*,#3962,.F.);
#765=ORIENTED_EDGE('',*,*,#3963,.F.);
#766=ORIENTED_EDGE('',*,*,#3962,.T.);
#767=ORIENTED_EDGE('',*,*,#3964,.T.);
#768=ORIENTED_EDGE('',*,*,#3965,.F.);
#769=ORIENTED_EDGE('',*,*,#3966,.F.);
#770=ORIENTED_EDGE('',*,*,#3965,.T.);
#771=ORIENTED_EDGE('',*,*,#3967,.T.);
#772=ORIENTED_EDGE('',*,*,#3968,.F.);
#773=ORIENTED_EDGE('',*,*,#3969,.F.);
#774=ORIENTED_EDGE('',*,*,#3968,.T.);
#775=ORIENTED_EDGE('',*,*,#3970,.T.);
#776=ORIENTED_EDGE('',*,*,#3971,.F.);
#777=ORIENTED_EDGE('',*,*,#3972,.F.);
#778=ORIENTED_EDGE('',*,*,#3971,.T.);
#779=ORIENTED_EDGE('',*,*,#3973,.T.);
#780=ORIENTED_EDGE('',*,*,#3957,.F.);
#781=ORIENTED_EDGE('',*,*,#3974,.F.);
#782=ORIENTED_EDGE('',*,*,#3975,.T.);
#783=ORIENTED_EDGE('',*,*,#3976,.T.);
#784=ORIENTED_EDGE('',*,*,#3977,.F.);
#785=ORIENTED_EDGE('',*,*,#3978,.F.);
#786=ORIENTED_EDGE('',*,*,#3977,.T.);
#787=ORIENTED_EDGE('',*,*,#3979,.T.);
#788=ORIENTED_EDGE('',*,*,#3980,.F.);
#789=ORIENTED_EDGE('',*,*,#3981,.F.);
#790=ORIENTED_EDGE('',*,*,#3980,.T.);
#791=ORIENTED_EDGE('',*,*,#3982,.T.);
#792=ORIENTED_EDGE('',*,*,#3983,.F.);
#793=ORIENTED_EDGE('',*,*,#3984,.F.);
#794=ORIENTED_EDGE('',*,*,#3983,.T.);
#795=ORIENTED_EDGE('',*,*,#3985,.T.);
#796=ORIENTED_EDGE('',*,*,#3986,.F.);
#797=ORIENTED_EDGE('',*,*,#3987,.F.);
#798=ORIENTED_EDGE('',*,*,#3986,.T.);
#799=ORIENTED_EDGE('',*,*,#3988,.T.);
#800=ORIENTED_EDGE('',*,*,#3989,.F.);
#801=ORIENTED_EDGE('',*,*,#3990,.F.);
#802=ORIENTED_EDGE('',*,*,#3989,.T.);
#803=ORIENTED_EDGE('',*,*,#3991,.T.);
#804=ORIENTED_EDGE('',*,*,#3975,.F.);
#805=ORIENTED_EDGE('',*,*,#3992,.F.);
#806=ORIENTED_EDGE('',*,*,#3993,.T.);
#807=ORIENTED_EDGE('',*,*,#3994,.T.);
#808=ORIENTED_EDGE('',*,*,#3995,.F.);
#809=ORIENTED_EDGE('',*,*,#3996,.F.);
#810=ORIENTED_EDGE('',*,*,#3995,.T.);
#811=ORIENTED_EDGE('',*,*,#3997,.T.);
#812=ORIENTED_EDGE('',*,*,#3998,.F.);
#813=ORIENTED_EDGE('',*,*,#3999,.F.);
#814=ORIENTED_EDGE('',*,*,#3998,.T.);
#815=ORIENTED_EDGE('',*,*,#4000,.T.);
#816=ORIENTED_EDGE('',*,*,#4001,.F.);
#817=ORIENTED_EDGE('',*,*,#4002,.F.);
#818=ORIENTED_EDGE('',*,*,#4001,.T.);
#819=ORIENTED_EDGE('',*,*,#4003,.T.);
#820=ORIENTED_EDGE('',*,*,#4004,.F.);
#821=ORIENTED_EDGE('',*,*,#4005,.F.);
#822=ORIENTED_EDGE('',*,*,#4004,.T.);
#823=ORIENTED_EDGE('',*,*,#4006,.T.);
#824=ORIENTED_EDGE('',*,*,#4007,.F.);
#825=ORIENTED_EDGE('',*,*,#4008,.F.);
#826=ORIENTED_EDGE('',*,*,#4007,.T.);
#827=ORIENTED_EDGE('',*,*,#4009,.T.);
#828=ORIENTED_EDGE('',*,*,#3993,.F.);
#829=ORIENTED_EDGE('',*,*,#4010,.F.);
#830=ORIENTED_EDGE('',*,*,#4011,.T.);
#831=ORIENTED_EDGE('',*,*,#4012,.T.);
#832=ORIENTED_EDGE('',*,*,#4013,.F.);
#833=ORIENTED_EDGE('',*,*,#4014,.F.);
#834=ORIENTED_EDGE('',*,*,#4013,.T.);
#835=ORIENTED_EDGE('',*,*,#4015,.T.);
#836=ORIENTED_EDGE('',*,*,#4016,.F.);
#837=ORIENTED_EDGE('',*,*,#4017,.F.);
#838=ORIENTED_EDGE('',*,*,#4016,.T.);
#839=ORIENTED_EDGE('',*,*,#4018,.T.);
#840=ORIENTED_EDGE('',*,*,#4019,.F.);
#841=ORIENTED_EDGE('',*,*,#4020,.F.);
#842=ORIENTED_EDGE('',*,*,#4019,.T.);
#843=ORIENTED_EDGE('',*,*,#4021,.T.);
#844=ORIENTED_EDGE('',*,*,#4022,.F.);
#845=ORIENTED_EDGE('',*,*,#4023,.F.);
#846=ORIENTED_EDGE('',*,*,#4022,.T.);
#847=ORIENTED_EDGE('',*,*,#4024,.T.);
#848=ORIENTED_EDGE('',*,*,#4025,.F.);
#849=ORIENTED_EDGE('',*,*,#4026,.F.);
#850=ORIENTED_EDGE('',*,*,#4025,.T.);
#851=ORIENTED_EDGE('',*,*,#4027,.T.);
#852=ORIENTED_EDGE('',*,*,#4011,.F.);
#853=ORIENTED_EDGE('',*,*,#4028,.F.);
#854=ORIENTED_EDGE('',*,*,#4029,.T.);
#855=ORIENTED_EDGE('',*,*,#4030,.T.);
#856=ORIENTED_EDGE('',*,*,#4031,.F.);
#857=ORIENTED_EDGE('',*,*,#4032,.F.);
#858=ORIENTED_EDGE('',*,*,#4031,.T.);
#859=ORIENTED_EDGE('',*,*,#4033,.T.);
#860=ORIENTED_EDGE('',*,*,#4034,.F.);
#861=ORIENTED_EDGE('',*,*,#4035,.F.);
#862=ORIENTED_EDGE('',*,*,#4034,.T.);
#863=ORIENTED_EDGE('',*,*,#4036,.T.);
#864=ORIENTED_EDGE('',*,*,#4037,.F.);
#865=ORIENTED_EDGE('',*,*,#4038,.F.);
#866=ORIENTED_EDGE('',*,*,#4037,.T.);
#867=ORIENTED_EDGE('',*,*,#4039,.T.);
#868=ORIENTED_EDGE('',*,*,#4040,.F.);
#869=ORIENTED_EDGE('',*,*,#4041,.F.);
#870=ORIENTED_EDGE('',*,*,#4040,.T.);
#871=ORIENTED_EDGE('',*,*,#4042,.T.);
#872=ORIENTED_EDGE('',*,*,#4043,.F.);
#873=ORIENTED_EDGE('',*,*,#4044,.F.);
#874=ORIENTED_EDGE('',*,*,#4043,.T.);
#875=ORIENTED_EDGE('',*,*,#4045,.T.);
#876=ORIENTED_EDGE('',*,*,#4029,.F.);
#877=ORIENTED_EDGE('',*,*,#4046,.F.);
#878=ORIENTED_EDGE('',*,*,#4047,.T.);
#879=ORIENTED_EDGE('',*,*,#4048,.T.);
#880=ORIENTED_EDGE('',*,*,#4049,.F.);
#881=ORIENTED_EDGE('',*,*,#4050,.F.);
#882=ORIENTED_EDGE('',*,*,#4049,.T.);
#883=ORIENTED_EDGE('',*,*,#4051,.T.);
#884=ORIENTED_EDGE('',*,*,#4052,.F.);
#885=ORIENTED_EDGE('',*,*,#4053,.F.);
#886=ORIENTED_EDGE('',*,*,#4052,.T.);
#887=ORIENTED_EDGE('',*,*,#4054,.T.);
#888=ORIENTED_EDGE('',*,*,#4055,.F.);
#889=ORIENTED_EDGE('',*,*,#4056,.F.);
#890=ORIENTED_EDGE('',*,*,#4055,.T.);
#891=ORIENTED_EDGE('',*,*,#4057,.T.);
#892=ORIENTED_EDGE('',*,*,#4058,.F.);
#893=ORIENTED_EDGE('',*,*,#4059,.F.);
#894=ORIENTED_EDGE('',*,*,#4058,.T.);
#895=ORIENTED_EDGE('',*,*,#4060,.T.);
#896=ORIENTED_EDGE('',*,*,#4061,.F.);
#897=ORIENTED_EDGE('',*,*,#4062,.F.);
#898=ORIENTED_EDGE('',*,*,#4061,.T.);
#899=ORIENTED_EDGE('',*,*,#4063,.T.);
#900=ORIENTED_EDGE('',*,*,#4047,.F.);
#901=ORIENTED_EDGE('',*,*,#4064,.F.);
#902=ORIENTED_EDGE('',*,*,#4065,.T.);
#903=ORIENTED_EDGE('',*,*,#4066,.T.);
#904=ORIENTED_EDGE('',*,*,#4067,.F.);
#905=ORIENTED_EDGE('',*,*,#4068,.F.);
#906=ORIENTED_EDGE('',*,*,#4067,.T.);
#907=ORIENTED_EDGE('',*,*,#4069,.T.);
#908=ORIENTED_EDGE('',*,*,#4070,.F.);
#909=ORIENTED_EDGE('',*,*,#4071,.F.);
#910=ORIENTED_EDGE('',*,*,#4070,.T.);
#911=ORIENTED_EDGE('',*,*,#4072,.T.);
#912=ORIENTED_EDGE('',*,*,#4073,.F.);
#913=ORIENTED_EDGE('',*,*,#4074,.F.);
#914=ORIENTED_EDGE('',*,*,#4073,.T.);
#915=ORIENTED_EDGE('',*,*,#4075,.T.);
#916=ORIENTED_EDGE('',*,*,#4076,.F.);
#917=ORIENTED_EDGE('',*,*,#4077,.F.);
#918=ORIENTED_EDGE('',*,*,#4076,.T.);
#919=ORIENTED_EDGE('',*,*,#4078,.T.);
#920=ORIENTED_EDGE('',*,*,#4079,.F.);
#921=ORIENTED_EDGE('',*,*,#4080,.F.);
#922=ORIENTED_EDGE('',*,*,#4079,.T.);
#923=ORIENTED_EDGE('',*,*,#4081,.T.);
#924=ORIENTED_EDGE('',*,*,#4065,.F.);
#925=ORIENTED_EDGE('',*,*,#4082,.F.);
#926=ORIENTED_EDGE('',*,*,#4083,.T.);
#927=ORIENTED_EDGE('',*,*,#4084,.T.);
#928=ORIENTED_EDGE('',*,*,#4085,.F.);
#929=ORIENTED_EDGE('',*,*,#4086,.F.);
#930=ORIENTED_EDGE('',*,*,#4085,.T.);
#931=ORIENTED_EDGE('',*,*,#4087,.T.);
#932=ORIENTED_EDGE('',*,*,#4088,.F.);
#933=ORIENTED_EDGE('',*,*,#4089,.F.);
#934=ORIENTED_EDGE('',*,*,#4088,.T.);
#935=ORIENTED_EDGE('',*,*,#4090,.T.);
#936=ORIENTED_EDGE('',*,*,#4091,.F.);
#937=ORIENTED_EDGE('',*,*,#4092,.F.);
#938=ORIENTED_EDGE('',*,*,#4091,.T.);
#939=ORIENTED_EDGE('',*,*,#4093,.T.);
#940=ORIENTED_EDGE('',*,*,#4094,.F.);
#941=ORIENTED_EDGE('',*,*,#4095,.F.);
#942=ORIENTED_EDGE('',*,*,#4094,.T.);
#943=ORIENTED_EDGE('',*,*,#4096,.T.);
#944=ORIENTED_EDGE('',*,*,#4097,.F.);
#945=ORIENTED_EDGE('',*,*,#4098,.F.);
#946=ORIENTED_EDGE('',*,*,#4097,.T.);
#947=ORIENTED_EDGE('',*,*,#4099,.T.);
#948=ORIENTED_EDGE('',*,*,#4083,.F.);
#949=ORIENTED_EDGE('',*,*,#4100,.F.);
#950=ORIENTED_EDGE('',*,*,#4101,.T.);
#951=ORIENTED_EDGE('',*,*,#4102,.T.);
#952=ORIENTED_EDGE('',*,*,#4103,.F.);
#953=ORIENTED_EDGE('',*,*,#4104,.F.);
#954=ORIENTED_EDGE('',*,*,#4103,.T.);
#955=ORIENTED_EDGE('',*,*,#4105,.T.);
#956=ORIENTED_EDGE('',*,*,#4106,.F.);
#957=ORIENTED_EDGE('',*,*,#4107,.F.);
#958=ORIENTED_EDGE('',*,*,#4106,.T.);
#959=ORIENTED_EDGE('',*,*,#4108,.T.);
#960=ORIENTED_EDGE('',*,*,#4109,.F.);
#961=ORIENTED_EDGE('',*,*,#4110,.F.);
#962=ORIENTED_EDGE('',*,*,#4109,.T.);
#963=ORIENTED_EDGE('',*,*,#4111,.T.);
#964=ORIENTED_EDGE('',*,*,#4112,.F.);
#965=ORIENTED_EDGE('',*,*,#4113,.F.);
#966=ORIENTED_EDGE('',*,*,#4112,.T.);
#967=ORIENTED_EDGE('',*,*,#4114,.T.);
#968=ORIENTED_EDGE('',*,*,#4115,.F.);
#969=ORIENTED_EDGE('',*,*,#4116,.F.);
#970=ORIENTED_EDGE('',*,*,#4115,.T.);
#971=ORIENTED_EDGE('',*,*,#4117,.T.);
#972=ORIENTED_EDGE('',*,*,#4101,.F.);
#973=ORIENTED_EDGE('',*,*,#4118,.F.);
#974=ORIENTED_EDGE('',*,*,#4119,.T.);
#975=ORIENTED_EDGE('',*,*,#4120,.T.);
#976=ORIENTED_EDGE('',*,*,#4121,.F.);
#977=ORIENTED_EDGE('',*,*,#4122,.F.);
#978=ORIENTED_EDGE('',*,*,#4121,.T.);
#979=ORIENTED_EDGE('',*,*,#4123,.T.);
#980=ORIENTED_EDGE('',*,*,#4124,.F.);
#981=ORIENTED_EDGE('',*,*,#4125,.F.);
#982=ORIENTED_EDGE('',*,*,#4124,.T.);
#983=ORIENTED_EDGE('',*,*,#4126,.T.);
#984=ORIENTED_EDGE('',*,*,#4127,.F.);
#985=ORIENTED_EDGE('',*,*,#4128,.F.);
#986=ORIENTED_EDGE('',*,*,#4127,.T.);
#987=ORIENTED_EDGE('',*,*,#4129,.T.);
#988=ORIENTED_EDGE('',*,*,#4130,.F.);
#989=ORIENTED_EDGE('',*,*,#4131,.F.);
#990=ORIENTED_EDGE('',*,*,#4130,.T.);
#991=ORIENTED_EDGE('',*,*,#4132,.T.);
#992=ORIENTED_EDGE('',*,*,#4133,.F.);
#993=ORIENTED_EDGE('',*,*,#4134,.F.);
#994=ORIENTED_EDGE('',*,*,#4133,.T.);
#995=ORIENTED_EDGE('',*,*,#4135,.T.);
#996=ORIENTED_EDGE('',*,*,#4119,.F.);
#997=ORIENTED_EDGE('',*,*,#4136,.F.);
#998=ORIENTED_EDGE('',*,*,#4137,.T.);
#999=ORIENTED_EDGE('',*,*,#4138,.T.);
#1000=ORIENTED_EDGE('',*,*,#4139,.F.);
#1001=ORIENTED_EDGE('',*,*,#4140,.F.);
#1002=ORIENTED_EDGE('',*,*,#4139,.T.);
#1003=ORIENTED_EDGE('',*,*,#4141,.T.);
#1004=ORIENTED_EDGE('',*,*,#4142,.F.);
#1005=ORIENTED_EDGE('',*,*,#4143,.F.);
#1006=ORIENTED_EDGE('',*,*,#4142,.T.);
#1007=ORIENTED_EDGE('',*,*,#4144,.T.);
#1008=ORIENTED_EDGE('',*,*,#4145,.F.);
#1009=ORIENTED_EDGE('',*,*,#4146,.F.);
#1010=ORIENTED_EDGE('',*,*,#4145,.T.);
#1011=ORIENTED_EDGE('',*,*,#4147,.T.);
#1012=ORIENTED_EDGE('',*,*,#4148,.F.);
#1013=ORIENTED_EDGE('',*,*,#4149,.F.);
#1014=ORIENTED_EDGE('',*,*,#4148,.T.);
#1015=ORIENTED_EDGE('',*,*,#4150,.T.);
#1016=ORIENTED_EDGE('',*,*,#4151,.F.);
#1017=ORIENTED_EDGE('',*,*,#4152,.F.);
#1018=ORIENTED_EDGE('',*,*,#4151,.T.);
#1019=ORIENTED_EDGE('',*,*,#4153,.T.);
#1020=ORIENTED_EDGE('',*,*,#4137,.F.);
#1021=ORIENTED_EDGE('',*,*,#4154,.F.);
#1022=ORIENTED_EDGE('',*,*,#4155,.T.);
#1023=ORIENTED_EDGE('',*,*,#4156,.T.);
#1024=ORIENTED_EDGE('',*,*,#4157,.F.);
#1025=ORIENTED_EDGE('',*,*,#4158,.F.);
#1026=ORIENTED_EDGE('',*,*,#4157,.T.);
#1027=ORIENTED_EDGE('',*,*,#4159,.T.);
#1028=ORIENTED_EDGE('',*,*,#4160,.F.);
#1029=ORIENTED_EDGE('',*,*,#4161,.F.);
#1030=ORIENTED_EDGE('',*,*,#4160,.T.);
#1031=ORIENTED_EDGE('',*,*,#4162,.T.);
#1032=ORIENTED_EDGE('',*,*,#4163,.F.);
#1033=ORIENTED_EDGE('',*,*,#4164,.F.);
#1034=ORIENTED_EDGE('',*,*,#4163,.T.);
#1035=ORIENTED_EDGE('',*,*,#4165,.T.);
#1036=ORIENTED_EDGE('',*,*,#4166,.F.);
#1037=ORIENTED_EDGE('',*,*,#4167,.F.);
#1038=ORIENTED_EDGE('',*,*,#4166,.T.);
#1039=ORIENTED_EDGE('',*,*,#4168,.T.);
#1040=ORIENTED_EDGE('',*,*,#4169,.F.);
#1041=ORIENTED_EDGE('',*,*,#4170,.F.);
#1042=ORIENTED_EDGE('',*,*,#4169,.T.);
#1043=ORIENTED_EDGE('',*,*,#4171,.T.);
#1044=ORIENTED_EDGE('',*,*,#4155,.F.);
#1045=ORIENTED_EDGE('',*,*,#4172,.F.);
#1046=ORIENTED_EDGE('',*,*,#4173,.T.);
#1047=ORIENTED_EDGE('',*,*,#4174,.T.);
#1048=ORIENTED_EDGE('',*,*,#4175,.F.);
#1049=ORIENTED_EDGE('',*,*,#4176,.F.);
#1050=ORIENTED_EDGE('',*,*,#4175,.T.);
#1051=ORIENTED_EDGE('',*,*,#4177,.T.);
#1052=ORIENTED_EDGE('',*,*,#4178,.F.);
#1053=ORIENTED_EDGE('',*,*,#4179,.F.);
#1054=ORIENTED_EDGE('',*,*,#4178,.T.);
#1055=ORIENTED_EDGE('',*,*,#4180,.T.);
#1056=ORIENTED_EDGE('',*,*,#4181,.F.);
#1057=ORIENTED_EDGE('',*,*,#4182,.F.);
#1058=ORIENTED_EDGE('',*,*,#4181,.T.);
#1059=ORIENTED_EDGE('',*,*,#4183,.T.);
#1060=ORIENTED_EDGE('',*,*,#4184,.F.);
#1061=ORIENTED_EDGE('',*,*,#4185,.F.);
#1062=ORIENTED_EDGE('',*,*,#4184,.T.);
#1063=ORIENTED_EDGE('',*,*,#4186,.T.);
#1064=ORIENTED_EDGE('',*,*,#4187,.F.);
#1065=ORIENTED_EDGE('',*,*,#4188,.F.);
#1066=ORIENTED_EDGE('',*,*,#4187,.T.);
#1067=ORIENTED_EDGE('',*,*,#4189,.T.);
#1068=ORIENTED_EDGE('',*,*,#4173,.F.);
#1069=ORIENTED_EDGE('',*,*,#4190,.F.);
#1070=ORIENTED_EDGE('',*,*,#4191,.T.);
#1071=ORIENTED_EDGE('',*,*,#4192,.T.);
#1072=ORIENTED_EDGE('',*,*,#4193,.F.);
#1073=ORIENTED_EDGE('',*,*,#4194,.F.);
#1074=ORIENTED_EDGE('',*,*,#4193,.T.);
#1075=ORIENTED_EDGE('',*,*,#4195,.T.);
#1076=ORIENTED_EDGE('',*,*,#4196,.F.);
#1077=ORIENTED_EDGE('',*,*,#4197,.F.);
#1078=ORIENTED_EDGE('',*,*,#4196,.T.);
#1079=ORIENTED_EDGE('',*,*,#4198,.T.);
#1080=ORIENTED_EDGE('',*,*,#4199,.F.);
#1081=ORIENTED_EDGE('',*,*,#4200,.F.);
#1082=ORIENTED_EDGE('',*,*,#4199,.T.);
#1083=ORIENTED_EDGE('',*,*,#4201,.T.);
#1084=ORIENTED_EDGE('',*,*,#4202,.F.);
#1085=ORIENTED_EDGE('',*,*,#4203,.F.);
#1086=ORIENTED_EDGE('',*,*,#4202,.T.);
#1087=ORIENTED_EDGE('',*,*,#4204,.T.);
#1088=ORIENTED_EDGE('',*,*,#4205,.F.);
#1089=ORIENTED_EDGE('',*,*,#4206,.F.);
#1090=ORIENTED_EDGE('',*,*,#4205,.T.);
#1091=ORIENTED_EDGE('',*,*,#4207,.T.);
#1092=ORIENTED_EDGE('',*,*,#4191,.F.);
#1093=ORIENTED_EDGE('',*,*,#4208,.F.);
#1094=ORIENTED_EDGE('',*,*,#4209,.T.);
#1095=ORIENTED_EDGE('',*,*,#4210,.T.);
#1096=ORIENTED_EDGE('',*,*,#4211,.F.);
#1097=ORIENTED_EDGE('',*,*,#4212,.F.);
#1098=ORIENTED_EDGE('',*,*,#4211,.T.);
#1099=ORIENTED_EDGE('',*,*,#4213,.T.);
#1100=ORIENTED_EDGE('',*,*,#4214,.F.);
#1101=ORIENTED_EDGE('',*,*,#4215,.F.);
#1102=ORIENTED_EDGE('',*,*,#4214,.T.);
#1103=ORIENTED_EDGE('',*,*,#4216,.T.);
#1104=ORIENTED_EDGE('',*,*,#4217,.F.);
#1105=ORIENTED_EDGE('',*,*,#4218,.F.);
#1106=ORIENTED_EDGE('',*,*,#4217,.T.);
#1107=ORIENTED_EDGE('',*,*,#4219,.T.);
#1108=ORIENTED_EDGE('',*,*,#4220,.F.);
#1109=ORIENTED_EDGE('',*,*,#4221,.F.);
#1110=ORIENTED_EDGE('',*,*,#4220,.T.);
#1111=ORIENTED_EDGE('',*,*,#4222,.T.);
#1112=ORIENTED_EDGE('',*,*,#4223,.F.);
#1113=ORIENTED_EDGE('',*,*,#4224,.F.);
#1114=ORIENTED_EDGE('',*,*,#4223,.T.);
#1115=ORIENTED_EDGE('',*,*,#4225,.T.);
#1116=ORIENTED_EDGE('',*,*,#4209,.F.);
#1117=ORIENTED_EDGE('',*,*,#4226,.F.);
#1118=ORIENTED_EDGE('',*,*,#4227,.T.);
#1119=ORIENTED_EDGE('',*,*,#4228,.T.);
#1120=ORIENTED_EDGE('',*,*,#4229,.F.);
#1121=ORIENTED_EDGE('',*,*,#4230,.F.);
#1122=ORIENTED_EDGE('',*,*,#4229,.T.);
#1123=ORIENTED_EDGE('',*,*,#4231,.T.);
#1124=ORIENTED_EDGE('',*,*,#4232,.F.);
#1125=ORIENTED_EDGE('',*,*,#4233,.F.);
#1126=ORIENTED_EDGE('',*,*,#4232,.T.);
#1127=ORIENTED_EDGE('',*,*,#4234,.T.);
#1128=ORIENTED_EDGE('',*,*,#4235,.F.);
#1129=ORIENTED_EDGE('',*,*,#4236,.F.);
#1130=ORIENTED_EDGE('',*,*,#4235,.T.);
#1131=ORIENTED_EDGE('',*,*,#4237,.T.);
#1132=ORIENTED_EDGE('',*,*,#4238,.F.);
#1133=ORIENTED_EDGE('',*,*,#4239,.F.);
#1134=ORIENTED_EDGE('',*,*,#4238,.T.);
#1135=ORIENTED_EDGE('',*,*,#4240,.T.);
#1136=ORIENTED_EDGE('',*,*,#4241,.F.);
#1137=ORIENTED_EDGE('',*,*,#4242,.F.);
#1138=ORIENTED_EDGE('',*,*,#4241,.T.);
#1139=ORIENTED_EDGE('',*,*,#4243,.T.);
#1140=ORIENTED_EDGE('',*,*,#4227,.F.);
#1141=ORIENTED_EDGE('',*,*,#4244,.F.);
#1142=ORIENTED_EDGE('',*,*,#4245,.T.);
#1143=ORIENTED_EDGE('',*,*,#4246,.T.);
#1144=ORIENTED_EDGE('',*,*,#4247,.F.);
#1145=ORIENTED_EDGE('',*,*,#4248,.F.);
#1146=ORIENTED_EDGE('',*,*,#4247,.T.);
#1147=ORIENTED_EDGE('',*,*,#4249,.T.);
#1148=ORIENTED_EDGE('',*,*,#4250,.F.);
#1149=ORIENTED_EDGE('',*,*,#4251,.F.);
#1150=ORIENTED_EDGE('',*,*,#4250,.T.);
#1151=ORIENTED_EDGE('',*,*,#4252,.T.);
#1152=ORIENTED_EDGE('',*,*,#4253,.F.);
#1153=ORIENTED_EDGE('',*,*,#4254,.F.);
#1154=ORIENTED_EDGE('',*,*,#4253,.T.);
#1155=ORIENTED_EDGE('',*,*,#4255,.T.);
#1156=ORIENTED_EDGE('',*,*,#4256,.F.);
#1157=ORIENTED_EDGE('',*,*,#4257,.F.);
#1158=ORIENTED_EDGE('',*,*,#4256,.T.);
#1159=ORIENTED_EDGE('',*,*,#4258,.T.);
#1160=ORIENTED_EDGE('',*,*,#4259,.F.);
#1161=ORIENTED_EDGE('',*,*,#4260,.F.);
#1162=ORIENTED_EDGE('',*,*,#4259,.T.);
#1163=ORIENTED_EDGE('',*,*,#4261,.T.);
#1164=ORIENTED_EDGE('',*,*,#4245,.F.);
#1165=ORIENTED_EDGE('',*,*,#4262,.F.);
#1166=ORIENTED_EDGE('',*,*,#4263,.T.);
#1167=ORIENTED_EDGE('',*,*,#4264,.T.);
#1168=ORIENTED_EDGE('',*,*,#4265,.F.);
#1169=ORIENTED_EDGE('',*,*,#4266,.F.);
#1170=ORIENTED_EDGE('',*,*,#4265,.T.);
#1171=ORIENTED_EDGE('',*,*,#4267,.T.);
#1172=ORIENTED_EDGE('',*,*,#4268,.F.);
#1173=ORIENTED_EDGE('',*,*,#4269,.F.);
#1174=ORIENTED_EDGE('',*,*,#4268,.T.);
#1175=ORIENTED_EDGE('',*,*,#4270,.T.);
#1176=ORIENTED_EDGE('',*,*,#4271,.F.);
#1177=ORIENTED_EDGE('',*,*,#4272,.F.);
#1178=ORIENTED_EDGE('',*,*,#4271,.T.);
#1179=ORIENTED_EDGE('',*,*,#4273,.T.);
#1180=ORIENTED_EDGE('',*,*,#4274,.F.);
#1181=ORIENTED_EDGE('',*,*,#4275,.F.);
#1182=ORIENTED_EDGE('',*,*,#4274,.T.);
#1183=ORIENTED_EDGE('',*,*,#4276,.T.);
#1184=ORIENTED_EDGE('',*,*,#4277,.F.);
#1185=ORIENTED_EDGE('',*,*,#4278,.F.);
#1186=ORIENTED_EDGE('',*,*,#4277,.T.);
#1187=ORIENTED_EDGE('',*,*,#4279,.T.);
#1188=ORIENTED_EDGE('',*,*,#4263,.F.);
#1189=ORIENTED_EDGE('',*,*,#4280,.F.);
#1190=ORIENTED_EDGE('',*,*,#4281,.T.);
#1191=ORIENTED_EDGE('',*,*,#4282,.T.);
#1192=ORIENTED_EDGE('',*,*,#4283,.F.);
#1193=ORIENTED_EDGE('',*,*,#4284,.F.);
#1194=ORIENTED_EDGE('',*,*,#4283,.T.);
#1195=ORIENTED_EDGE('',*,*,#4285,.T.);
#1196=ORIENTED_EDGE('',*,*,#4286,.F.);
#1197=ORIENTED_EDGE('',*,*,#4287,.F.);
#1198=ORIENTED_EDGE('',*,*,#4286,.T.);
#1199=ORIENTED_EDGE('',*,*,#4288,.T.);
#1200=ORIENTED_EDGE('',*,*,#4289,.F.);
#1201=ORIENTED_EDGE('',*,*,#4290,.F.);
#1202=ORIENTED_EDGE('',*,*,#4289,.T.);
#1203=ORIENTED_EDGE('',*,*,#4291,.T.);
#1204=ORIENTED_EDGE('',*,*,#4292,.F.);
#1205=ORIENTED_EDGE('',*,*,#4293,.F.);
#1206=ORIENTED_EDGE('',*,*,#4292,.T.);
#1207=ORIENTED_EDGE('',*,*,#4294,.T.);
#1208=ORIENTED_EDGE('',*,*,#4295,.F.);
#1209=ORIENTED_EDGE('',*,*,#4296,.F.);
#1210=ORIENTED_EDGE('',*,*,#4295,.T.);
#1211=ORIENTED_EDGE('',*,*,#4297,.T.);
#1212=ORIENTED_EDGE('',*,*,#4281,.F.);
#1213=ORIENTED_EDGE('',*,*,#4298,.F.);
#1214=ORIENTED_EDGE('',*,*,#4299,.T.);
#1215=ORIENTED_EDGE('',*,*,#4300,.T.);
#1216=ORIENTED_EDGE('',*,*,#4301,.F.);
#1217=ORIENTED_EDGE('',*,*,#4302,.F.);
#1218=ORIENTED_EDGE('',*,*,#4301,.T.);
#1219=ORIENTED_EDGE('',*,*,#4303,.T.);
#1220=ORIENTED_EDGE('',*,*,#4304,.F.);
#1221=ORIENTED_EDGE('',*,*,#4305,.F.);
#1222=ORIENTED_EDGE('',*,*,#4304,.T.);
#1223=ORIENTED_EDGE('',*,*,#4306,.T.);
#1224=ORIENTED_EDGE('',*,*,#4307,.F.);
#1225=ORIENTED_EDGE('',*,*,#4308,.F.);
#1226=ORIENTED_EDGE('',*,*,#4307,.T.);
#1227=ORIENTED_EDGE('',*,*,#4309,.T.);
#1228=ORIENTED_EDGE('',*,*,#4310,.F.);
#1229=ORIENTED_EDGE('',*,*,#4311,.F.);
#1230=ORIENTED_EDGE('',*,*,#4310,.T.);
#1231=ORIENTED_EDGE('',*,*,#4312,.T.);
#1232=ORIENTED_EDGE('',*,*,#4313,.F.);
#1233=ORIENTED_EDGE('',*,*,#4314,.F.);
#1234=ORIENTED_EDGE('',*,*,#4313,.T.);
#1235=ORIENTED_EDGE('',*,*,#4315,.T.);
#1236=ORIENTED_EDGE('',*,*,#4299,.F.);
#1237=ORIENTED_EDGE('',*,*,#4316,.F.);
#1238=ORIENTED_EDGE('',*,*,#4317,.T.);
#1239=ORIENTED_EDGE('',*,*,#4318,.T.);
#1240=ORIENTED_EDGE('',*,*,#4319,.F.);
#1241=ORIENTED_EDGE('',*,*,#4320,.F.);
#1242=ORIENTED_EDGE('',*,*,#4319,.T.);
#1243=ORIENTED_EDGE('',*,*,#4321,.T.);
#1244=ORIENTED_EDGE('',*,*,#4322,.F.);
#1245=ORIENTED_EDGE('',*,*,#4323,.F.);
#1246=ORIENTED_EDGE('',*,*,#4322,.T.);
#1247=ORIENTED_EDGE('',*,*,#4324,.T.);
#1248=ORIENTED_EDGE('',*,*,#4325,.F.);
#1249=ORIENTED_EDGE('',*,*,#4326,.F.);
#1250=ORIENTED_EDGE('',*,*,#4325,.T.);
#1251=ORIENTED_EDGE('',*,*,#4327,.T.);
#1252=ORIENTED_EDGE('',*,*,#4328,.F.);
#1253=ORIENTED_EDGE('',*,*,#4329,.F.);
#1254=ORIENTED_EDGE('',*,*,#4328,.T.);
#1255=ORIENTED_EDGE('',*,*,#4330,.T.);
#1256=ORIENTED_EDGE('',*,*,#4331,.F.);
#1257=ORIENTED_EDGE('',*,*,#4332,.F.);
#1258=ORIENTED_EDGE('',*,*,#4331,.T.);
#1259=ORIENTED_EDGE('',*,*,#4333,.T.);
#1260=ORIENTED_EDGE('',*,*,#4317,.F.);
#1261=ORIENTED_EDGE('',*,*,#4334,.F.);
#1262=ORIENTED_EDGE('',*,*,#4335,.T.);
#1263=ORIENTED_EDGE('',*,*,#4336,.T.);
#1264=ORIENTED_EDGE('',*,*,#4337,.F.);
#1265=ORIENTED_EDGE('',*,*,#4338,.F.);
#1266=ORIENTED_EDGE('',*,*,#4337,.T.);
#1267=ORIENTED_EDGE('',*,*,#4339,.T.);
#1268=ORIENTED_EDGE('',*,*,#4340,.F.);
#1269=ORIENTED_EDGE('',*,*,#4341,.F.);
#1270=ORIENTED_EDGE('',*,*,#4340,.T.);
#1271=ORIENTED_EDGE('',*,*,#4342,.T.);
#1272=ORIENTED_EDGE('',*,*,#4343,.F.);
#1273=ORIENTED_EDGE('',*,*,#4344,.F.);
#1274=ORIENTED_EDGE('',*,*,#4343,.T.);
#1275=ORIENTED_EDGE('',*,*,#4345,.T.);
#1276=ORIENTED_EDGE('',*,*,#4346,.F.);
#1277=ORIENTED_EDGE('',*,*,#4347,.F.);
#1278=ORIENTED_EDGE('',*,*,#4346,.T.);
#1279=ORIENTED_EDGE('',*,*,#4348,.T.);
#1280=ORIENTED_EDGE('',*,*,#4349,.F.);
#1281=ORIENTED_EDGE('',*,*,#4350,.F.);
#1282=ORIENTED_EDGE('',*,*,#4349,.T.);
#1283=ORIENTED_EDGE('',*,*,#4351,.T.);
#1284=ORIENTED_EDGE('',*,*,#4335,.F.);
#1285=ORIENTED_EDGE('',*,*,#4352,.F.);
#1286=ORIENTED_EDGE('',*,*,#4353,.T.);
#1287=ORIENTED_EDGE('',*,*,#4354,.T.);
#1288=ORIENTED_EDGE('',*,*,#4355,.F.);
#1289=ORIENTED_EDGE('',*,*,#4356,.F.);
#1290=ORIENTED_EDGE('',*,*,#4355,.T.);
#1291=ORIENTED_EDGE('',*,*,#4357,.T.);
#1292=ORIENTED_EDGE('',*,*,#4358,.F.);
#1293=ORIENTED_EDGE('',*,*,#4359,.F.);
#1294=ORIENTED_EDGE('',*,*,#4358,.T.);
#1295=ORIENTED_EDGE('',*,*,#4360,.T.);
#1296=ORIENTED_EDGE('',*,*,#4361,.F.);
#1297=ORIENTED_EDGE('',*,*,#4362,.F.);
#1298=ORIENTED_EDGE('',*,*,#4361,.T.);
#1299=ORIENTED_EDGE('',*,*,#4363,.T.);
#1300=ORIENTED_EDGE('',*,*,#4364,.F.);
#1301=ORIENTED_EDGE('',*,*,#4365,.F.);
#1302=ORIENTED_EDGE('',*,*,#4364,.T.);
#1303=ORIENTED_EDGE('',*,*,#4366,.T.);
#1304=ORIENTED_EDGE('',*,*,#4367,.F.);
#1305=ORIENTED_EDGE('',*,*,#4368,.F.);
#1306=ORIENTED_EDGE('',*,*,#4367,.T.);
#1307=ORIENTED_EDGE('',*,*,#4369,.T.);
#1308=ORIENTED_EDGE('',*,*,#4353,.F.);
#1309=ORIENTED_EDGE('',*,*,#4370,.F.);
#1310=ORIENTED_EDGE('',*,*,#4371,.T.);
#1311=ORIENTED_EDGE('',*,*,#4372,.T.);
#1312=ORIENTED_EDGE('',*,*,#4373,.F.);
#1313=ORIENTED_EDGE('',*,*,#4374,.F.);
#1314=ORIENTED_EDGE('',*,*,#4373,.T.);
#1315=ORIENTED_EDGE('',*,*,#4375,.T.);
#1316=ORIENTED_EDGE('',*,*,#4376,.F.);
#1317=ORIENTED_EDGE('',*,*,#4377,.F.);
#1318=ORIENTED_EDGE('',*,*,#4376,.T.);
#1319=ORIENTED_EDGE('',*,*,#4378,.T.);
#1320=ORIENTED_EDGE('',*,*,#4379,.F.);
#1321=ORIENTED_EDGE('',*,*,#4380,.F.);
#1322=ORIENTED_EDGE('',*,*,#4379,.T.);
#1323=ORIENTED_EDGE('',*,*,#4381,.T.);
#1324=ORIENTED_EDGE('',*,*,#4382,.F.);
#1325=ORIENTED_EDGE('',*,*,#4383,.F.);
#1326=ORIENTED_EDGE('',*,*,#4382,.T.);
#1327=ORIENTED_EDGE('',*,*,#4384,.T.);
#1328=ORIENTED_EDGE('',*,*,#4385,.F.);
#1329=ORIENTED_EDGE('',*,*,#4386,.F.);
#1330=ORIENTED_EDGE('',*,*,#4385,.T.);
#1331=ORIENTED_EDGE('',*,*,#4387,.T.);
#1332=ORIENTED_EDGE('',*,*,#4371,.F.);
#1333=ORIENTED_EDGE('',*,*,#4388,.F.);
#1334=ORIENTED_EDGE('',*,*,#4389,.T.);
#1335=ORIENTED_EDGE('',*,*,#4390,.T.);
#1336=ORIENTED_EDGE('',*,*,#4391,.F.);
#1337=ORIENTED_EDGE('',*,*,#4392,.F.);
#1338=ORIENTED_EDGE('',*,*,#4391,.T.);
#1339=ORIENTED_EDGE('',*,*,#4393,.T.);
#1340=ORIENTED_EDGE('',*,*,#4394,.F.);
#1341=ORIENTED_EDGE('',*,*,#4395,.F.);
#1342=ORIENTED_EDGE('',*,*,#4394,.T.);
#1343=ORIENTED_EDGE('',*,*,#4396,.T.);
#1344=ORIENTED_EDGE('',*,*,#4397,.F.);
#1345=ORIENTED_EDGE('',*,*,#4398,.F.);
#1346=ORIENTED_EDGE('',*,*,#4397,.T.);
#1347=ORIENTED_EDGE('',*,*,#4399,.T.);
#1348=ORIENTED_EDGE('',*,*,#4400,.F.);
#1349=ORIENTED_EDGE('',*,*,#4401,.F.);
#1350=ORIENTED_EDGE('',*,*,#4400,.T.);
#1351=ORIENTED_EDGE('',*,*,#4402,.T.);
#1352=ORIENTED_EDGE('',*,*,#4403,.F.);
#1353=ORIENTED_EDGE('',*,*,#4404,.F.);
#1354=ORIENTED_EDGE('',*,*,#4403,.T.);
#1355=ORIENTED_EDGE('',*,*,#4405,.T.);
#1356=ORIENTED_EDGE('',*,*,#4389,.F.);
#1357=ORIENTED_EDGE('',*,*,#4406,.F.);
#1358=ORIENTED_EDGE('',*,*,#4407,.T.);
#1359=ORIENTED_EDGE('',*,*,#4408,.T.);
#1360=ORIENTED_EDGE('',*,*,#4409,.F.);
#1361=ORIENTED_EDGE('',*,*,#4410,.F.);
#1362=ORIENTED_EDGE('',*,*,#4409,.T.);
#1363=ORIENTED_EDGE('',*,*,#4411,.T.);
#1364=ORIENTED_EDGE('',*,*,#4412,.F.);
#1365=ORIENTED_EDGE('',*,*,#4413,.F.);
#1366=ORIENTED_EDGE('',*,*,#4412,.T.);
#1367=ORIENTED_EDGE('',*,*,#4414,.T.);
#1368=ORIENTED_EDGE('',*,*,#4415,.F.);
#1369=ORIENTED_EDGE('',*,*,#4416,.F.);
#1370=ORIENTED_EDGE('',*,*,#4415,.T.);
#1371=ORIENTED_EDGE('',*,*,#4417,.T.);
#1372=ORIENTED_EDGE('',*,*,#4418,.F.);
#1373=ORIENTED_EDGE('',*,*,#4419,.F.);
#1374=ORIENTED_EDGE('',*,*,#4418,.T.);
#1375=ORIENTED_EDGE('',*,*,#4420,.T.);
#1376=ORIENTED_EDGE('',*,*,#4421,.F.);
#1377=ORIENTED_EDGE('',*,*,#4422,.F.);
#1378=ORIENTED_EDGE('',*,*,#4421,.T.);
#1379=ORIENTED_EDGE('',*,*,#4423,.T.);
#1380=ORIENTED_EDGE('',*,*,#4407,.F.);
#1381=ORIENTED_EDGE('',*,*,#4424,.F.);
#1382=ORIENTED_EDGE('',*,*,#4425,.T.);
#1383=ORIENTED_EDGE('',*,*,#4426,.T.);
#1384=ORIENTED_EDGE('',*,*,#4427,.F.);
#1385=ORIENTED_EDGE('',*,*,#4428,.F.);
#1386=ORIENTED_EDGE('',*,*,#4427,.T.);
#1387=ORIENTED_EDGE('',*,*,#4429,.T.);
#1388=ORIENTED_EDGE('',*,*,#4430,.F.);
#1389=ORIENTED_EDGE('',*,*,#4431,.F.);
#1390=ORIENTED_EDGE('',*,*,#4430,.T.);
#1391=ORIENTED_EDGE('',*,*,#4432,.T.);
#1392=ORIENTED_EDGE('',*,*,#4433,.F.);
#1393=ORIENTED_EDGE('',*,*,#4434,.F.);
#1394=ORIENTED_EDGE('',*,*,#4433,.T.);
#1395=ORIENTED_EDGE('',*,*,#4435,.T.);
#1396=ORIENTED_EDGE('',*,*,#4436,.F.);
#1397=ORIENTED_EDGE('',*,*,#4437,.F.);
#1398=ORIENTED_EDGE('',*,*,#4436,.T.);
#1399=ORIENTED_EDGE('',*,*,#4438,.T.);
#1400=ORIENTED_EDGE('',*,*,#4439,.F.);
#1401=ORIENTED_EDGE('',*,*,#4440,.F.);
#1402=ORIENTED_EDGE('',*,*,#4439,.T.);
#1403=ORIENTED_EDGE('',*,*,#4441,.T.);
#1404=ORIENTED_EDGE('',*,*,#4425,.F.);
#1405=ORIENTED_EDGE('',*,*,#4442,.F.);
#1406=ORIENTED_EDGE('',*,*,#4443,.T.);
#1407=ORIENTED_EDGE('',*,*,#4444,.T.);
#1408=ORIENTED_EDGE('',*,*,#4445,.F.);
#1409=ORIENTED_EDGE('',*,*,#4446,.F.);
#1410=ORIENTED_EDGE('',*,*,#4445,.T.);
#1411=ORIENTED_EDGE('',*,*,#4447,.T.);
#1412=ORIENTED_EDGE('',*,*,#4448,.F.);
#1413=ORIENTED_EDGE('',*,*,#4449,.F.);
#1414=ORIENTED_EDGE('',*,*,#4448,.T.);
#1415=ORIENTED_EDGE('',*,*,#4450,.T.);
#1416=ORIENTED_EDGE('',*,*,#4451,.F.);
#1417=ORIENTED_EDGE('',*,*,#4452,.F.);
#1418=ORIENTED_EDGE('',*,*,#4451,.T.);
#1419=ORIENTED_EDGE('',*,*,#4453,.T.);
#1420=ORIENTED_EDGE('',*,*,#4454,.F.);
#1421=ORIENTED_EDGE('',*,*,#4455,.F.);
#1422=ORIENTED_EDGE('',*,*,#4454,.T.);
#1423=ORIENTED_EDGE('',*,*,#4456,.T.);
#1424=ORIENTED_EDGE('',*,*,#4457,.F.);
#1425=ORIENTED_EDGE('',*,*,#4458,.F.);
#1426=ORIENTED_EDGE('',*,*,#4457,.T.);
#1427=ORIENTED_EDGE('',*,*,#4459,.T.);
#1428=ORIENTED_EDGE('',*,*,#4443,.F.);
#1429=ORIENTED_EDGE('',*,*,#4460,.F.);
#1430=ORIENTED_EDGE('',*,*,#4461,.T.);
#1431=ORIENTED_EDGE('',*,*,#4462,.T.);
#1432=ORIENTED_EDGE('',*,*,#4463,.F.);
#1433=ORIENTED_EDGE('',*,*,#4464,.F.);
#1434=ORIENTED_EDGE('',*,*,#4463,.T.);
#1435=ORIENTED_EDGE('',*,*,#4465,.T.);
#1436=ORIENTED_EDGE('',*,*,#4466,.F.);
#1437=ORIENTED_EDGE('',*,*,#4467,.F.);
#1438=ORIENTED_EDGE('',*,*,#4466,.T.);
#1439=ORIENTED_EDGE('',*,*,#4468,.T.);
#1440=ORIENTED_EDGE('',*,*,#4469,.F.);
#1441=ORIENTED_EDGE('',*,*,#4470,.F.);
#1442=ORIENTED_EDGE('',*,*,#4469,.T.);
#1443=ORIENTED_EDGE('',*,*,#4471,.T.);
#1444=ORIENTED_EDGE('',*,*,#4472,.F.);
#1445=ORIENTED_EDGE('',*,*,#4473,.F.);
#1446=ORIENTED_EDGE('',*,*,#4472,.T.);
#1447=ORIENTED_EDGE('',*,*,#4474,.T.);
#1448=ORIENTED_EDGE('',*,*,#4475,.F.);
#1449=ORIENTED_EDGE('',*,*,#4476,.F.);
#1450=ORIENTED_EDGE('',*,*,#4475,.T.);
#1451=ORIENTED_EDGE('',*,*,#4477,.T.);
#1452=ORIENTED_EDGE('',*,*,#4461,.F.);
#1453=ORIENTED_EDGE('',*,*,#4478,.F.);
#1454=ORIENTED_EDGE('',*,*,#4479,.T.);
#1455=ORIENTED_EDGE('',*,*,#4480,.T.);
#1456=ORIENTED_EDGE('',*,*,#4481,.F.);
#1457=ORIENTED_EDGE('',*,*,#4482,.F.);
#1458=ORIENTED_EDGE('',*,*,#4481,.T.);
#1459=ORIENTED_EDGE('',*,*,#4483,.T.);
#1460=ORIENTED_EDGE('',*,*,#4484,.F.);
#1461=ORIENTED_EDGE('',*,*,#4485,.F.);
#1462=ORIENTED_EDGE('',*,*,#4484,.T.);
#1463=ORIENTED_EDGE('',*,*,#4486,.T.);
#1464=ORIENTED_EDGE('',*,*,#4487,.F.);
#1465=ORIENTED_EDGE('',*,*,#4488,.F.);
#1466=ORIENTED_EDGE('',*,*,#4487,.T.);
#1467=ORIENTED_EDGE('',*,*,#4489,.T.);
#1468=ORIENTED_EDGE('',*,*,#4490,.F.);
#1469=ORIENTED_EDGE('',*,*,#4491,.F.);
#1470=ORIENTED_EDGE('',*,*,#4490,.T.);
#1471=ORIENTED_EDGE('',*,*,#4492,.T.);
#1472=ORIENTED_EDGE('',*,*,#4493,.F.);
#1473=ORIENTED_EDGE('',*,*,#4494,.F.);
#1474=ORIENTED_EDGE('',*,*,#4493,.T.);
#1475=ORIENTED_EDGE('',*,*,#4495,.T.);
#1476=ORIENTED_EDGE('',*,*,#4479,.F.);
#1477=ORIENTED_EDGE('',*,*,#4496,.F.);
#1478=ORIENTED_EDGE('',*,*,#4497,.T.);
#1479=ORIENTED_EDGE('',*,*,#4498,.T.);
#1480=ORIENTED_EDGE('',*,*,#4499,.F.);
#1481=ORIENTED_EDGE('',*,*,#4500,.F.);
#1482=ORIENTED_EDGE('',*,*,#4499,.T.);
#1483=ORIENTED_EDGE('',*,*,#4501,.T.);
#1484=ORIENTED_EDGE('',*,*,#4502,.F.);
#1485=ORIENTED_EDGE('',*,*,#4503,.F.);
#1486=ORIENTED_EDGE('',*,*,#4502,.T.);
#1487=ORIENTED_EDGE('',*,*,#4504,.T.);
#1488=ORIENTED_EDGE('',*,*,#4505,.F.);
#1489=ORIENTED_EDGE('',*,*,#4506,.F.);
#1490=ORIENTED_EDGE('',*,*,#4505,.T.);
#1491=ORIENTED_EDGE('',*,*,#4507,.T.);
#1492=ORIENTED_EDGE('',*,*,#4508,.F.);
#1493=ORIENTED_EDGE('',*,*,#4509,.F.);
#1494=ORIENTED_EDGE('',*,*,#4508,.T.);
#1495=ORIENTED_EDGE('',*,*,#4510,.T.);
#1496=ORIENTED_EDGE('',*,*,#4511,.F.);
#1497=ORIENTED_EDGE('',*,*,#4512,.F.);
#1498=ORIENTED_EDGE('',*,*,#4511,.T.);
#1499=ORIENTED_EDGE('',*,*,#4513,.T.);
#1500=ORIENTED_EDGE('',*,*,#4497,.F.);
#1501=ORIENTED_EDGE('',*,*,#4514,.F.);
#1502=ORIENTED_EDGE('',*,*,#4515,.T.);
#1503=ORIENTED_EDGE('',*,*,#4516,.T.);
#1504=ORIENTED_EDGE('',*,*,#4517,.F.);
#1505=ORIENTED_EDGE('',*,*,#4518,.F.);
#1506=ORIENTED_EDGE('',*,*,#4517,.T.);
#1507=ORIENTED_EDGE('',*,*,#4519,.T.);
#1508=ORIENTED_EDGE('',*,*,#4520,.F.);
#1509=ORIENTED_EDGE('',*,*,#4521,.F.);
#1510=ORIENTED_EDGE('',*,*,#4520,.T.);
#1511=ORIENTED_EDGE('',*,*,#4522,.T.);
#1512=ORIENTED_EDGE('',*,*,#4523,.F.);
#1513=ORIENTED_EDGE('',*,*,#4524,.F.);
#1514=ORIENTED_EDGE('',*,*,#4523,.T.);
#1515=ORIENTED_EDGE('',*,*,#4525,.T.);
#1516=ORIENTED_EDGE('',*,*,#4526,.F.);
#1517=ORIENTED_EDGE('',*,*,#4527,.F.);
#1518=ORIENTED_EDGE('',*,*,#4526,.T.);
#1519=ORIENTED_EDGE('',*,*,#4528,.T.);
#1520=ORIENTED_EDGE('',*,*,#4529,.F.);
#1521=ORIENTED_EDGE('',*,*,#4530,.F.);
#1522=ORIENTED_EDGE('',*,*,#4529,.T.);
#1523=ORIENTED_EDGE('',*,*,#4531,.T.);
#1524=ORIENTED_EDGE('',*,*,#4515,.F.);
#1525=ORIENTED_EDGE('',*,*,#4532,.F.);
#1526=ORIENTED_EDGE('',*,*,#4533,.T.);
#1527=ORIENTED_EDGE('',*,*,#4534,.T.);
#1528=ORIENTED_EDGE('',*,*,#4535,.F.);
#1529=ORIENTED_EDGE('',*,*,#4536,.F.);
#1530=ORIENTED_EDGE('',*,*,#4535,.T.);
#1531=ORIENTED_EDGE('',*,*,#4537,.T.);
#1532=ORIENTED_EDGE('',*,*,#4538,.F.);
#1533=ORIENTED_EDGE('',*,*,#4539,.F.);
#1534=ORIENTED_EDGE('',*,*,#4538,.T.);
#1535=ORIENTED_EDGE('',*,*,#4540,.T.);
#1536=ORIENTED_EDGE('',*,*,#4541,.F.);
#1537=ORIENTED_EDGE('',*,*,#4542,.F.);
#1538=ORIENTED_EDGE('',*,*,#4541,.T.);
#1539=ORIENTED_EDGE('',*,*,#4543,.T.);
#1540=ORIENTED_EDGE('',*,*,#4544,.F.);
#1541=ORIENTED_EDGE('',*,*,#4545,.F.);
#1542=ORIENTED_EDGE('',*,*,#4544,.T.);
#1543=ORIENTED_EDGE('',*,*,#4546,.T.);
#1544=ORIENTED_EDGE('',*,*,#4547,.F.);
#1545=ORIENTED_EDGE('',*,*,#4548,.F.);
#1546=ORIENTED_EDGE('',*,*,#4547,.T.);
#1547=ORIENTED_EDGE('',*,*,#4549,.T.);
#1548=ORIENTED_EDGE('',*,*,#4533,.F.);
#1549=ORIENTED_EDGE('',*,*,#4550,.F.);
#1550=ORIENTED_EDGE('',*,*,#4551,.T.);
#1551=ORIENTED_EDGE('',*,*,#4552,.T.);
#1552=ORIENTED_EDGE('',*,*,#4553,.F.);
#1553=ORIENTED_EDGE('',*,*,#4554,.F.);
#1554=ORIENTED_EDGE('',*,*,#4553,.T.);
#1555=ORIENTED_EDGE('',*,*,#4555,.T.);
#1556=ORIENTED_EDGE('',*,*,#4556,.F.);
#1557=ORIENTED_EDGE('',*,*,#4557,.T.);
#1558=ORIENTED_EDGE('',*,*,#4558,.T.);
#1559=ORIENTED_EDGE('',*,*,#4559,.F.);
#1560=ORIENTED_EDGE('',*,*,#4556,.T.);
#1561=ORIENTED_EDGE('',*,*,#4560,.T.);
#1562=ORIENTED_EDGE('',*,*,#4561,.F.);
#1563=ORIENTED_EDGE('',*,*,#4562,.T.);
#1564=ORIENTED_EDGE('',*,*,#4561,.T.);
#1565=ORIENTED_EDGE('',*,*,#4563,.T.);
#1566=ORIENTED_EDGE('',*,*,#4564,.F.);
#1567=ORIENTED_EDGE('',*,*,#4565,.F.);
#1568=ORIENTED_EDGE('',*,*,#4566,.T.);
#1569=ORIENTED_EDGE('',*,*,#4567,.T.);
#1570=ORIENTED_EDGE('',*,*,#4564,.T.);
#1571=ORIENTED_EDGE('',*,*,#4568,.T.);
#1572=ORIENTED_EDGE('',*,*,#4569,.F.);
#1573=ORIENTED_EDGE('',*,*,#4570,.F.);
#1574=ORIENTED_EDGE('',*,*,#4569,.T.);
#1575=ORIENTED_EDGE('',*,*,#4571,.T.);
#1576=ORIENTED_EDGE('',*,*,#4551,.F.);
#1577=ORIENTED_EDGE('',*,*,#4572,.F.);
#1578=ORIENTED_EDGE('',*,*,#4573,.T.);
#1579=ORIENTED_EDGE('',*,*,#4574,.T.);
#1580=ORIENTED_EDGE('',*,*,#4575,.F.);
#1581=ORIENTED_EDGE('',*,*,#4576,.F.);
#1582=ORIENTED_EDGE('',*,*,#4575,.T.);
#1583=ORIENTED_EDGE('',*,*,#4577,.T.);
#1584=ORIENTED_EDGE('',*,*,#4578,.F.);
#1585=ORIENTED_EDGE('',*,*,#4579,.F.);
#1586=ORIENTED_EDGE('',*,*,#4578,.T.);
#1587=ORIENTED_EDGE('',*,*,#4580,.T.);
#1588=ORIENTED_EDGE('',*,*,#4581,.F.);
#1589=ORIENTED_EDGE('',*,*,#4582,.F.);
#1590=ORIENTED_EDGE('',*,*,#4581,.T.);
#1591=ORIENTED_EDGE('',*,*,#4583,.T.);
#1592=ORIENTED_EDGE('',*,*,#4584,.F.);
#1593=ORIENTED_EDGE('',*,*,#4585,.F.);
#1594=ORIENTED_EDGE('',*,*,#4584,.T.);
#1595=ORIENTED_EDGE('',*,*,#4586,.T.);
#1596=ORIENTED_EDGE('',*,*,#4587,.F.);
#1597=ORIENTED_EDGE('',*,*,#4588,.F.);
#1598=ORIENTED_EDGE('',*,*,#4587,.T.);
#1599=ORIENTED_EDGE('',*,*,#4589,.T.);
#1600=ORIENTED_EDGE('',*,*,#4573,.F.);
#1601=ORIENTED_EDGE('',*,*,#4590,.F.);
#1602=ORIENTED_EDGE('',*,*,#4591,.T.);
#1603=ORIENTED_EDGE('',*,*,#4592,.T.);
#1604=ORIENTED_EDGE('',*,*,#4593,.F.);
#1605=ORIENTED_EDGE('',*,*,#4594,.F.);
#1606=ORIENTED_EDGE('',*,*,#4593,.T.);
#1607=ORIENTED_EDGE('',*,*,#4595,.T.);
#1608=ORIENTED_EDGE('',*,*,#4596,.F.);
#1609=ORIENTED_EDGE('',*,*,#4597,.F.);
#1610=ORIENTED_EDGE('',*,*,#4596,.T.);
#1611=ORIENTED_EDGE('',*,*,#4598,.T.);
#1612=ORIENTED_EDGE('',*,*,#4599,.F.);
#1613=ORIENTED_EDGE('',*,*,#4600,.F.);
#1614=ORIENTED_EDGE('',*,*,#4599,.T.);
#1615=ORIENTED_EDGE('',*,*,#4601,.T.);
#1616=ORIENTED_EDGE('',*,*,#4602,.F.);
#1617=ORIENTED_EDGE('',*,*,#4603,.F.);
#1618=ORIENTED_EDGE('',*,*,#4602,.T.);
#1619=ORIENTED_EDGE('',*,*,#4604,.T.);
#1620=ORIENTED_EDGE('',*,*,#4605,.F.);
#1621=ORIENTED_EDGE('',*,*,#4606,.F.);
#1622=ORIENTED_EDGE('',*,*,#4605,.T.);
#1623=ORIENTED_EDGE('',*,*,#4607,.T.);
#1624=ORIENTED_EDGE('',*,*,#4591,.F.);
#1625=ORIENTED_EDGE('',*,*,#4608,.F.);
#1626=ORIENTED_EDGE('',*,*,#4609,.T.);
#1627=ORIENTED_EDGE('',*,*,#4610,.T.);
#1628=ORIENTED_EDGE('',*,*,#4611,.F.);
#1629=ORIENTED_EDGE('',*,*,#4612,.F.);
#1630=ORIENTED_EDGE('',*,*,#4611,.T.);
#1631=ORIENTED_EDGE('',*,*,#4613,.T.);
#1632=ORIENTED_EDGE('',*,*,#4614,.F.);
#1633=ORIENTED_EDGE('',*,*,#4615,.F.);
#1634=ORIENTED_EDGE('',*,*,#4614,.T.);
#1635=ORIENTED_EDGE('',*,*,#4616,.T.);
#1636=ORIENTED_EDGE('',*,*,#4617,.F.);
#1637=ORIENTED_EDGE('',*,*,#4618,.F.);
#1638=ORIENTED_EDGE('',*,*,#4617,.T.);
#1639=ORIENTED_EDGE('',*,*,#4619,.T.);
#1640=ORIENTED_EDGE('',*,*,#4620,.F.);
#1641=ORIENTED_EDGE('',*,*,#4621,.F.);
#1642=ORIENTED_EDGE('',*,*,#4620,.T.);
#1643=ORIENTED_EDGE('',*,*,#4622,.T.);
#1644=ORIENTED_EDGE('',*,*,#4623,.F.);
#1645=ORIENTED_EDGE('',*,*,#4624,.F.);
#1646=ORIENTED_EDGE('',*,*,#4623,.T.);
#1647=ORIENTED_EDGE('',*,*,#4625,.T.);
#1648=ORIENTED_EDGE('',*,*,#4609,.F.);
#1649=ORIENTED_EDGE('',*,*,#4626,.F.);
#1650=ORIENTED_EDGE('',*,*,#4627,.T.);
#1651=ORIENTED_EDGE('',*,*,#4628,.T.);
#1652=ORIENTED_EDGE('',*,*,#4629,.F.);
#1653=ORIENTED_EDGE('',*,*,#4630,.F.);
#1654=ORIENTED_EDGE('',*,*,#4629,.T.);
#1655=ORIENTED_EDGE('',*,*,#4631,.T.);
#1656=ORIENTED_EDGE('',*,*,#4632,.F.);
#1657=ORIENTED_EDGE('',*,*,#4633,.F.);
#1658=ORIENTED_EDGE('',*,*,#4632,.T.);
#1659=ORIENTED_EDGE('',*,*,#4634,.T.);
#1660=ORIENTED_EDGE('',*,*,#4635,.F.);
#1661=ORIENTED_EDGE('',*,*,#4636,.F.);
#1662=ORIENTED_EDGE('',*,*,#4635,.T.);
#1663=ORIENTED_EDGE('',*,*,#4637,.T.);
#1664=ORIENTED_EDGE('',*,*,#4638,.F.);
#1665=ORIENTED_EDGE('',*,*,#4639,.F.);
#1666=ORIENTED_EDGE('',*,*,#4638,.T.);
#1667=ORIENTED_EDGE('',*,*,#4640,.T.);
#1668=ORIENTED_EDGE('',*,*,#4641,.F.);
#1669=ORIENTED_EDGE('',*,*,#4642,.F.);
#1670=ORIENTED_EDGE('',*,*,#4641,.T.);
#1671=ORIENTED_EDGE('',*,*,#4643,.T.);
#1672=ORIENTED_EDGE('',*,*,#4627,.F.);
#1673=ORIENTED_EDGE('',*,*,#4644,.F.);
#1674=ORIENTED_EDGE('',*,*,#4645,.T.);
#1675=ORIENTED_EDGE('',*,*,#4646,.T.);
#1676=ORIENTED_EDGE('',*,*,#4647,.F.);
#1677=ORIENTED_EDGE('',*,*,#4648,.F.);
#1678=ORIENTED_EDGE('',*,*,#4647,.T.);
#1679=ORIENTED_EDGE('',*,*,#4649,.T.);
#1680=ORIENTED_EDGE('',*,*,#4650,.F.);
#1681=ORIENTED_EDGE('',*,*,#4651,.F.);
#1682=ORIENTED_EDGE('',*,*,#4650,.T.);
#1683=ORIENTED_EDGE('',*,*,#4652,.T.);
#1684=ORIENTED_EDGE('',*,*,#4653,.F.);
#1685=ORIENTED_EDGE('',*,*,#4654,.F.);
#1686=ORIENTED_EDGE('',*,*,#4653,.T.);
#1687=ORIENTED_EDGE('',*,*,#4655,.T.);
#1688=ORIENTED_EDGE('',*,*,#4656,.F.);
#1689=ORIENTED_EDGE('',*,*,#4657,.F.);
#1690=ORIENTED_EDGE('',*,*,#4656,.T.);
#1691=ORIENTED_EDGE('',*,*,#4658,.T.);
#1692=ORIENTED_EDGE('',*,*,#4659,.F.);
#1693=ORIENTED_EDGE('',*,*,#4660,.F.);
#1694=ORIENTED_EDGE('',*,*,#4659,.T.);
#1695=ORIENTED_EDGE('',*,*,#4661,.T.);
#1696=ORIENTED_EDGE('',*,*,#4645,.F.);
#1697=ORIENTED_EDGE('',*,*,#4662,.F.);
#1698=ORIENTED_EDGE('',*,*,#4663,.T.);
#1699=ORIENTED_EDGE('',*,*,#4664,.T.);
#1700=ORIENTED_EDGE('',*,*,#4665,.F.);
#1701=ORIENTED_EDGE('',*,*,#4666,.F.);
#1702=ORIENTED_EDGE('',*,*,#4665,.T.);
#1703=ORIENTED_EDGE('',*,*,#4667,.T.);
#1704=ORIENTED_EDGE('',*,*,#4668,.F.);
#1705=ORIENTED_EDGE('',*,*,#4669,.T.);
#1706=ORIENTED_EDGE('',*,*,#3557,.T.);
#1707=ORIENTED_EDGE('',*,*,#4670,.F.);
#1708=ORIENTED_EDGE('',*,*,#4668,.T.);
#1709=ORIENTED_EDGE('',*,*,#4671,.T.);
#1710=ORIENTED_EDGE('',*,*,#4672,.F.);
#1711=ORIENTED_EDGE('',*,*,#4673,.T.);
#1712=ORIENTED_EDGE('',*,*,#4672,.T.);
#1713=ORIENTED_EDGE('',*,*,#4674,.T.);
#1714=ORIENTED_EDGE('',*,*,#4675,.F.);
#1715=ORIENTED_EDGE('',*,*,#4676,.T.);
#1716=ORIENTED_EDGE('',*,*,#4675,.T.);
#1717=ORIENTED_EDGE('',*,*,#4677,.T.);
#1718=ORIENTED_EDGE('',*,*,#4678,.F.);
#1719=ORIENTED_EDGE('',*,*,#4679,.F.);
#1720=ORIENTED_EDGE('',*,*,#4680,.T.);
#1721=ORIENTED_EDGE('',*,*,#4681,.T.);
#1722=ORIENTED_EDGE('',*,*,#4678,.T.);
#1723=ORIENTED_EDGE('',*,*,#4682,.T.);
#1724=ORIENTED_EDGE('',*,*,#4663,.F.);
#1725=ORIENTED_EDGE('',*,*,#4683,.F.);
#1726=ORIENTED_EDGE('',*,*,#4684,.T.);
#1727=ORIENTED_EDGE('',*,*,#4685,.T.);
#1728=ORIENTED_EDGE('',*,*,#4686,.F.);
#1729=ORIENTED_EDGE('',*,*,#4687,.F.);
#1730=ORIENTED_EDGE('',*,*,#4686,.T.);
#1731=ORIENTED_EDGE('',*,*,#4688,.T.);
#1732=ORIENTED_EDGE('',*,*,#4689,.F.);
#1733=ORIENTED_EDGE('',*,*,#4690,.F.);
#1734=ORIENTED_EDGE('',*,*,#4689,.T.);
#1735=ORIENTED_EDGE('',*,*,#4691,.T.);
#1736=ORIENTED_EDGE('',*,*,#4692,.F.);
#1737=ORIENTED_EDGE('',*,*,#4693,.F.);
#1738=ORIENTED_EDGE('',*,*,#4692,.T.);
#1739=ORIENTED_EDGE('',*,*,#4694,.T.);
#1740=ORIENTED_EDGE('',*,*,#4695,.F.);
#1741=ORIENTED_EDGE('',*,*,#4696,.F.);
#1742=ORIENTED_EDGE('',*,*,#4695,.T.);
#1743=ORIENTED_EDGE('',*,*,#4697,.T.);
#1744=ORIENTED_EDGE('',*,*,#4698,.F.);
#1745=ORIENTED_EDGE('',*,*,#4699,.F.);
#1746=ORIENTED_EDGE('',*,*,#4698,.T.);
#1747=ORIENTED_EDGE('',*,*,#4700,.T.);
#1748=ORIENTED_EDGE('',*,*,#4684,.F.);
#1749=ORIENTED_EDGE('',*,*,#4701,.F.);
#1750=ORIENTED_EDGE('',*,*,#4702,.T.);
#1751=ORIENTED_EDGE('',*,*,#4703,.T.);
#1752=ORIENTED_EDGE('',*,*,#4704,.F.);
#1753=ORIENTED_EDGE('',*,*,#4705,.F.);
#1754=ORIENTED_EDGE('',*,*,#4704,.T.);
#1755=ORIENTED_EDGE('',*,*,#4706,.T.);
#1756=ORIENTED_EDGE('',*,*,#4707,.F.);
#1757=ORIENTED_EDGE('',*,*,#4708,.F.);
#1758=ORIENTED_EDGE('',*,*,#4707,.T.);
#1759=ORIENTED_EDGE('',*,*,#4709,.T.);
#1760=ORIENTED_EDGE('',*,*,#4710,.F.);
#1761=ORIENTED_EDGE('',*,*,#4711,.F.);
#1762=ORIENTED_EDGE('',*,*,#4710,.T.);
#1763=ORIENTED_EDGE('',*,*,#4712,.T.);
#1764=ORIENTED_EDGE('',*,*,#4713,.F.);
#1765=ORIENTED_EDGE('',*,*,#4714,.F.);
#1766=ORIENTED_EDGE('',*,*,#4713,.T.);
#1767=ORIENTED_EDGE('',*,*,#4715,.T.);
#1768=ORIENTED_EDGE('',*,*,#4716,.F.);
#1769=ORIENTED_EDGE('',*,*,#4717,.F.);
#1770=ORIENTED_EDGE('',*,*,#4716,.T.);
#1771=ORIENTED_EDGE('',*,*,#4718,.T.);
#1772=ORIENTED_EDGE('',*,*,#4702,.F.);
#1773=ORIENTED_EDGE('',*,*,#4719,.F.);
#1774=ORIENTED_EDGE('',*,*,#4720,.T.);
#1775=ORIENTED_EDGE('',*,*,#4721,.T.);
#1776=ORIENTED_EDGE('',*,*,#4722,.F.);
#1777=ORIENTED_EDGE('',*,*,#4723,.F.);
#1778=ORIENTED_EDGE('',*,*,#4722,.T.);
#1779=ORIENTED_EDGE('',*,*,#4724,.T.);
#1780=ORIENTED_EDGE('',*,*,#4725,.F.);
#1781=ORIENTED_EDGE('',*,*,#4726,.F.);
#1782=ORIENTED_EDGE('',*,*,#4725,.T.);
#1783=ORIENTED_EDGE('',*,*,#4727,.T.);
#1784=ORIENTED_EDGE('',*,*,#4728,.F.);
#1785=ORIENTED_EDGE('',*,*,#4729,.F.);
#1786=ORIENTED_EDGE('',*,*,#4728,.T.);
#1787=ORIENTED_EDGE('',*,*,#4730,.T.);
#1788=ORIENTED_EDGE('',*,*,#4731,.F.);
#1789=ORIENTED_EDGE('',*,*,#4732,.F.);
#1790=ORIENTED_EDGE('',*,*,#4731,.T.);
#1791=ORIENTED_EDGE('',*,*,#4733,.T.);
#1792=ORIENTED_EDGE('',*,*,#4734,.F.);
#1793=ORIENTED_EDGE('',*,*,#4735,.F.);
#1794=ORIENTED_EDGE('',*,*,#4734,.T.);
#1795=ORIENTED_EDGE('',*,*,#4736,.T.);
#1796=ORIENTED_EDGE('',*,*,#4720,.F.);
#1797=ORIENTED_EDGE('',*,*,#4737,.F.);
#1798=ORIENTED_EDGE('',*,*,#4738,.T.);
#1799=ORIENTED_EDGE('',*,*,#4739,.T.);
#1800=ORIENTED_EDGE('',*,*,#4740,.F.);
#1801=ORIENTED_EDGE('',*,*,#4741,.F.);
#1802=ORIENTED_EDGE('',*,*,#4740,.T.);
#1803=ORIENTED_EDGE('',*,*,#4742,.T.);
#1804=ORIENTED_EDGE('',*,*,#4743,.F.);
#1805=ORIENTED_EDGE('',*,*,#4744,.F.);
#1806=ORIENTED_EDGE('',*,*,#4743,.T.);
#1807=ORIENTED_EDGE('',*,*,#4745,.T.);
#1808=ORIENTED_EDGE('',*,*,#4746,.F.);
#1809=ORIENTED_EDGE('',*,*,#4747,.F.);
#1810=ORIENTED_EDGE('',*,*,#4746,.T.);
#1811=ORIENTED_EDGE('',*,*,#4748,.T.);
#1812=ORIENTED_EDGE('',*,*,#4749,.F.);
#1813=ORIENTED_EDGE('',*,*,#4750,.F.);
#1814=ORIENTED_EDGE('',*,*,#4749,.T.);
#1815=ORIENTED_EDGE('',*,*,#4751,.T.);
#1816=ORIENTED_EDGE('',*,*,#4752,.F.);
#1817=ORIENTED_EDGE('',*,*,#4753,.F.);
#1818=ORIENTED_EDGE('',*,*,#4752,.T.);
#1819=ORIENTED_EDGE('',*,*,#4754,.T.);
#1820=ORIENTED_EDGE('',*,*,#4738,.F.);
#1821=ORIENTED_EDGE('',*,*,#4755,.F.);
#1822=ORIENTED_EDGE('',*,*,#4756,.T.);
#1823=ORIENTED_EDGE('',*,*,#4757,.T.);
#1824=ORIENTED_EDGE('',*,*,#4758,.F.);
#1825=ORIENTED_EDGE('',*,*,#4759,.F.);
#1826=ORIENTED_EDGE('',*,*,#4758,.T.);
#1827=ORIENTED_EDGE('',*,*,#4760,.T.);
#1828=ORIENTED_EDGE('',*,*,#4761,.F.);
#1829=ORIENTED_EDGE('',*,*,#4762,.F.);
#1830=ORIENTED_EDGE('',*,*,#4761,.T.);
#1831=ORIENTED_EDGE('',*,*,#4763,.T.);
#1832=ORIENTED_EDGE('',*,*,#4764,.F.);
#1833=ORIENTED_EDGE('',*,*,#4765,.F.);
#1834=ORIENTED_EDGE('',*,*,#4764,.T.);
#1835=ORIENTED_EDGE('',*,*,#4766,.T.);
#1836=ORIENTED_EDGE('',*,*,#4767,.F.);
#1837=ORIENTED_EDGE('',*,*,#4768,.F.);
#1838=ORIENTED_EDGE('',*,*,#4767,.T.);
#1839=ORIENTED_EDGE('',*,*,#4769,.T.);
#1840=ORIENTED_EDGE('',*,*,#4770,.F.);
#1841=ORIENTED_EDGE('',*,*,#4771,.F.);
#1842=ORIENTED_EDGE('',*,*,#4770,.T.);
#1843=ORIENTED_EDGE('',*,*,#4772,.T.);
#1844=ORIENTED_EDGE('',*,*,#4756,.F.);
#1845=ORIENTED_EDGE('',*,*,#4773,.F.);
#1846=ORIENTED_EDGE('',*,*,#4774,.T.);
#1847=ORIENTED_EDGE('',*,*,#4775,.T.);
#1848=ORIENTED_EDGE('',*,*,#4776,.F.);
#1849=ORIENTED_EDGE('',*,*,#4777,.F.);
#1850=ORIENTED_EDGE('',*,*,#4776,.T.);
#1851=ORIENTED_EDGE('',*,*,#4778,.T.);
#1852=ORIENTED_EDGE('',*,*,#4779,.F.);
#1853=ORIENTED_EDGE('',*,*,#4780,.F.);
#1854=ORIENTED_EDGE('',*,*,#4779,.T.);
#1855=ORIENTED_EDGE('',*,*,#4781,.T.);
#1856=ORIENTED_EDGE('',*,*,#4782,.F.);
#1857=ORIENTED_EDGE('',*,*,#4783,.F.);
#1858=ORIENTED_EDGE('',*,*,#4782,.T.);
#1859=ORIENTED_EDGE('',*,*,#4784,.T.);
#1860=ORIENTED_EDGE('',*,*,#4785,.F.);
#1861=ORIENTED_EDGE('',*,*,#4786,.F.);
#1862=ORIENTED_EDGE('',*,*,#4785,.T.);
#1863=ORIENTED_EDGE('',*,*,#4787,.T.);
#1864=ORIENTED_EDGE('',*,*,#4788,.F.);
#1865=ORIENTED_EDGE('',*,*,#4789,.F.);
#1866=ORIENTED_EDGE('',*,*,#4788,.T.);
#1867=ORIENTED_EDGE('',*,*,#4790,.T.);
#1868=ORIENTED_EDGE('',*,*,#4774,.F.);
#1869=ORIENTED_EDGE('',*,*,#4791,.F.);
#1870=ORIENTED_EDGE('',*,*,#4792,.T.);
#1871=ORIENTED_EDGE('',*,*,#4793,.T.);
#1872=ORIENTED_EDGE('',*,*,#4794,.F.);
#1873=ORIENTED_EDGE('',*,*,#4795,.F.);
#1874=ORIENTED_EDGE('',*,*,#4794,.T.);
#1875=ORIENTED_EDGE('',*,*,#4796,.T.);
#1876=ORIENTED_EDGE('',*,*,#4797,.F.);
#1877=ORIENTED_EDGE('',*,*,#4798,.F.);
#1878=ORIENTED_EDGE('',*,*,#4797,.T.);
#1879=ORIENTED_EDGE('',*,*,#4799,.T.);
#1880=ORIENTED_EDGE('',*,*,#4800,.F.);
#1881=ORIENTED_EDGE('',*,*,#4801,.F.);
#1882=ORIENTED_EDGE('',*,*,#4800,.T.);
#1883=ORIENTED_EDGE('',*,*,#4802,.T.);
#1884=ORIENTED_EDGE('',*,*,#4803,.F.);
#1885=ORIENTED_EDGE('',*,*,#4804,.F.);
#1886=ORIENTED_EDGE('',*,*,#4803,.T.);
#1887=ORIENTED_EDGE('',*,*,#4805,.T.);
#1888=ORIENTED_EDGE('',*,*,#4806,.F.);
#1889=ORIENTED_EDGE('',*,*,#4807,.F.);
#1890=ORIENTED_EDGE('',*,*,#4806,.T.);
#1891=ORIENTED_EDGE('',*,*,#4808,.T.);
#1892=ORIENTED_EDGE('',*,*,#4792,.F.);
#1893=ORIENTED_EDGE('',*,*,#4809,.F.);
#1894=ORIENTED_EDGE('',*,*,#4810,.T.);
#1895=ORIENTED_EDGE('',*,*,#4811,.T.);
#1896=ORIENTED_EDGE('',*,*,#4812,.F.);
#1897=ORIENTED_EDGE('',*,*,#4813,.F.);
#1898=ORIENTED_EDGE('',*,*,#4812,.T.);
#1899=ORIENTED_EDGE('',*,*,#4814,.T.);
#1900=ORIENTED_EDGE('',*,*,#4815,.F.);
#1901=ORIENTED_EDGE('',*,*,#4816,.F.);
#1902=ORIENTED_EDGE('',*,*,#4815,.T.);
#1903=ORIENTED_EDGE('',*,*,#4817,.T.);
#1904=ORIENTED_EDGE('',*,*,#4818,.F.);
#1905=ORIENTED_EDGE('',*,*,#4819,.F.);
#1906=ORIENTED_EDGE('',*,*,#4818,.T.);
#1907=ORIENTED_EDGE('',*,*,#4820,.T.);
#1908=ORIENTED_EDGE('',*,*,#4821,.F.);
#1909=ORIENTED_EDGE('',*,*,#4822,.F.);
#1910=ORIENTED_EDGE('',*,*,#4821,.T.);
#1911=ORIENTED_EDGE('',*,*,#4823,.T.);
#1912=ORIENTED_EDGE('',*,*,#4824,.F.);
#1913=ORIENTED_EDGE('',*,*,#4825,.F.);
#1914=ORIENTED_EDGE('',*,*,#4824,.T.);
#1915=ORIENTED_EDGE('',*,*,#4826,.T.);
#1916=ORIENTED_EDGE('',*,*,#4810,.F.);
#1917=ORIENTED_EDGE('',*,*,#4827,.F.);
#1918=ORIENTED_EDGE('',*,*,#4828,.T.);
#1919=ORIENTED_EDGE('',*,*,#4829,.T.);
#1920=ORIENTED_EDGE('',*,*,#4830,.F.);
#1921=ORIENTED_EDGE('',*,*,#4831,.F.);
#1922=ORIENTED_EDGE('',*,*,#4830,.T.);
#1923=ORIENTED_EDGE('',*,*,#4832,.T.);
#1924=ORIENTED_EDGE('',*,*,#4833,.F.);
#1925=ORIENTED_EDGE('',*,*,#4834,.F.);
#1926=ORIENTED_EDGE('',*,*,#4833,.T.);
#1927=ORIENTED_EDGE('',*,*,#4835,.T.);
#1928=ORIENTED_EDGE('',*,*,#4836,.F.);
#1929=ORIENTED_EDGE('',*,*,#4837,.F.);
#1930=ORIENTED_EDGE('',*,*,#4836,.T.);
#1931=ORIENTED_EDGE('',*,*,#4838,.T.);
#1932=ORIENTED_EDGE('',*,*,#4839,.F.);
#1933=ORIENTED_EDGE('',*,*,#4840,.F.);
#1934=ORIENTED_EDGE('',*,*,#4839,.T.);
#1935=ORIENTED_EDGE('',*,*,#4841,.T.);
#1936=ORIENTED_EDGE('',*,*,#4842,.F.);
#1937=ORIENTED_EDGE('',*,*,#4843,.F.);
#1938=ORIENTED_EDGE('',*,*,#4842,.T.);
#1939=ORIENTED_EDGE('',*,*,#4844,.T.);
#1940=ORIENTED_EDGE('',*,*,#4828,.F.);
#1941=ORIENTED_EDGE('',*,*,#4845,.F.);
#1942=ORIENTED_EDGE('',*,*,#4846,.T.);
#1943=ORIENTED_EDGE('',*,*,#4847,.T.);
#1944=ORIENTED_EDGE('',*,*,#4848,.F.);
#1945=ORIENTED_EDGE('',*,*,#4849,.F.);
#1946=ORIENTED_EDGE('',*,*,#4848,.T.);
#1947=ORIENTED_EDGE('',*,*,#4850,.T.);
#1948=ORIENTED_EDGE('',*,*,#4851,.F.);
#1949=ORIENTED_EDGE('',*,*,#4852,.F.);
#1950=ORIENTED_EDGE('',*,*,#4851,.T.);
#1951=ORIENTED_EDGE('',*,*,#4853,.T.);
#1952=ORIENTED_EDGE('',*,*,#4854,.F.);
#1953=ORIENTED_EDGE('',*,*,#4855,.F.);
#1954=ORIENTED_EDGE('',*,*,#4854,.T.);
#1955=ORIENTED_EDGE('',*,*,#4856,.T.);
#1956=ORIENTED_EDGE('',*,*,#4857,.F.);
#1957=ORIENTED_EDGE('',*,*,#4858,.F.);
#1958=ORIENTED_EDGE('',*,*,#4857,.T.);
#1959=ORIENTED_EDGE('',*,*,#4859,.T.);
#1960=ORIENTED_EDGE('',*,*,#4860,.F.);
#1961=ORIENTED_EDGE('',*,*,#4861,.F.);
#1962=ORIENTED_EDGE('',*,*,#4860,.T.);
#1963=ORIENTED_EDGE('',*,*,#4862,.T.);
#1964=ORIENTED_EDGE('',*,*,#4846,.F.);
#1965=ORIENTED_EDGE('',*,*,#4863,.F.);
#1966=ORIENTED_EDGE('',*,*,#4864,.T.);
#1967=ORIENTED_EDGE('',*,*,#4865,.T.);
#1968=ORIENTED_EDGE('',*,*,#4866,.F.);
#1969=ORIENTED_EDGE('',*,*,#4867,.F.);
#1970=ORIENTED_EDGE('',*,*,#4866,.T.);
#1971=ORIENTED_EDGE('',*,*,#4868,.T.);
#1972=ORIENTED_EDGE('',*,*,#4869,.F.);
#1973=ORIENTED_EDGE('',*,*,#4870,.F.);
#1974=ORIENTED_EDGE('',*,*,#4869,.T.);
#1975=ORIENTED_EDGE('',*,*,#4871,.T.);
#1976=ORIENTED_EDGE('',*,*,#4872,.F.);
#1977=ORIENTED_EDGE('',*,*,#4873,.F.);
#1978=ORIENTED_EDGE('',*,*,#4872,.T.);
#1979=ORIENTED_EDGE('',*,*,#4874,.T.);
#1980=ORIENTED_EDGE('',*,*,#4875,.F.);
#1981=ORIENTED_EDGE('',*,*,#4876,.F.);
#1982=ORIENTED_EDGE('',*,*,#4875,.T.);
#1983=ORIENTED_EDGE('',*,*,#4877,.T.);
#1984=ORIENTED_EDGE('',*,*,#4878,.F.);
#1985=ORIENTED_EDGE('',*,*,#4879,.F.);
#1986=ORIENTED_EDGE('',*,*,#4878,.T.);
#1987=ORIENTED_EDGE('',*,*,#4880,.T.);
#1988=ORIENTED_EDGE('',*,*,#4864,.F.);
#1989=ORIENTED_EDGE('',*,*,#4881,.F.);
#1990=ORIENTED_EDGE('',*,*,#4882,.T.);
#1991=ORIENTED_EDGE('',*,*,#4883,.T.);
#1992=ORIENTED_EDGE('',*,*,#4884,.F.);
#1993=ORIENTED_EDGE('',*,*,#4885,.F.);
#1994=ORIENTED_EDGE('',*,*,#4884,.T.);
#1995=ORIENTED_EDGE('',*,*,#4886,.T.);
#1996=ORIENTED_EDGE('',*,*,#4887,.F.);
#1997=ORIENTED_EDGE('',*,*,#4888,.F.);
#1998=ORIENTED_EDGE('',*,*,#4887,.T.);
#1999=ORIENTED_EDGE('',*,*,#4889,.T.);
#2000=ORIENTED_EDGE('',*,*,#4890,.F.);
#2001=ORIENTED_EDGE('',*,*,#4891,.F.);
#2002=ORIENTED_EDGE('',*,*,#4890,.T.);
#2003=ORIENTED_EDGE('',*,*,#4892,.T.);
#2004=ORIENTED_EDGE('',*,*,#4893,.F.);
#2005=ORIENTED_EDGE('',*,*,#4894,.F.);
#2006=ORIENTED_EDGE('',*,*,#4893,.T.);
#2007=ORIENTED_EDGE('',*,*,#4895,.T.);
#2008=ORIENTED_EDGE('',*,*,#4896,.F.);
#2009=ORIENTED_EDGE('',*,*,#4897,.F.);
#2010=ORIENTED_EDGE('',*,*,#4896,.T.);
#2011=ORIENTED_EDGE('',*,*,#4898,.T.);
#2012=ORIENTED_EDGE('',*,*,#4882,.F.);
#2013=ORIENTED_EDGE('',*,*,#4899,.F.);
#2014=ORIENTED_EDGE('',*,*,#4900,.T.);
#2015=ORIENTED_EDGE('',*,*,#4901,.T.);
#2016=ORIENTED_EDGE('',*,*,#4902,.F.);
#2017=ORIENTED_EDGE('',*,*,#4903,.F.);
#2018=ORIENTED_EDGE('',*,*,#4902,.T.);
#2019=ORIENTED_EDGE('',*,*,#4904,.T.);
#2020=ORIENTED_EDGE('',*,*,#4905,.F.);
#2021=ORIENTED_EDGE('',*,*,#4906,.F.);
#2022=ORIENTED_EDGE('',*,*,#4905,.T.);
#2023=ORIENTED_EDGE('',*,*,#4907,.T.);
#2024=ORIENTED_EDGE('',*,*,#4908,.F.);
#2025=ORIENTED_EDGE('',*,*,#4909,.F.);
#2026=ORIENTED_EDGE('',*,*,#4908,.T.);
#2027=ORIENTED_EDGE('',*,*,#4910,.T.);
#2028=ORIENTED_EDGE('',*,*,#4911,.F.);
#2029=ORIENTED_EDGE('',*,*,#4912,.F.);
#2030=ORIENTED_EDGE('',*,*,#4911,.T.);
#2031=ORIENTED_EDGE('',*,*,#4913,.T.);
#2032=ORIENTED_EDGE('',*,*,#4914,.F.);
#2033=ORIENTED_EDGE('',*,*,#4915,.F.);
#2034=ORIENTED_EDGE('',*,*,#4914,.T.);
#2035=ORIENTED_EDGE('',*,*,#4916,.T.);
#2036=ORIENTED_EDGE('',*,*,#4900,.F.);
#2037=ORIENTED_EDGE('',*,*,#4917,.F.);
#2038=ORIENTED_EDGE('',*,*,#4918,.T.);
#2039=ORIENTED_EDGE('',*,*,#4919,.T.);
#2040=ORIENTED_EDGE('',*,*,#4920,.F.);
#2041=ORIENTED_EDGE('',*,*,#4921,.F.);
#2042=ORIENTED_EDGE('',*,*,#4920,.T.);
#2043=ORIENTED_EDGE('',*,*,#4922,.T.);
#2044=ORIENTED_EDGE('',*,*,#4923,.F.);
#2045=ORIENTED_EDGE('',*,*,#4924,.F.);
#2046=ORIENTED_EDGE('',*,*,#4923,.T.);
#2047=ORIENTED_EDGE('',*,*,#4925,.T.);
#2048=ORIENTED_EDGE('',*,*,#4926,.F.);
#2049=ORIENTED_EDGE('',*,*,#4927,.F.);
#2050=ORIENTED_EDGE('',*,*,#4926,.T.);
#2051=ORIENTED_EDGE('',*,*,#4928,.T.);
#2052=ORIENTED_EDGE('',*,*,#4929,.F.);
#2053=ORIENTED_EDGE('',*,*,#4930,.F.);
#2054=ORIENTED_EDGE('',*,*,#4929,.T.);
#2055=ORIENTED_EDGE('',*,*,#4931,.T.);
#2056=ORIENTED_EDGE('',*,*,#4932,.F.);
#2057=ORIENTED_EDGE('',*,*,#4933,.F.);
#2058=ORIENTED_EDGE('',*,*,#4932,.T.);
#2059=ORIENTED_EDGE('',*,*,#4934,.T.);
#2060=ORIENTED_EDGE('',*,*,#4918,.F.);
#2061=ORIENTED_EDGE('',*,*,#4935,.F.);
#2062=ORIENTED_EDGE('',*,*,#4936,.T.);
#2063=ORIENTED_EDGE('',*,*,#4937,.T.);
#2064=ORIENTED_EDGE('',*,*,#4938,.F.);
#2065=ORIENTED_EDGE('',*,*,#4939,.F.);
#2066=ORIENTED_EDGE('',*,*,#4938,.T.);
#2067=ORIENTED_EDGE('',*,*,#4940,.T.);
#2068=ORIENTED_EDGE('',*,*,#4941,.F.);
#2069=ORIENTED_EDGE('',*,*,#4942,.F.);
#2070=ORIENTED_EDGE('',*,*,#4941,.T.);
#2071=ORIENTED_EDGE('',*,*,#4943,.T.);
#2072=ORIENTED_EDGE('',*,*,#4944,.F.);
#2073=ORIENTED_EDGE('',*,*,#4945,.F.);
#2074=ORIENTED_EDGE('',*,*,#4944,.T.);
#2075=ORIENTED_EDGE('',*,*,#4946,.T.);
#2076=ORIENTED_EDGE('',*,*,#4947,.F.);
#2077=ORIENTED_EDGE('',*,*,#4948,.F.);
#2078=ORIENTED_EDGE('',*,*,#4947,.T.);
#2079=ORIENTED_EDGE('',*,*,#4949,.T.);
#2080=ORIENTED_EDGE('',*,*,#4950,.F.);
#2081=ORIENTED_EDGE('',*,*,#4951,.F.);
#2082=ORIENTED_EDGE('',*,*,#4950,.T.);
#2083=ORIENTED_EDGE('',*,*,#4952,.T.);
#2084=ORIENTED_EDGE('',*,*,#4936,.F.);
#2085=ORIENTED_EDGE('',*,*,#4953,.F.);
#2086=ORIENTED_EDGE('',*,*,#4954,.T.);
#2087=ORIENTED_EDGE('',*,*,#4955,.T.);
#2088=ORIENTED_EDGE('',*,*,#4956,.F.);
#2089=ORIENTED_EDGE('',*,*,#4957,.F.);
#2090=ORIENTED_EDGE('',*,*,#4956,.T.);
#2091=ORIENTED_EDGE('',*,*,#4958,.T.);
#2092=ORIENTED_EDGE('',*,*,#4959,.F.);
#2093=ORIENTED_EDGE('',*,*,#4960,.F.);
#2094=ORIENTED_EDGE('',*,*,#4959,.T.);
#2095=ORIENTED_EDGE('',*,*,#4961,.T.);
#2096=ORIENTED_EDGE('',*,*,#4962,.F.);
#2097=ORIENTED_EDGE('',*,*,#4963,.F.);
#2098=ORIENTED_EDGE('',*,*,#4962,.T.);
#2099=ORIENTED_EDGE('',*,*,#4964,.T.);
#2100=ORIENTED_EDGE('',*,*,#4965,.F.);
#2101=ORIENTED_EDGE('',*,*,#4966,.F.);
#2102=ORIENTED_EDGE('',*,*,#4965,.T.);
#2103=ORIENTED_EDGE('',*,*,#4967,.T.);
#2104=ORIENTED_EDGE('',*,*,#4968,.F.);
#2105=ORIENTED_EDGE('',*,*,#4969,.F.);
#2106=ORIENTED_EDGE('',*,*,#4968,.T.);
#2107=ORIENTED_EDGE('',*,*,#4970,.T.);
#2108=ORIENTED_EDGE('',*,*,#4954,.F.);
#2109=ORIENTED_EDGE('',*,*,#4971,.F.);
#2110=ORIENTED_EDGE('',*,*,#4972,.T.);
#2111=ORIENTED_EDGE('',*,*,#4973,.T.);
#2112=ORIENTED_EDGE('',*,*,#4974,.F.);
#2113=ORIENTED_EDGE('',*,*,#4975,.F.);
#2114=ORIENTED_EDGE('',*,*,#4974,.T.);
#2115=ORIENTED_EDGE('',*,*,#4976,.T.);
#2116=ORIENTED_EDGE('',*,*,#4977,.F.);
#2117=ORIENTED_EDGE('',*,*,#4978,.F.);
#2118=ORIENTED_EDGE('',*,*,#4977,.T.);
#2119=ORIENTED_EDGE('',*,*,#4979,.T.);
#2120=ORIENTED_EDGE('',*,*,#4980,.F.);
#2121=ORIENTED_EDGE('',*,*,#4981,.F.);
#2122=ORIENTED_EDGE('',*,*,#4980,.T.);
#2123=ORIENTED_EDGE('',*,*,#4982,.T.);
#2124=ORIENTED_EDGE('',*,*,#4983,.F.);
#2125=ORIENTED_EDGE('',*,*,#4984,.F.);
#2126=ORIENTED_EDGE('',*,*,#4983,.T.);
#2127=ORIENTED_EDGE('',*,*,#4985,.T.);
#2128=ORIENTED_EDGE('',*,*,#4986,.F.);
#2129=ORIENTED_EDGE('',*,*,#4987,.F.);
#2130=ORIENTED_EDGE('',*,*,#4986,.T.);
#2131=ORIENTED_EDGE('',*,*,#4988,.T.);
#2132=ORIENTED_EDGE('',*,*,#4972,.F.);
#2133=ORIENTED_EDGE('',*,*,#4989,.F.);
#2134=ORIENTED_EDGE('',*,*,#4990,.T.);
#2135=ORIENTED_EDGE('',*,*,#4991,.T.);
#2136=ORIENTED_EDGE('',*,*,#4992,.F.);
#2137=ORIENTED_EDGE('',*,*,#4993,.F.);
#2138=ORIENTED_EDGE('',*,*,#4992,.T.);
#2139=ORIENTED_EDGE('',*,*,#4994,.T.);
#2140=ORIENTED_EDGE('',*,*,#4995,.F.);
#2141=ORIENTED_EDGE('',*,*,#4996,.F.);
#2142=ORIENTED_EDGE('',*,*,#4995,.T.);
#2143=ORIENTED_EDGE('',*,*,#4997,.T.);
#2144=ORIENTED_EDGE('',*,*,#4998,.F.);
#2145=ORIENTED_EDGE('',*,*,#4999,.F.);
#2146=ORIENTED_EDGE('',*,*,#4998,.T.);
#2147=ORIENTED_EDGE('',*,*,#5000,.T.);
#2148=ORIENTED_EDGE('',*,*,#5001,.F.);
#2149=ORIENTED_EDGE('',*,*,#5002,.F.);
#2150=ORIENTED_EDGE('',*,*,#5001,.T.);
#2151=ORIENTED_EDGE('',*,*,#5003,.T.);
#2152=ORIENTED_EDGE('',*,*,#5004,.F.);
#2153=ORIENTED_EDGE('',*,*,#5005,.F.);
#2154=ORIENTED_EDGE('',*,*,#5004,.T.);
#2155=ORIENTED_EDGE('',*,*,#5006,.T.);
#2156=ORIENTED_EDGE('',*,*,#4990,.F.);
#2157=ORIENTED_EDGE('',*,*,#5007,.F.);
#2158=ORIENTED_EDGE('',*,*,#5008,.T.);
#2159=ORIENTED_EDGE('',*,*,#5009,.T.);
#2160=ORIENTED_EDGE('',*,*,#5010,.F.);
#2161=ORIENTED_EDGE('',*,*,#5011,.F.);
#2162=ORIENTED_EDGE('',*,*,#5010,.T.);
#2163=ORIENTED_EDGE('',*,*,#5012,.T.);
#2164=ORIENTED_EDGE('',*,*,#5013,.F.);
#2165=ORIENTED_EDGE('',*,*,#5014,.F.);
#2166=ORIENTED_EDGE('',*,*,#5013,.T.);
#2167=ORIENTED_EDGE('',*,*,#5015,.T.);
#2168=ORIENTED_EDGE('',*,*,#5016,.F.);
#2169=ORIENTED_EDGE('',*,*,#5017,.F.);
#2170=ORIENTED_EDGE('',*,*,#5016,.T.);
#2171=ORIENTED_EDGE('',*,*,#5018,.T.);
#2172=ORIENTED_EDGE('',*,*,#5019,.F.);
#2173=ORIENTED_EDGE('',*,*,#5020,.F.);
#2174=ORIENTED_EDGE('',*,*,#5019,.T.);
#2175=ORIENTED_EDGE('',*,*,#5021,.T.);
#2176=ORIENTED_EDGE('',*,*,#5022,.F.);
#2177=ORIENTED_EDGE('',*,*,#5023,.F.);
#2178=ORIENTED_EDGE('',*,*,#5022,.T.);
#2179=ORIENTED_EDGE('',*,*,#5024,.T.);
#2180=ORIENTED_EDGE('',*,*,#5008,.F.);
#2181=ORIENTED_EDGE('',*,*,#5025,.F.);
#2182=ORIENTED_EDGE('',*,*,#5026,.T.);
#2183=ORIENTED_EDGE('',*,*,#5027,.T.);
#2184=ORIENTED_EDGE('',*,*,#5028,.F.);
#2185=ORIENTED_EDGE('',*,*,#5029,.F.);
#2186=ORIENTED_EDGE('',*,*,#5028,.T.);
#2187=ORIENTED_EDGE('',*,*,#5030,.T.);
#2188=ORIENTED_EDGE('',*,*,#5031,.F.);
#2189=ORIENTED_EDGE('',*,*,#5032,.F.);
#2190=ORIENTED_EDGE('',*,*,#5031,.T.);
#2191=ORIENTED_EDGE('',*,*,#5033,.T.);
#2192=ORIENTED_EDGE('',*,*,#5034,.F.);
#2193=ORIENTED_EDGE('',*,*,#5035,.F.);
#2194=ORIENTED_EDGE('',*,*,#5034,.T.);
#2195=ORIENTED_EDGE('',*,*,#5036,.T.);
#2196=ORIENTED_EDGE('',*,*,#5037,.F.);
#2197=ORIENTED_EDGE('',*,*,#5038,.F.);
#2198=ORIENTED_EDGE('',*,*,#5037,.T.);
#2199=ORIENTED_EDGE('',*,*,#5039,.T.);
#2200=ORIENTED_EDGE('',*,*,#5040,.F.);
#2201=ORIENTED_EDGE('',*,*,#5041,.F.);
#2202=ORIENTED_EDGE('',*,*,#5040,.T.);
#2203=ORIENTED_EDGE('',*,*,#5042,.T.);
#2204=ORIENTED_EDGE('',*,*,#5026,.F.);
#2205=ORIENTED_EDGE('',*,*,#5043,.F.);
#2206=ORIENTED_EDGE('',*,*,#5044,.T.);
#2207=ORIENTED_EDGE('',*,*,#5045,.T.);
#2208=ORIENTED_EDGE('',*,*,#5046,.F.);
#2209=ORIENTED_EDGE('',*,*,#5047,.F.);
#2210=ORIENTED_EDGE('',*,*,#5046,.T.);
#2211=ORIENTED_EDGE('',*,*,#5048,.T.);
#2212=ORIENTED_EDGE('',*,*,#5049,.F.);
#2213=ORIENTED_EDGE('',*,*,#5050,.F.);
#2214=ORIENTED_EDGE('',*,*,#5049,.T.);
#2215=ORIENTED_EDGE('',*,*,#5051,.T.);
#2216=ORIENTED_EDGE('',*,*,#5052,.F.);
#2217=ORIENTED_EDGE('',*,*,#5053,.F.);
#2218=ORIENTED_EDGE('',*,*,#5052,.T.);
#2219=ORIENTED_EDGE('',*,*,#5054,.T.);
#2220=ORIENTED_EDGE('',*,*,#5055,.F.);
#2221=ORIENTED_EDGE('',*,*,#5056,.F.);
#2222=ORIENTED_EDGE('',*,*,#5055,.T.);
#2223=ORIENTED_EDGE('',*,*,#5057,.T.);
#2224=ORIENTED_EDGE('',*,*,#5058,.F.);
#2225=ORIENTED_EDGE('',*,*,#5059,.F.);
#2226=ORIENTED_EDGE('',*,*,#5058,.T.);
#2227=ORIENTED_EDGE('',*,*,#5060,.T.);
#2228=ORIENTED_EDGE('',*,*,#5044,.F.);
#2229=ORIENTED_EDGE('',*,*,#5061,.F.);
#2230=ORIENTED_EDGE('',*,*,#5062,.T.);
#2231=ORIENTED_EDGE('',*,*,#5063,.T.);
#2232=ORIENTED_EDGE('',*,*,#5064,.F.);
#2233=ORIENTED_EDGE('',*,*,#5065,.F.);
#2234=ORIENTED_EDGE('',*,*,#5064,.T.);
#2235=ORIENTED_EDGE('',*,*,#5066,.T.);
#2236=ORIENTED_EDGE('',*,*,#5067,.F.);
#2237=ORIENTED_EDGE('',*,*,#5068,.F.);
#2238=ORIENTED_EDGE('',*,*,#5067,.T.);
#2239=ORIENTED_EDGE('',*,*,#5069,.T.);
#2240=ORIENTED_EDGE('',*,*,#5070,.F.);
#2241=ORIENTED_EDGE('',*,*,#5071,.F.);
#2242=ORIENTED_EDGE('',*,*,#5070,.T.);
#2243=ORIENTED_EDGE('',*,*,#5072,.T.);
#2244=ORIENTED_EDGE('',*,*,#5073,.F.);
#2245=ORIENTED_EDGE('',*,*,#5074,.F.);
#2246=ORIENTED_EDGE('',*,*,#5073,.T.);
#2247=ORIENTED_EDGE('',*,*,#5075,.T.);
#2248=ORIENTED_EDGE('',*,*,#5076,.F.);
#2249=ORIENTED_EDGE('',*,*,#5077,.F.);
#2250=ORIENTED_EDGE('',*,*,#5076,.T.);
#2251=ORIENTED_EDGE('',*,*,#5078,.T.);
#2252=ORIENTED_EDGE('',*,*,#5062,.F.);
#2253=ORIENTED_EDGE('',*,*,#5079,.F.);
#2254=ORIENTED_EDGE('',*,*,#5080,.T.);
#2255=ORIENTED_EDGE('',*,*,#5081,.T.);
#2256=ORIENTED_EDGE('',*,*,#5082,.F.);
#2257=ORIENTED_EDGE('',*,*,#5083,.F.);
#2258=ORIENTED_EDGE('',*,*,#5082,.T.);
#2259=ORIENTED_EDGE('',*,*,#5084,.T.);
#2260=ORIENTED_EDGE('',*,*,#5085,.F.);
#2261=ORIENTED_EDGE('',*,*,#5086,.F.);
#2262=ORIENTED_EDGE('',*,*,#5085,.T.);
#2263=ORIENTED_EDGE('',*,*,#5087,.T.);
#2264=ORIENTED_EDGE('',*,*,#5088,.F.);
#2265=ORIENTED_EDGE('',*,*,#5089,.F.);
#2266=ORIENTED_EDGE('',*,*,#5088,.T.);
#2267=ORIENTED_EDGE('',*,*,#5090,.T.);
#2268=ORIENTED_EDGE('',*,*,#5091,.F.);
#2269=ORIENTED_EDGE('',*,*,#5092,.F.);
#2270=ORIENTED_EDGE('',*,*,#5091,.T.);
#2271=ORIENTED_EDGE('',*,*,#5093,.T.);
#2272=ORIENTED_EDGE('',*,*,#5094,.F.);
#2273=ORIENTED_EDGE('',*,*,#5095,.F.);
#2274=ORIENTED_EDGE('',*,*,#5094,.T.);
#2275=ORIENTED_EDGE('',*,*,#5096,.T.);
#2276=ORIENTED_EDGE('',*,*,#5080,.F.);
#2277=ORIENTED_EDGE('',*,*,#5097,.F.);
#2278=ORIENTED_EDGE('',*,*,#5098,.F.);
#2279=ORIENTED_EDGE('',*,*,#5099,.F.);
#2280=ORIENTED_EDGE('',*,*,#5100,.T.);
#2281=ORIENTED_EDGE('',*,*,#5101,.T.);
#2282=ORIENTED_EDGE('',*,*,#5102,.T.);
#2283=ORIENTED_EDGE('',*,*,#5103,.T.);
#2284=ORIENTED_EDGE('',*,*,#5104,.T.);
#2285=ORIENTED_EDGE('',*,*,#5105,.T.);
#2286=ORIENTED_EDGE('',*,*,#5106,.T.);
#2287=ORIENTED_EDGE('',*,*,#5107,.T.);
#2288=ORIENTED_EDGE('',*,*,#5108,.F.);
#2289=ORIENTED_EDGE('',*,*,#4565,.T.);
#2290=ORIENTED_EDGE('',*,*,#4570,.T.);
#2291=ORIENTED_EDGE('',*,*,#4572,.T.);
#2292=ORIENTED_EDGE('',*,*,#4554,.T.);
#2293=ORIENTED_EDGE('',*,*,#4559,.T.);
#2294=ORIENTED_EDGE('',*,*,#5109,.F.);
#2295=ORIENTED_EDGE('',*,*,#4679,.T.);
#2296=ORIENTED_EDGE('',*,*,#4683,.T.);
#2297=ORIENTED_EDGE('',*,*,#4666,.T.);
#2298=ORIENTED_EDGE('',*,*,#4670,.T.);
#2299=ORIENTED_EDGE('',*,*,#3560,.F.);
#2300=ORIENTED_EDGE('',*,*,#5110,.F.);
#2301=ORIENTED_EDGE('',*,*,#5111,.T.);
#2302=ORIENTED_EDGE('',*,*,#5112,.T.);
#2303=ORIENTED_EDGE('',*,*,#5113,.T.);
#2304=ORIENTED_EDGE('',*,*,#5114,.T.);
#2305=ORIENTED_EDGE('',*,*,#5115,.F.);
#2306=ORIENTED_EDGE('',*,*,#5116,.F.);
#2307=ORIENTED_EDGE('',*,*,#5117,.T.);
#2308=ORIENTED_EDGE('',*,*,#5118,.T.);
#2309=ORIENTED_EDGE('',*,*,#5119,.T.);
#2310=ORIENTED_EDGE('',*,*,#5097,.T.);
#2311=ORIENTED_EDGE('',*,*,#5083,.T.);
#2312=ORIENTED_EDGE('',*,*,#5086,.T.);
#2313=ORIENTED_EDGE('',*,*,#5089,.T.);
#2314=ORIENTED_EDGE('',*,*,#5092,.T.);
#2315=ORIENTED_EDGE('',*,*,#5095,.T.);
#2316=ORIENTED_EDGE('',*,*,#5079,.T.);
#2317=ORIENTED_EDGE('',*,*,#5065,.T.);
#2318=ORIENTED_EDGE('',*,*,#5068,.T.);
#2319=ORIENTED_EDGE('',*,*,#5071,.T.);
#2320=ORIENTED_EDGE('',*,*,#5074,.T.);
#2321=ORIENTED_EDGE('',*,*,#5077,.T.);
#2322=ORIENTED_EDGE('',*,*,#5061,.T.);
#2323=ORIENTED_EDGE('',*,*,#5047,.T.);
#2324=ORIENTED_EDGE('',*,*,#5050,.T.);
#2325=ORIENTED_EDGE('',*,*,#5053,.T.);
#2326=ORIENTED_EDGE('',*,*,#5056,.T.);
#2327=ORIENTED_EDGE('',*,*,#5059,.T.);
#2328=ORIENTED_EDGE('',*,*,#5043,.T.);
#2329=ORIENTED_EDGE('',*,*,#5029,.T.);
#2330=ORIENTED_EDGE('',*,*,#5032,.T.);
#2331=ORIENTED_EDGE('',*,*,#5035,.T.);
#2332=ORIENTED_EDGE('',*,*,#5038,.T.);
#2333=ORIENTED_EDGE('',*,*,#5041,.T.);
#2334=ORIENTED_EDGE('',*,*,#5025,.T.);
#2335=ORIENTED_EDGE('',*,*,#5011,.T.);
#2336=ORIENTED_EDGE('',*,*,#5014,.T.);
#2337=ORIENTED_EDGE('',*,*,#5017,.T.);
#2338=ORIENTED_EDGE('',*,*,#5020,.T.);
#2339=ORIENTED_EDGE('',*,*,#5023,.T.);
#2340=ORIENTED_EDGE('',*,*,#5007,.T.);
#2341=ORIENTED_EDGE('',*,*,#4993,.T.);
#2342=ORIENTED_EDGE('',*,*,#4996,.T.);
#2343=ORIENTED_EDGE('',*,*,#4999,.T.);
#2344=ORIENTED_EDGE('',*,*,#5002,.T.);
#2345=ORIENTED_EDGE('',*,*,#5005,.T.);
#2346=ORIENTED_EDGE('',*,*,#4989,.T.);
#2347=ORIENTED_EDGE('',*,*,#4975,.T.);
#2348=ORIENTED_EDGE('',*,*,#4978,.T.);
#2349=ORIENTED_EDGE('',*,*,#4981,.T.);
#2350=ORIENTED_EDGE('',*,*,#4984,.T.);
#2351=ORIENTED_EDGE('',*,*,#4987,.T.);
#2352=ORIENTED_EDGE('',*,*,#4971,.T.);
#2353=ORIENTED_EDGE('',*,*,#4957,.T.);
#2354=ORIENTED_EDGE('',*,*,#4960,.T.);
#2355=ORIENTED_EDGE('',*,*,#4963,.T.);
#2356=ORIENTED_EDGE('',*,*,#4966,.T.);
#2357=ORIENTED_EDGE('',*,*,#4969,.T.);
#2358=ORIENTED_EDGE('',*,*,#4953,.T.);
#2359=ORIENTED_EDGE('',*,*,#4939,.T.);
#2360=ORIENTED_EDGE('',*,*,#4942,.T.);
#2361=ORIENTED_EDGE('',*,*,#4945,.T.);
#2362=ORIENTED_EDGE('',*,*,#4948,.T.);
#2363=ORIENTED_EDGE('',*,*,#4951,.T.);
#2364=ORIENTED_EDGE('',*,*,#4935,.T.);
#2365=ORIENTED_EDGE('',*,*,#4921,.T.);
#2366=ORIENTED_EDGE('',*,*,#4924,.T.);
#2367=ORIENTED_EDGE('',*,*,#4927,.T.);
#2368=ORIENTED_EDGE('',*,*,#4930,.T.);
#2369=ORIENTED_EDGE('',*,*,#4933,.T.);
#2370=ORIENTED_EDGE('',*,*,#4917,.T.);
#2371=ORIENTED_EDGE('',*,*,#4903,.T.);
#2372=ORIENTED_EDGE('',*,*,#4906,.T.);
#2373=ORIENTED_EDGE('',*,*,#4909,.T.);
#2374=ORIENTED_EDGE('',*,*,#4912,.T.);
#2375=ORIENTED_EDGE('',*,*,#4915,.T.);
#2376=ORIENTED_EDGE('',*,*,#4899,.T.);
#2377=ORIENTED_EDGE('',*,*,#4885,.T.);
#2378=ORIENTED_EDGE('',*,*,#4888,.T.);
#2379=ORIENTED_EDGE('',*,*,#4891,.T.);
#2380=ORIENTED_EDGE('',*,*,#4894,.T.);
#2381=ORIENTED_EDGE('',*,*,#4897,.T.);
#2382=ORIENTED_EDGE('',*,*,#4881,.T.);
#2383=ORIENTED_EDGE('',*,*,#4867,.T.);
#2384=ORIENTED_EDGE('',*,*,#4870,.T.);
#2385=ORIENTED_EDGE('',*,*,#4873,.T.);
#2386=ORIENTED_EDGE('',*,*,#4876,.T.);
#2387=ORIENTED_EDGE('',*,*,#4879,.T.);
#2388=ORIENTED_EDGE('',*,*,#4863,.T.);
#2389=ORIENTED_EDGE('',*,*,#4849,.T.);
#2390=ORIENTED_EDGE('',*,*,#4852,.T.);
#2391=ORIENTED_EDGE('',*,*,#4855,.T.);
#2392=ORIENTED_EDGE('',*,*,#4858,.T.);
#2393=ORIENTED_EDGE('',*,*,#4861,.T.);
#2394=ORIENTED_EDGE('',*,*,#4845,.T.);
#2395=ORIENTED_EDGE('',*,*,#4831,.T.);
#2396=ORIENTED_EDGE('',*,*,#4834,.T.);
#2397=ORIENTED_EDGE('',*,*,#4837,.T.);
#2398=ORIENTED_EDGE('',*,*,#4840,.T.);
#2399=ORIENTED_EDGE('',*,*,#4843,.T.);
#2400=ORIENTED_EDGE('',*,*,#4827,.T.);
#2401=ORIENTED_EDGE('',*,*,#4813,.T.);
#2402=ORIENTED_EDGE('',*,*,#4816,.T.);
#2403=ORIENTED_EDGE('',*,*,#4819,.T.);
#2404=ORIENTED_EDGE('',*,*,#4822,.T.);
#2405=ORIENTED_EDGE('',*,*,#4825,.T.);
#2406=ORIENTED_EDGE('',*,*,#4809,.T.);
#2407=ORIENTED_EDGE('',*,*,#4795,.T.);
#2408=ORIENTED_EDGE('',*,*,#4798,.T.);
#2409=ORIENTED_EDGE('',*,*,#4801,.T.);
#2410=ORIENTED_EDGE('',*,*,#4804,.T.);
#2411=ORIENTED_EDGE('',*,*,#4807,.T.);
#2412=ORIENTED_EDGE('',*,*,#4791,.T.);
#2413=ORIENTED_EDGE('',*,*,#4777,.T.);
#2414=ORIENTED_EDGE('',*,*,#4780,.T.);
#2415=ORIENTED_EDGE('',*,*,#4783,.T.);
#2416=ORIENTED_EDGE('',*,*,#4786,.T.);
#2417=ORIENTED_EDGE('',*,*,#4789,.T.);
#2418=ORIENTED_EDGE('',*,*,#4773,.T.);
#2419=ORIENTED_EDGE('',*,*,#4759,.T.);
#2420=ORIENTED_EDGE('',*,*,#4762,.T.);
#2421=ORIENTED_EDGE('',*,*,#4765,.T.);
#2422=ORIENTED_EDGE('',*,*,#4768,.T.);
#2423=ORIENTED_EDGE('',*,*,#4771,.T.);
#2424=ORIENTED_EDGE('',*,*,#4755,.T.);
#2425=ORIENTED_EDGE('',*,*,#4741,.T.);
#2426=ORIENTED_EDGE('',*,*,#4744,.T.);
#2427=ORIENTED_EDGE('',*,*,#4747,.T.);
#2428=ORIENTED_EDGE('',*,*,#4750,.T.);
#2429=ORIENTED_EDGE('',*,*,#4753,.T.);
#2430=ORIENTED_EDGE('',*,*,#4737,.T.);
#2431=ORIENTED_EDGE('',*,*,#4723,.T.);
#2432=ORIENTED_EDGE('',*,*,#4726,.T.);
#2433=ORIENTED_EDGE('',*,*,#4729,.T.);
#2434=ORIENTED_EDGE('',*,*,#4732,.T.);
#2435=ORIENTED_EDGE('',*,*,#4735,.T.);
#2436=ORIENTED_EDGE('',*,*,#4719,.T.);
#2437=ORIENTED_EDGE('',*,*,#4705,.T.);
#2438=ORIENTED_EDGE('',*,*,#4708,.T.);
#2439=ORIENTED_EDGE('',*,*,#4711,.T.);
#2440=ORIENTED_EDGE('',*,*,#4714,.T.);
#2441=ORIENTED_EDGE('',*,*,#4717,.T.);
#2442=ORIENTED_EDGE('',*,*,#4701,.T.);
#2443=ORIENTED_EDGE('',*,*,#4687,.T.);
#2444=ORIENTED_EDGE('',*,*,#4690,.T.);
#2445=ORIENTED_EDGE('',*,*,#4693,.T.);
#2446=ORIENTED_EDGE('',*,*,#4696,.T.);
#2447=ORIENTED_EDGE('',*,*,#4699,.T.);
#2448=ORIENTED_EDGE('',*,*,#4662,.T.);
#2449=ORIENTED_EDGE('',*,*,#4648,.T.);
#2450=ORIENTED_EDGE('',*,*,#4651,.T.);
#2451=ORIENTED_EDGE('',*,*,#4654,.T.);
#2452=ORIENTED_EDGE('',*,*,#4657,.T.);
#2453=ORIENTED_EDGE('',*,*,#4660,.T.);
#2454=ORIENTED_EDGE('',*,*,#4644,.T.);
#2455=ORIENTED_EDGE('',*,*,#4630,.T.);
#2456=ORIENTED_EDGE('',*,*,#4633,.T.);
#2457=ORIENTED_EDGE('',*,*,#4636,.T.);
#2458=ORIENTED_EDGE('',*,*,#4639,.T.);
#2459=ORIENTED_EDGE('',*,*,#4642,.T.);
#2460=ORIENTED_EDGE('',*,*,#4626,.T.);
#2461=ORIENTED_EDGE('',*,*,#4612,.T.);
#2462=ORIENTED_EDGE('',*,*,#4615,.T.);
#2463=ORIENTED_EDGE('',*,*,#4618,.T.);
#2464=ORIENTED_EDGE('',*,*,#4621,.T.);
#2465=ORIENTED_EDGE('',*,*,#4624,.T.);
#2466=ORIENTED_EDGE('',*,*,#4608,.T.);
#2467=ORIENTED_EDGE('',*,*,#4594,.T.);
#2468=ORIENTED_EDGE('',*,*,#4597,.T.);
#2469=ORIENTED_EDGE('',*,*,#4600,.T.);
#2470=ORIENTED_EDGE('',*,*,#4603,.T.);
#2471=ORIENTED_EDGE('',*,*,#4606,.T.);
#2472=ORIENTED_EDGE('',*,*,#4590,.T.);
#2473=ORIENTED_EDGE('',*,*,#4576,.T.);
#2474=ORIENTED_EDGE('',*,*,#4579,.T.);
#2475=ORIENTED_EDGE('',*,*,#4582,.T.);
#2476=ORIENTED_EDGE('',*,*,#4585,.T.);
#2477=ORIENTED_EDGE('',*,*,#4588,.T.);
#2478=ORIENTED_EDGE('',*,*,#4550,.T.);
#2479=ORIENTED_EDGE('',*,*,#4536,.T.);
#2480=ORIENTED_EDGE('',*,*,#4539,.T.);
#2481=ORIENTED_EDGE('',*,*,#4542,.T.);
#2482=ORIENTED_EDGE('',*,*,#4545,.T.);
#2483=ORIENTED_EDGE('',*,*,#4548,.T.);
#2484=ORIENTED_EDGE('',*,*,#4532,.T.);
#2485=ORIENTED_EDGE('',*,*,#4518,.T.);
#2486=ORIENTED_EDGE('',*,*,#4521,.T.);
#2487=ORIENTED_EDGE('',*,*,#4524,.T.);
#2488=ORIENTED_EDGE('',*,*,#4527,.T.);
#2489=ORIENTED_EDGE('',*,*,#4530,.T.);
#2490=ORIENTED_EDGE('',*,*,#4514,.T.);
#2491=ORIENTED_EDGE('',*,*,#4500,.T.);
#2492=ORIENTED_EDGE('',*,*,#4503,.T.);
#2493=ORIENTED_EDGE('',*,*,#4506,.T.);
#2494=ORIENTED_EDGE('',*,*,#4509,.T.);
#2495=ORIENTED_EDGE('',*,*,#4512,.T.);
#2496=ORIENTED_EDGE('',*,*,#4496,.T.);
#2497=ORIENTED_EDGE('',*,*,#4482,.T.);
#2498=ORIENTED_EDGE('',*,*,#4485,.T.);
#2499=ORIENTED_EDGE('',*,*,#4488,.T.);
#2500=ORIENTED_EDGE('',*,*,#4491,.T.);
#2501=ORIENTED_EDGE('',*,*,#4494,.T.);
#2502=ORIENTED_EDGE('',*,*,#4478,.T.);
#2503=ORIENTED_EDGE('',*,*,#4464,.T.);
#2504=ORIENTED_EDGE('',*,*,#4467,.T.);
#2505=ORIENTED_EDGE('',*,*,#4470,.T.);
#2506=ORIENTED_EDGE('',*,*,#4473,.T.);
#2507=ORIENTED_EDGE('',*,*,#4476,.T.);
#2508=ORIENTED_EDGE('',*,*,#4460,.T.);
#2509=ORIENTED_EDGE('',*,*,#4446,.T.);
#2510=ORIENTED_EDGE('',*,*,#4449,.T.);
#2511=ORIENTED_EDGE('',*,*,#4452,.T.);
#2512=ORIENTED_EDGE('',*,*,#4455,.T.);
#2513=ORIENTED_EDGE('',*,*,#4458,.T.);
#2514=ORIENTED_EDGE('',*,*,#4442,.T.);
#2515=ORIENTED_EDGE('',*,*,#4428,.T.);
#2516=ORIENTED_EDGE('',*,*,#4431,.T.);
#2517=ORIENTED_EDGE('',*,*,#4434,.T.);
#2518=ORIENTED_EDGE('',*,*,#4437,.T.);
#2519=ORIENTED_EDGE('',*,*,#4440,.T.);
#2520=ORIENTED_EDGE('',*,*,#4424,.T.);
#2521=ORIENTED_EDGE('',*,*,#4410,.T.);
#2522=ORIENTED_EDGE('',*,*,#4413,.T.);
#2523=ORIENTED_EDGE('',*,*,#4416,.T.);
#2524=ORIENTED_EDGE('',*,*,#4419,.T.);
#2525=ORIENTED_EDGE('',*,*,#4422,.T.);
#2526=ORIENTED_EDGE('',*,*,#4406,.T.);
#2527=ORIENTED_EDGE('',*,*,#4392,.T.);
#2528=ORIENTED_EDGE('',*,*,#4395,.T.);
#2529=ORIENTED_EDGE('',*,*,#4398,.T.);
#2530=ORIENTED_EDGE('',*,*,#4401,.T.);
#2531=ORIENTED_EDGE('',*,*,#4404,.T.);
#2532=ORIENTED_EDGE('',*,*,#4388,.T.);
#2533=ORIENTED_EDGE('',*,*,#4374,.T.);
#2534=ORIENTED_EDGE('',*,*,#4377,.T.);
#2535=ORIENTED_EDGE('',*,*,#4380,.T.);
#2536=ORIENTED_EDGE('',*,*,#4383,.T.);
#2537=ORIENTED_EDGE('',*,*,#4386,.T.);
#2538=ORIENTED_EDGE('',*,*,#4370,.T.);
#2539=ORIENTED_EDGE('',*,*,#4356,.T.);
#2540=ORIENTED_EDGE('',*,*,#4359,.T.);
#2541=ORIENTED_EDGE('',*,*,#4362,.T.);
#2542=ORIENTED_EDGE('',*,*,#4365,.T.);
#2543=ORIENTED_EDGE('',*,*,#4368,.T.);
#2544=ORIENTED_EDGE('',*,*,#4352,.T.);
#2545=ORIENTED_EDGE('',*,*,#4338,.T.);
#2546=ORIENTED_EDGE('',*,*,#4341,.T.);
#2547=ORIENTED_EDGE('',*,*,#4344,.T.);
#2548=ORIENTED_EDGE('',*,*,#4347,.T.);
#2549=ORIENTED_EDGE('',*,*,#4350,.T.);
#2550=ORIENTED_EDGE('',*,*,#4334,.T.);
#2551=ORIENTED_EDGE('',*,*,#4320,.T.);
#2552=ORIENTED_EDGE('',*,*,#4323,.T.);
#2553=ORIENTED_EDGE('',*,*,#4326,.T.);
#2554=ORIENTED_EDGE('',*,*,#4329,.T.);
#2555=ORIENTED_EDGE('',*,*,#4332,.T.);
#2556=ORIENTED_EDGE('',*,*,#4316,.T.);
#2557=ORIENTED_EDGE('',*,*,#4302,.T.);
#2558=ORIENTED_EDGE('',*,*,#4305,.T.);
#2559=ORIENTED_EDGE('',*,*,#4308,.T.);
#2560=ORIENTED_EDGE('',*,*,#4311,.T.);
#2561=ORIENTED_EDGE('',*,*,#4314,.T.);
#2562=ORIENTED_EDGE('',*,*,#4298,.T.);
#2563=ORIENTED_EDGE('',*,*,#4284,.T.);
#2564=ORIENTED_EDGE('',*,*,#4287,.T.);
#2565=ORIENTED_EDGE('',*,*,#4290,.T.);
#2566=ORIENTED_EDGE('',*,*,#4293,.T.);
#2567=ORIENTED_EDGE('',*,*,#4296,.T.);
#2568=ORIENTED_EDGE('',*,*,#4280,.T.);
#2569=ORIENTED_EDGE('',*,*,#4266,.T.);
#2570=ORIENTED_EDGE('',*,*,#4269,.T.);
#2571=ORIENTED_EDGE('',*,*,#4272,.T.);
#2572=ORIENTED_EDGE('',*,*,#4275,.T.);
#2573=ORIENTED_EDGE('',*,*,#4278,.T.);
#2574=ORIENTED_EDGE('',*,*,#4262,.T.);
#2575=ORIENTED_EDGE('',*,*,#4248,.T.);
#2576=ORIENTED_EDGE('',*,*,#4251,.T.);
#2577=ORIENTED_EDGE('',*,*,#4254,.T.);
#2578=ORIENTED_EDGE('',*,*,#4257,.T.);
#2579=ORIENTED_EDGE('',*,*,#4260,.T.);
#2580=ORIENTED_EDGE('',*,*,#4244,.T.);
#2581=ORIENTED_EDGE('',*,*,#4230,.T.);
#2582=ORIENTED_EDGE('',*,*,#4233,.T.);
#2583=ORIENTED_EDGE('',*,*,#4236,.T.);
#2584=ORIENTED_EDGE('',*,*,#4239,.T.);
#2585=ORIENTED_EDGE('',*,*,#4242,.T.);
#2586=ORIENTED_EDGE('',*,*,#4226,.T.);
#2587=ORIENTED_EDGE('',*,*,#4212,.T.);
#2588=ORIENTED_EDGE('',*,*,#4215,.T.);
#2589=ORIENTED_EDGE('',*,*,#4218,.T.);
#2590=ORIENTED_EDGE('',*,*,#4221,.T.);
#2591=ORIENTED_EDGE('',*,*,#4224,.T.);
#2592=ORIENTED_EDGE('',*,*,#4208,.T.);
#2593=ORIENTED_EDGE('',*,*,#4194,.T.);
#2594=ORIENTED_EDGE('',*,*,#4197,.T.);
#2595=ORIENTED_EDGE('',*,*,#4200,.T.);
#2596=ORIENTED_EDGE('',*,*,#4203,.T.);
#2597=ORIENTED_EDGE('',*,*,#4206,.T.);
#2598=ORIENTED_EDGE('',*,*,#4190,.T.);
#2599=ORIENTED_EDGE('',*,*,#4176,.T.);
#2600=ORIENTED_EDGE('',*,*,#4179,.T.);
#2601=ORIENTED_EDGE('',*,*,#4182,.T.);
#2602=ORIENTED_EDGE('',*,*,#4185,.T.);
#2603=ORIENTED_EDGE('',*,*,#4188,.T.);
#2604=ORIENTED_EDGE('',*,*,#4172,.T.);
#2605=ORIENTED_EDGE('',*,*,#4158,.T.);
#2606=ORIENTED_EDGE('',*,*,#4161,.T.);
#2607=ORIENTED_EDGE('',*,*,#4164,.T.);
#2608=ORIENTED_EDGE('',*,*,#4167,.T.);
#2609=ORIENTED_EDGE('',*,*,#4170,.T.);
#2610=ORIENTED_EDGE('',*,*,#4154,.T.);
#2611=ORIENTED_EDGE('',*,*,#4140,.T.);
#2612=ORIENTED_EDGE('',*,*,#4143,.T.);
#2613=ORIENTED_EDGE('',*,*,#4146,.T.);
#2614=ORIENTED_EDGE('',*,*,#4149,.T.);
#2615=ORIENTED_EDGE('',*,*,#4152,.T.);
#2616=ORIENTED_EDGE('',*,*,#4136,.T.);
#2617=ORIENTED_EDGE('',*,*,#4122,.T.);
#2618=ORIENTED_EDGE('',*,*,#4125,.T.);
#2619=ORIENTED_EDGE('',*,*,#4128,.T.);
#2620=ORIENTED_EDGE('',*,*,#4131,.T.);
#2621=ORIENTED_EDGE('',*,*,#4134,.T.);
#2622=ORIENTED_EDGE('',*,*,#4118,.T.);
#2623=ORIENTED_EDGE('',*,*,#4104,.T.);
#2624=ORIENTED_EDGE('',*,*,#4107,.T.);
#2625=ORIENTED_EDGE('',*,*,#4110,.T.);
#2626=ORIENTED_EDGE('',*,*,#4113,.T.);
#2627=ORIENTED_EDGE('',*,*,#4116,.T.);
#2628=ORIENTED_EDGE('',*,*,#4100,.T.);
#2629=ORIENTED_EDGE('',*,*,#4086,.T.);
#2630=ORIENTED_EDGE('',*,*,#4089,.T.);
#2631=ORIENTED_EDGE('',*,*,#4092,.T.);
#2632=ORIENTED_EDGE('',*,*,#4095,.T.);
#2633=ORIENTED_EDGE('',*,*,#4098,.T.);
#2634=ORIENTED_EDGE('',*,*,#4082,.T.);
#2635=ORIENTED_EDGE('',*,*,#4068,.T.);
#2636=ORIENTED_EDGE('',*,*,#4071,.T.);
#2637=ORIENTED_EDGE('',*,*,#4074,.T.);
#2638=ORIENTED_EDGE('',*,*,#4077,.T.);
#2639=ORIENTED_EDGE('',*,*,#4080,.T.);
#2640=ORIENTED_EDGE('',*,*,#4064,.T.);
#2641=ORIENTED_EDGE('',*,*,#4050,.T.);
#2642=ORIENTED_EDGE('',*,*,#4053,.T.);
#2643=ORIENTED_EDGE('',*,*,#4056,.T.);
#2644=ORIENTED_EDGE('',*,*,#4059,.T.);
#2645=ORIENTED_EDGE('',*,*,#4062,.T.);
#2646=ORIENTED_EDGE('',*,*,#4046,.T.);
#2647=ORIENTED_EDGE('',*,*,#4032,.T.);
#2648=ORIENTED_EDGE('',*,*,#4035,.T.);
#2649=ORIENTED_EDGE('',*,*,#4038,.T.);
#2650=ORIENTED_EDGE('',*,*,#4041,.T.);
#2651=ORIENTED_EDGE('',*,*,#4044,.T.);
#2652=ORIENTED_EDGE('',*,*,#4028,.T.);
#2653=ORIENTED_EDGE('',*,*,#4014,.T.);
#2654=ORIENTED_EDGE('',*,*,#4017,.T.);
#2655=ORIENTED_EDGE('',*,*,#4020,.T.);
#2656=ORIENTED_EDGE('',*,*,#4023,.T.);
#2657=ORIENTED_EDGE('',*,*,#4026,.T.);
#2658=ORIENTED_EDGE('',*,*,#4010,.T.);
#2659=ORIENTED_EDGE('',*,*,#3996,.T.);
#2660=ORIENTED_EDGE('',*,*,#3999,.T.);
#2661=ORIENTED_EDGE('',*,*,#4002,.T.);
#2662=ORIENTED_EDGE('',*,*,#4005,.T.);
#2663=ORIENTED_EDGE('',*,*,#4008,.T.);
#2664=ORIENTED_EDGE('',*,*,#3992,.T.);
#2665=ORIENTED_EDGE('',*,*,#3978,.T.);
#2666=ORIENTED_EDGE('',*,*,#3981,.T.);
#2667=ORIENTED_EDGE('',*,*,#3984,.T.);
#2668=ORIENTED_EDGE('',*,*,#3987,.T.);
#2669=ORIENTED_EDGE('',*,*,#3990,.T.);
#2670=ORIENTED_EDGE('',*,*,#3974,.T.);
#2671=ORIENTED_EDGE('',*,*,#3960,.T.);
#2672=ORIENTED_EDGE('',*,*,#3963,.T.);
#2673=ORIENTED_EDGE('',*,*,#3966,.T.);
#2674=ORIENTED_EDGE('',*,*,#3969,.T.);
#2675=ORIENTED_EDGE('',*,*,#3972,.T.);
#2676=ORIENTED_EDGE('',*,*,#3956,.T.);
#2677=ORIENTED_EDGE('',*,*,#3942,.T.);
#2678=ORIENTED_EDGE('',*,*,#3945,.T.);
#2679=ORIENTED_EDGE('',*,*,#3948,.T.);
#2680=ORIENTED_EDGE('',*,*,#3951,.T.);
#2681=ORIENTED_EDGE('',*,*,#3954,.T.);
#2682=ORIENTED_EDGE('',*,*,#3938,.T.);
#2683=ORIENTED_EDGE('',*,*,#3924,.T.);
#2684=ORIENTED_EDGE('',*,*,#3927,.T.);
#2685=ORIENTED_EDGE('',*,*,#3930,.T.);
#2686=ORIENTED_EDGE('',*,*,#3933,.T.);
#2687=ORIENTED_EDGE('',*,*,#3936,.T.);
#2688=ORIENTED_EDGE('',*,*,#3920,.T.);
#2689=ORIENTED_EDGE('',*,*,#3906,.T.);
#2690=ORIENTED_EDGE('',*,*,#3909,.T.);
#2691=ORIENTED_EDGE('',*,*,#3912,.T.);
#2692=ORIENTED_EDGE('',*,*,#3915,.T.);
#2693=ORIENTED_EDGE('',*,*,#3918,.T.);
#2694=ORIENTED_EDGE('',*,*,#3902,.T.);
#2695=ORIENTED_EDGE('',*,*,#3888,.T.);
#2696=ORIENTED_EDGE('',*,*,#3891,.T.);
#2697=ORIENTED_EDGE('',*,*,#3894,.T.);
#2698=ORIENTED_EDGE('',*,*,#3897,.T.);
#2699=ORIENTED_EDGE('',*,*,#3900,.T.);
#2700=ORIENTED_EDGE('',*,*,#3884,.T.);
#2701=ORIENTED_EDGE('',*,*,#3870,.T.);
#2702=ORIENTED_EDGE('',*,*,#3873,.T.);
#2703=ORIENTED_EDGE('',*,*,#3876,.T.);
#2704=ORIENTED_EDGE('',*,*,#3879,.T.);
#2705=ORIENTED_EDGE('',*,*,#3882,.T.);
#2706=ORIENTED_EDGE('',*,*,#3866,.T.);
#2707=ORIENTED_EDGE('',*,*,#3852,.T.);
#2708=ORIENTED_EDGE('',*,*,#3855,.T.);
#2709=ORIENTED_EDGE('',*,*,#3858,.T.);
#2710=ORIENTED_EDGE('',*,*,#3861,.T.);
#2711=ORIENTED_EDGE('',*,*,#3864,.T.);
#2712=ORIENTED_EDGE('',*,*,#3848,.T.);
#2713=ORIENTED_EDGE('',*,*,#3834,.T.);
#2714=ORIENTED_EDGE('',*,*,#3837,.T.);
#2715=ORIENTED_EDGE('',*,*,#3840,.T.);
#2716=ORIENTED_EDGE('',*,*,#3843,.T.);
#2717=ORIENTED_EDGE('',*,*,#3846,.T.);
#2718=ORIENTED_EDGE('',*,*,#3830,.T.);
#2719=ORIENTED_EDGE('',*,*,#3816,.T.);
#2720=ORIENTED_EDGE('',*,*,#3819,.T.);
#2721=ORIENTED_EDGE('',*,*,#3822,.T.);
#2722=ORIENTED_EDGE('',*,*,#3825,.T.);
#2723=ORIENTED_EDGE('',*,*,#3828,.T.);
#2724=ORIENTED_EDGE('',*,*,#3812,.T.);
#2725=ORIENTED_EDGE('',*,*,#3798,.T.);
#2726=ORIENTED_EDGE('',*,*,#3801,.T.);
#2727=ORIENTED_EDGE('',*,*,#3804,.T.);
#2728=ORIENTED_EDGE('',*,*,#3807,.T.);
#2729=ORIENTED_EDGE('',*,*,#3810,.T.);
#2730=ORIENTED_EDGE('',*,*,#3794,.T.);
#2731=ORIENTED_EDGE('',*,*,#3780,.T.);
#2732=ORIENTED_EDGE('',*,*,#3783,.T.);
#2733=ORIENTED_EDGE('',*,*,#3786,.T.);
#2734=ORIENTED_EDGE('',*,*,#3789,.T.);
#2735=ORIENTED_EDGE('',*,*,#3792,.T.);
#2736=ORIENTED_EDGE('',*,*,#3776,.T.);
#2737=ORIENTED_EDGE('',*,*,#3762,.T.);
#2738=ORIENTED_EDGE('',*,*,#3765,.T.);
#2739=ORIENTED_EDGE('',*,*,#3768,.T.);
#2740=ORIENTED_EDGE('',*,*,#3771,.T.);
#2741=ORIENTED_EDGE('',*,*,#3774,.T.);
#2742=ORIENTED_EDGE('',*,*,#3758,.T.);
#2743=ORIENTED_EDGE('',*,*,#3744,.T.);
#2744=ORIENTED_EDGE('',*,*,#3747,.T.);
#2745=ORIENTED_EDGE('',*,*,#3750,.T.);
#2746=ORIENTED_EDGE('',*,*,#3753,.T.);
#2747=ORIENTED_EDGE('',*,*,#3756,.T.);
#2748=ORIENTED_EDGE('',*,*,#3740,.T.);
#2749=ORIENTED_EDGE('',*,*,#3726,.T.);
#2750=ORIENTED_EDGE('',*,*,#3729,.T.);
#2751=ORIENTED_EDGE('',*,*,#3732,.T.);
#2752=ORIENTED_EDGE('',*,*,#3735,.T.);
#2753=ORIENTED_EDGE('',*,*,#3738,.T.);
#2754=ORIENTED_EDGE('',*,*,#3722,.T.);
#2755=ORIENTED_EDGE('',*,*,#3708,.T.);
#2756=ORIENTED_EDGE('',*,*,#3711,.T.);
#2757=ORIENTED_EDGE('',*,*,#3714,.T.);
#2758=ORIENTED_EDGE('',*,*,#3717,.T.);
#2759=ORIENTED_EDGE('',*,*,#3720,.T.);
#2760=ORIENTED_EDGE('',*,*,#3704,.T.);
#2761=ORIENTED_EDGE('',*,*,#3690,.T.);
#2762=ORIENTED_EDGE('',*,*,#3693,.T.);
#2763=ORIENTED_EDGE('',*,*,#3696,.T.);
#2764=ORIENTED_EDGE('',*,*,#3699,.T.);
#2765=ORIENTED_EDGE('',*,*,#3702,.T.);
#2766=ORIENTED_EDGE('',*,*,#3686,.T.);
#2767=ORIENTED_EDGE('',*,*,#3672,.T.);
#2768=ORIENTED_EDGE('',*,*,#3675,.T.);
#2769=ORIENTED_EDGE('',*,*,#3678,.T.);
#2770=ORIENTED_EDGE('',*,*,#3681,.T.);
#2771=ORIENTED_EDGE('',*,*,#3684,.T.);
#2772=ORIENTED_EDGE('',*,*,#3668,.T.);
#2773=ORIENTED_EDGE('',*,*,#3654,.T.);
#2774=ORIENTED_EDGE('',*,*,#3657,.T.);
#2775=ORIENTED_EDGE('',*,*,#3660,.T.);
#2776=ORIENTED_EDGE('',*,*,#3663,.T.);
#2777=ORIENTED_EDGE('',*,*,#3666,.T.);
#2778=ORIENTED_EDGE('',*,*,#3650,.T.);
#2779=ORIENTED_EDGE('',*,*,#3636,.T.);
#2780=ORIENTED_EDGE('',*,*,#3639,.T.);
#2781=ORIENTED_EDGE('',*,*,#3642,.T.);
#2782=ORIENTED_EDGE('',*,*,#3645,.T.);
#2783=ORIENTED_EDGE('',*,*,#3648,.T.);
#2784=ORIENTED_EDGE('',*,*,#3632,.T.);
#2785=ORIENTED_EDGE('',*,*,#3618,.T.);
#2786=ORIENTED_EDGE('',*,*,#3621,.T.);
#2787=ORIENTED_EDGE('',*,*,#3624,.T.);
#2788=ORIENTED_EDGE('',*,*,#3627,.T.);
#2789=ORIENTED_EDGE('',*,*,#3630,.T.);
#2790=ORIENTED_EDGE('',*,*,#3614,.T.);
#2791=ORIENTED_EDGE('',*,*,#3600,.T.);
#2792=ORIENTED_EDGE('',*,*,#3603,.T.);
#2793=ORIENTED_EDGE('',*,*,#3606,.T.);
#2794=ORIENTED_EDGE('',*,*,#3609,.T.);
#2795=ORIENTED_EDGE('',*,*,#3612,.T.);
#2796=ORIENTED_EDGE('',*,*,#3596,.T.);
#2797=ORIENTED_EDGE('',*,*,#3582,.T.);
#2798=ORIENTED_EDGE('',*,*,#3585,.T.);
#2799=ORIENTED_EDGE('',*,*,#3588,.T.);
#2800=ORIENTED_EDGE('',*,*,#3591,.T.);
#2801=ORIENTED_EDGE('',*,*,#3594,.T.);
#2802=ORIENTED_EDGE('',*,*,#3578,.T.);
#2803=ORIENTED_EDGE('',*,*,#3564,.T.);
#2804=ORIENTED_EDGE('',*,*,#3567,.T.);
#2805=ORIENTED_EDGE('',*,*,#3570,.T.);
#2806=ORIENTED_EDGE('',*,*,#3573,.T.);
#2807=ORIENTED_EDGE('',*,*,#3576,.T.);
#2808=ORIENTED_EDGE('',*,*,#3562,.F.);
#2809=ORIENTED_EDGE('',*,*,#3577,.F.);
#2810=ORIENTED_EDGE('',*,*,#3574,.F.);
#2811=ORIENTED_EDGE('',*,*,#3571,.F.);
#2812=ORIENTED_EDGE('',*,*,#3568,.F.);
#2813=ORIENTED_EDGE('',*,*,#3565,.F.);
#2814=ORIENTED_EDGE('',*,*,#3580,.F.);
#2815=ORIENTED_EDGE('',*,*,#3595,.F.);
#2816=ORIENTED_EDGE('',*,*,#3592,.F.);
#2817=ORIENTED_EDGE('',*,*,#3589,.F.);
#2818=ORIENTED_EDGE('',*,*,#3586,.F.);
#2819=ORIENTED_EDGE('',*,*,#3583,.F.);
#2820=ORIENTED_EDGE('',*,*,#3598,.F.);
#2821=ORIENTED_EDGE('',*,*,#3613,.F.);
#2822=ORIENTED_EDGE('',*,*,#3610,.F.);
#2823=ORIENTED_EDGE('',*,*,#3607,.F.);
#2824=ORIENTED_EDGE('',*,*,#3604,.F.);
#2825=ORIENTED_EDGE('',*,*,#3601,.F.);
#2826=ORIENTED_EDGE('',*,*,#3616,.F.);
#2827=ORIENTED_EDGE('',*,*,#3631,.F.);
#2828=ORIENTED_EDGE('',*,*,#3628,.F.);
#2829=ORIENTED_EDGE('',*,*,#3625,.F.);
#2830=ORIENTED_EDGE('',*,*,#3622,.F.);
#2831=ORIENTED_EDGE('',*,*,#3619,.F.);
#2832=ORIENTED_EDGE('',*,*,#3634,.F.);
#2833=ORIENTED_EDGE('',*,*,#3649,.F.);
#2834=ORIENTED_EDGE('',*,*,#3646,.F.);
#2835=ORIENTED_EDGE('',*,*,#3643,.F.);
#2836=ORIENTED_EDGE('',*,*,#3640,.F.);
#2837=ORIENTED_EDGE('',*,*,#3637,.F.);
#2838=ORIENTED_EDGE('',*,*,#3652,.F.);
#2839=ORIENTED_EDGE('',*,*,#3667,.F.);
#2840=ORIENTED_EDGE('',*,*,#3664,.F.);
#2841=ORIENTED_EDGE('',*,*,#3661,.F.);
#2842=ORIENTED_EDGE('',*,*,#3658,.F.);
#2843=ORIENTED_EDGE('',*,*,#3655,.F.);
#2844=ORIENTED_EDGE('',*,*,#3670,.F.);
#2845=ORIENTED_EDGE('',*,*,#3685,.F.);
#2846=ORIENTED_EDGE('',*,*,#3682,.F.);
#2847=ORIENTED_EDGE('',*,*,#3679,.F.);
#2848=ORIENTED_EDGE('',*,*,#3676,.F.);
#2849=ORIENTED_EDGE('',*,*,#3673,.F.);
#2850=ORIENTED_EDGE('',*,*,#3688,.F.);
#2851=ORIENTED_EDGE('',*,*,#3703,.F.);
#2852=ORIENTED_EDGE('',*,*,#3700,.F.);
#2853=ORIENTED_EDGE('',*,*,#3697,.F.);
#2854=ORIENTED_EDGE('',*,*,#3694,.F.);
#2855=ORIENTED_EDGE('',*,*,#3691,.F.);
#2856=ORIENTED_EDGE('',*,*,#3706,.F.);
#2857=ORIENTED_EDGE('',*,*,#3721,.F.);
#2858=ORIENTED_EDGE('',*,*,#3718,.F.);
#2859=ORIENTED_EDGE('',*,*,#3715,.F.);
#2860=ORIENTED_EDGE('',*,*,#3712,.F.);
#2861=ORIENTED_EDGE('',*,*,#3709,.F.);
#2862=ORIENTED_EDGE('',*,*,#3724,.F.);
#2863=ORIENTED_EDGE('',*,*,#3739,.F.);
#2864=ORIENTED_EDGE('',*,*,#3736,.F.);
#2865=ORIENTED_EDGE('',*,*,#3733,.F.);
#2866=ORIENTED_EDGE('',*,*,#3730,.F.);
#2867=ORIENTED_EDGE('',*,*,#3727,.F.);
#2868=ORIENTED_EDGE('',*,*,#3742,.F.);
#2869=ORIENTED_EDGE('',*,*,#3757,.F.);
#2870=ORIENTED_EDGE('',*,*,#3754,.F.);
#2871=ORIENTED_EDGE('',*,*,#3751,.F.);
#2872=ORIENTED_EDGE('',*,*,#3748,.F.);
#2873=ORIENTED_EDGE('',*,*,#3745,.F.);
#2874=ORIENTED_EDGE('',*,*,#3760,.F.);
#2875=ORIENTED_EDGE('',*,*,#3775,.F.);
#2876=ORIENTED_EDGE('',*,*,#3772,.F.);
#2877=ORIENTED_EDGE('',*,*,#3769,.F.);
#2878=ORIENTED_EDGE('',*,*,#3766,.F.);
#2879=ORIENTED_EDGE('',*,*,#3763,.F.);
#2880=ORIENTED_EDGE('',*,*,#3778,.F.);
#2881=ORIENTED_EDGE('',*,*,#3793,.F.);
#2882=ORIENTED_EDGE('',*,*,#3790,.F.);
#2883=ORIENTED_EDGE('',*,*,#3787,.F.);
#2884=ORIENTED_EDGE('',*,*,#3784,.F.);
#2885=ORIENTED_EDGE('',*,*,#3781,.F.);
#2886=ORIENTED_EDGE('',*,*,#3796,.F.);
#2887=ORIENTED_EDGE('',*,*,#3811,.F.);
#2888=ORIENTED_EDGE('',*,*,#3808,.F.);
#2889=ORIENTED_EDGE('',*,*,#3805,.F.);
#2890=ORIENTED_EDGE('',*,*,#3802,.F.);
#2891=ORIENTED_EDGE('',*,*,#3799,.F.);
#2892=ORIENTED_EDGE('',*,*,#3814,.F.);
#2893=ORIENTED_EDGE('',*,*,#3829,.F.);
#2894=ORIENTED_EDGE('',*,*,#3826,.F.);
#2895=ORIENTED_EDGE('',*,*,#3823,.F.);
#2896=ORIENTED_EDGE('',*,*,#3820,.F.);
#2897=ORIENTED_EDGE('',*,*,#3817,.F.);
#2898=ORIENTED_EDGE('',*,*,#3832,.F.);
#2899=ORIENTED_EDGE('',*,*,#3847,.F.);
#2900=ORIENTED_EDGE('',*,*,#3844,.F.);
#2901=ORIENTED_EDGE('',*,*,#3841,.F.);
#2902=ORIENTED_EDGE('',*,*,#3838,.F.);
#2903=ORIENTED_EDGE('',*,*,#3835,.F.);
#2904=ORIENTED_EDGE('',*,*,#3850,.F.);
#2905=ORIENTED_EDGE('',*,*,#3865,.F.);
#2906=ORIENTED_EDGE('',*,*,#3862,.F.);
#2907=ORIENTED_EDGE('',*,*,#3859,.F.);
#2908=ORIENTED_EDGE('',*,*,#3856,.F.);
#2909=ORIENTED_EDGE('',*,*,#3853,.F.);
#2910=ORIENTED_EDGE('',*,*,#3868,.F.);
#2911=ORIENTED_EDGE('',*,*,#3883,.F.);
#2912=ORIENTED_EDGE('',*,*,#3880,.F.);
#2913=ORIENTED_EDGE('',*,*,#3877,.F.);
#2914=ORIENTED_EDGE('',*,*,#3874,.F.);
#2915=ORIENTED_EDGE('',*,*,#3871,.F.);
#2916=ORIENTED_EDGE('',*,*,#3886,.F.);
#2917=ORIENTED_EDGE('',*,*,#3901,.F.);
#2918=ORIENTED_EDGE('',*,*,#3898,.F.);
#2919=ORIENTED_EDGE('',*,*,#3895,.F.);
#2920=ORIENTED_EDGE('',*,*,#3892,.F.);
#2921=ORIENTED_EDGE('',*,*,#3889,.F.);
#2922=ORIENTED_EDGE('',*,*,#3904,.F.);
#2923=ORIENTED_EDGE('',*,*,#3919,.F.);
#2924=ORIENTED_EDGE('',*,*,#3916,.F.);
#2925=ORIENTED_EDGE('',*,*,#3913,.F.);
#2926=ORIENTED_EDGE('',*,*,#3910,.F.);
#2927=ORIENTED_EDGE('',*,*,#3907,.F.);
#2928=ORIENTED_EDGE('',*,*,#3922,.F.);
#2929=ORIENTED_EDGE('',*,*,#3937,.F.);
#2930=ORIENTED_EDGE('',*,*,#3934,.F.);
#2931=ORIENTED_EDGE('',*,*,#3931,.F.);
#2932=ORIENTED_EDGE('',*,*,#3928,.F.);
#2933=ORIENTED_EDGE('',*,*,#3925,.F.);
#2934=ORIENTED_EDGE('',*,*,#3940,.F.);
#2935=ORIENTED_EDGE('',*,*,#3955,.F.);
#2936=ORIENTED_EDGE('',*,*,#3952,.F.);
#2937=ORIENTED_EDGE('',*,*,#3949,.F.);
#2938=ORIENTED_EDGE('',*,*,#3946,.F.);
#2939=ORIENTED_EDGE('',*,*,#3943,.F.);
#2940=ORIENTED_EDGE('',*,*,#3958,.F.);
#2941=ORIENTED_EDGE('',*,*,#3973,.F.);
#2942=ORIENTED_EDGE('',*,*,#3970,.F.);
#2943=ORIENTED_EDGE('',*,*,#3967,.F.);
#2944=ORIENTED_EDGE('',*,*,#3964,.F.);
#2945=ORIENTED_EDGE('',*,*,#3961,.F.);
#2946=ORIENTED_EDGE('',*,*,#3976,.F.);
#2947=ORIENTED_EDGE('',*,*,#3991,.F.);
#2948=ORIENTED_EDGE('',*,*,#3988,.F.);
#2949=ORIENTED_EDGE('',*,*,#3985,.F.);
#2950=ORIENTED_EDGE('',*,*,#3982,.F.);
#2951=ORIENTED_EDGE('',*,*,#3979,.F.);
#2952=ORIENTED_EDGE('',*,*,#3994,.F.);
#2953=ORIENTED_EDGE('',*,*,#4009,.F.);
#2954=ORIENTED_EDGE('',*,*,#4006,.F.);
#2955=ORIENTED_EDGE('',*,*,#4003,.F.);
#2956=ORIENTED_EDGE('',*,*,#4000,.F.);
#2957=ORIENTED_EDGE('',*,*,#3997,.F.);
#2958=ORIENTED_EDGE('',*,*,#4012,.F.);
#2959=ORIENTED_EDGE('',*,*,#4027,.F.);
#2960=ORIENTED_EDGE('',*,*,#4024,.F.);
#2961=ORIENTED_EDGE('',*,*,#4021,.F.);
#2962=ORIENTED_EDGE('',*,*,#4018,.F.);
#2963=ORIENTED_EDGE('',*,*,#4015,.F.);
#2964=ORIENTED_EDGE('',*,*,#4030,.F.);
#2965=ORIENTED_EDGE('',*,*,#4045,.F.);
#2966=ORIENTED_EDGE('',*,*,#4042,.F.);
#2967=ORIENTED_EDGE('',*,*,#4039,.F.);
#2968=ORIENTED_EDGE('',*,*,#4036,.F.);
#2969=ORIENTED_EDGE('',*,*,#4033,.F.);
#2970=ORIENTED_EDGE('',*,*,#4048,.F.);
#2971=ORIENTED_EDGE('',*,*,#4063,.F.);
#2972=ORIENTED_EDGE('',*,*,#4060,.F.);
#2973=ORIENTED_EDGE('',*,*,#4057,.F.);
#2974=ORIENTED_EDGE('',*,*,#4054,.F.);
#2975=ORIENTED_EDGE('',*,*,#4051,.F.);
#2976=ORIENTED_EDGE('',*,*,#4066,.F.);
#2977=ORIENTED_EDGE('',*,*,#4081,.F.);
#2978=ORIENTED_EDGE('',*,*,#4078,.F.);
#2979=ORIENTED_EDGE('',*,*,#4075,.F.);
#2980=ORIENTED_EDGE('',*,*,#4072,.F.);
#2981=ORIENTED_EDGE('',*,*,#4069,.F.);
#2982=ORIENTED_EDGE('',*,*,#4084,.F.);
#2983=ORIENTED_EDGE('',*,*,#4099,.F.);
#2984=ORIENTED_EDGE('',*,*,#4096,.F.);
#2985=ORIENTED_EDGE('',*,*,#4093,.F.);
#2986=ORIENTED_EDGE('',*,*,#4090,.F.);
#2987=ORIENTED_EDGE('',*,*,#4087,.F.);
#2988=ORIENTED_EDGE('',*,*,#4102,.F.);
#2989=ORIENTED_EDGE('',*,*,#4117,.F.);
#2990=ORIENTED_EDGE('',*,*,#4114,.F.);
#2991=ORIENTED_EDGE('',*,*,#4111,.F.);
#2992=ORIENTED_EDGE('',*,*,#4108,.F.);
#2993=ORIENTED_EDGE('',*,*,#4105,.F.);
#2994=ORIENTED_EDGE('',*,*,#4120,.F.);
#2995=ORIENTED_EDGE('',*,*,#4135,.F.);
#2996=ORIENTED_EDGE('',*,*,#4132,.F.);
#2997=ORIENTED_EDGE('',*,*,#4129,.F.);
#2998=ORIENTED_EDGE('',*,*,#4126,.F.);
#2999=ORIENTED_EDGE('',*,*,#4123,.F.);
#3000=ORIENTED_EDGE('',*,*,#4138,.F.);
#3001=ORIENTED_EDGE('',*,*,#4153,.F.);
#3002=ORIENTED_EDGE('',*,*,#4150,.F.);
#3003=ORIENTED_EDGE('',*,*,#4147,.F.);
#3004=ORIENTED_EDGE('',*,*,#4144,.F.);
#3005=ORIENTED_EDGE('',*,*,#4141,.F.);
#3006=ORIENTED_EDGE('',*,*,#4156,.F.);
#3007=ORIENTED_EDGE('',*,*,#4171,.F.);
#3008=ORIENTED_EDGE('',*,*,#4168,.F.);
#3009=ORIENTED_EDGE('',*,*,#4165,.F.);
#3010=ORIENTED_EDGE('',*,*,#4162,.F.);
#3011=ORIENTED_EDGE('',*,*,#4159,.F.);
#3012=ORIENTED_EDGE('',*,*,#4174,.F.);
#3013=ORIENTED_EDGE('',*,*,#4189,.F.);
#3014=ORIENTED_EDGE('',*,*,#4186,.F.);
#3015=ORIENTED_EDGE('',*,*,#4183,.F.);
#3016=ORIENTED_EDGE('',*,*,#4180,.F.);
#3017=ORIENTED_EDGE('',*,*,#4177,.F.);
#3018=ORIENTED_EDGE('',*,*,#4192,.F.);
#3019=ORIENTED_EDGE('',*,*,#4207,.F.);
#3020=ORIENTED_EDGE('',*,*,#4204,.F.);
#3021=ORIENTED_EDGE('',*,*,#4201,.F.);
#3022=ORIENTED_EDGE('',*,*,#4198,.F.);
#3023=ORIENTED_EDGE('',*,*,#4195,.F.);
#3024=ORIENTED_EDGE('',*,*,#4210,.F.);
#3025=ORIENTED_EDGE('',*,*,#4225,.F.);
#3026=ORIENTED_EDGE('',*,*,#4222,.F.);
#3027=ORIENTED_EDGE('',*,*,#4219,.F.);
#3028=ORIENTED_EDGE('',*,*,#4216,.F.);
#3029=ORIENTED_EDGE('',*,*,#4213,.F.);
#3030=ORIENTED_EDGE('',*,*,#4228,.F.);
#3031=ORIENTED_EDGE('',*,*,#4243,.F.);
#3032=ORIENTED_EDGE('',*,*,#4240,.F.);
#3033=ORIENTED_EDGE('',*,*,#4237,.F.);
#3034=ORIENTED_EDGE('',*,*,#4234,.F.);
#3035=ORIENTED_EDGE('',*,*,#4231,.F.);
#3036=ORIENTED_EDGE('',*,*,#4246,.F.);
#3037=ORIENTED_EDGE('',*,*,#4261,.F.);
#3038=ORIENTED_EDGE('',*,*,#4258,.F.);
#3039=ORIENTED_EDGE('',*,*,#4255,.F.);
#3040=ORIENTED_EDGE('',*,*,#4252,.F.);
#3041=ORIENTED_EDGE('',*,*,#4249,.F.);
#3042=ORIENTED_EDGE('',*,*,#4264,.F.);
#3043=ORIENTED_EDGE('',*,*,#4279,.F.);
#3044=ORIENTED_EDGE('',*,*,#4276,.F.);
#3045=ORIENTED_EDGE('',*,*,#4273,.F.);
#3046=ORIENTED_EDGE('',*,*,#4270,.F.);
#3047=ORIENTED_EDGE('',*,*,#4267,.F.);
#3048=ORIENTED_EDGE('',*,*,#4282,.F.);
#3049=ORIENTED_EDGE('',*,*,#4297,.F.);
#3050=ORIENTED_EDGE('',*,*,#4294,.F.);
#3051=ORIENTED_EDGE('',*,*,#4291,.F.);
#3052=ORIENTED_EDGE('',*,*,#4288,.F.);
#3053=ORIENTED_EDGE('',*,*,#4285,.F.);
#3054=ORIENTED_EDGE('',*,*,#4300,.F.);
#3055=ORIENTED_EDGE('',*,*,#4315,.F.);
#3056=ORIENTED_EDGE('',*,*,#4312,.F.);
#3057=ORIENTED_EDGE('',*,*,#4309,.F.);
#3058=ORIENTED_EDGE('',*,*,#4306,.F.);
#3059=ORIENTED_EDGE('',*,*,#4303,.F.);
#3060=ORIENTED_EDGE('',*,*,#4318,.F.);
#3061=ORIENTED_EDGE('',*,*,#4333,.F.);
#3062=ORIENTED_EDGE('',*,*,#4330,.F.);
#3063=ORIENTED_EDGE('',*,*,#4327,.F.);
#3064=ORIENTED_EDGE('',*,*,#4324,.F.);
#3065=ORIENTED_EDGE('',*,*,#4321,.F.);
#3066=ORIENTED_EDGE('',*,*,#4336,.F.);
#3067=ORIENTED_EDGE('',*,*,#4351,.F.);
#3068=ORIENTED_EDGE('',*,*,#4348,.F.);
#3069=ORIENTED_EDGE('',*,*,#4345,.F.);
#3070=ORIENTED_EDGE('',*,*,#4342,.F.);
#3071=ORIENTED_EDGE('',*,*,#4339,.F.);
#3072=ORIENTED_EDGE('',*,*,#4354,.F.);
#3073=ORIENTED_EDGE('',*,*,#4369,.F.);
#3074=ORIENTED_EDGE('',*,*,#4366,.F.);
#3075=ORIENTED_EDGE('',*,*,#4363,.F.);
#3076=ORIENTED_EDGE('',*,*,#4360,.F.);
#3077=ORIENTED_EDGE('',*,*,#4357,.F.);
#3078=ORIENTED_EDGE('',*,*,#4372,.F.);
#3079=ORIENTED_EDGE('',*,*,#4387,.F.);
#3080=ORIENTED_EDGE('',*,*,#4384,.F.);
#3081=ORIENTED_EDGE('',*,*,#4381,.F.);
#3082=ORIENTED_EDGE('',*,*,#4378,.F.);
#3083=ORIENTED_EDGE('',*,*,#4375,.F.);
#3084=ORIENTED_EDGE('',*,*,#4390,.F.);
#3085=ORIENTED_EDGE('',*,*,#4405,.F.);
#3086=ORIENTED_EDGE('',*,*,#4402,.F.);
#3087=ORIENTED_EDGE('',*,*,#4399,.F.);
#3088=ORIENTED_EDGE('',*,*,#4396,.F.);
#3089=ORIENTED_EDGE('',*,*,#4393,.F.);
#3090=ORIENTED_EDGE('',*,*,#4408,.F.);
#3091=ORIENTED_EDGE('',*,*,#4423,.F.);
#3092=ORIENTED_EDGE('',*,*,#4420,.F.);
#3093=ORIENTED_EDGE('',*,*,#4417,.F.);
#3094=ORIENTED_EDGE('',*,*,#4414,.F.);
#3095=ORIENTED_EDGE('',*,*,#4411,.F.);
#3096=ORIENTED_EDGE('',*,*,#4426,.F.);
#3097=ORIENTED_EDGE('',*,*,#4441,.F.);
#3098=ORIENTED_EDGE('',*,*,#4438,.F.);
#3099=ORIENTED_EDGE('',*,*,#4435,.F.);
#3100=ORIENTED_EDGE('',*,*,#4432,.F.);
#3101=ORIENTED_EDGE('',*,*,#4429,.F.);
#3102=ORIENTED_EDGE('',*,*,#4444,.F.);
#3103=ORIENTED_EDGE('',*,*,#4459,.F.);
#3104=ORIENTED_EDGE('',*,*,#4456,.F.);
#3105=ORIENTED_EDGE('',*,*,#4453,.F.);
#3106=ORIENTED_EDGE('',*,*,#4450,.F.);
#3107=ORIENTED_EDGE('',*,*,#4447,.F.);
#3108=ORIENTED_EDGE('',*,*,#4462,.F.);
#3109=ORIENTED_EDGE('',*,*,#4477,.F.);
#3110=ORIENTED_EDGE('',*,*,#4474,.F.);
#3111=ORIENTED_EDGE('',*,*,#4471,.F.);
#3112=ORIENTED_EDGE('',*,*,#4468,.F.);
#3113=ORIENTED_EDGE('',*,*,#4465,.F.);
#3114=ORIENTED_EDGE('',*,*,#4480,.F.);
#3115=ORIENTED_EDGE('',*,*,#4495,.F.);
#3116=ORIENTED_EDGE('',*,*,#4492,.F.);
#3117=ORIENTED_EDGE('',*,*,#4489,.F.);
#3118=ORIENTED_EDGE('',*,*,#4486,.F.);
#3119=ORIENTED_EDGE('',*,*,#4483,.F.);
#3120=ORIENTED_EDGE('',*,*,#4498,.F.);
#3121=ORIENTED_EDGE('',*,*,#4513,.F.);
#3122=ORIENTED_EDGE('',*,*,#4510,.F.);
#3123=ORIENTED_EDGE('',*,*,#4507,.F.);
#3124=ORIENTED_EDGE('',*,*,#4504,.F.);
#3125=ORIENTED_EDGE('',*,*,#4501,.F.);
#3126=ORIENTED_EDGE('',*,*,#4516,.F.);
#3127=ORIENTED_EDGE('',*,*,#4531,.F.);
#3128=ORIENTED_EDGE('',*,*,#4528,.F.);
#3129=ORIENTED_EDGE('',*,*,#4525,.F.);
#3130=ORIENTED_EDGE('',*,*,#4522,.F.);
#3131=ORIENTED_EDGE('',*,*,#4519,.F.);
#3132=ORIENTED_EDGE('',*,*,#4534,.F.);
#3133=ORIENTED_EDGE('',*,*,#4549,.F.);
#3134=ORIENTED_EDGE('',*,*,#4546,.F.);
#3135=ORIENTED_EDGE('',*,*,#4543,.F.);
#3136=ORIENTED_EDGE('',*,*,#4540,.F.);
#3137=ORIENTED_EDGE('',*,*,#4537,.F.);
#3138=ORIENTED_EDGE('',*,*,#4552,.F.);
#3139=ORIENTED_EDGE('',*,*,#4571,.F.);
#3140=ORIENTED_EDGE('',*,*,#4568,.F.);
#3141=ORIENTED_EDGE('',*,*,#4563,.F.);
#3142=ORIENTED_EDGE('',*,*,#4560,.F.);
#3143=ORIENTED_EDGE('',*,*,#4555,.F.);
#3144=ORIENTED_EDGE('',*,*,#4574,.F.);
#3145=ORIENTED_EDGE('',*,*,#4589,.F.);
#3146=ORIENTED_EDGE('',*,*,#4586,.F.);
#3147=ORIENTED_EDGE('',*,*,#4583,.F.);
#3148=ORIENTED_EDGE('',*,*,#4580,.F.);
#3149=ORIENTED_EDGE('',*,*,#4577,.F.);
#3150=ORIENTED_EDGE('',*,*,#4592,.F.);
#3151=ORIENTED_EDGE('',*,*,#4607,.F.);
#3152=ORIENTED_EDGE('',*,*,#4604,.F.);
#3153=ORIENTED_EDGE('',*,*,#4601,.F.);
#3154=ORIENTED_EDGE('',*,*,#4598,.F.);
#3155=ORIENTED_EDGE('',*,*,#4595,.F.);
#3156=ORIENTED_EDGE('',*,*,#4610,.F.);
#3157=ORIENTED_EDGE('',*,*,#4625,.F.);
#3158=ORIENTED_EDGE('',*,*,#4622,.F.);
#3159=ORIENTED_EDGE('',*,*,#4619,.F.);
#3160=ORIENTED_EDGE('',*,*,#4616,.F.);
#3161=ORIENTED_EDGE('',*,*,#4613,.F.);
#3162=ORIENTED_EDGE('',*,*,#4628,.F.);
#3163=ORIENTED_EDGE('',*,*,#4643,.F.);
#3164=ORIENTED_EDGE('',*,*,#4640,.F.);
#3165=ORIENTED_EDGE('',*,*,#4637,.F.);
#3166=ORIENTED_EDGE('',*,*,#4634,.F.);
#3167=ORIENTED_EDGE('',*,*,#4631,.F.);
#3168=ORIENTED_EDGE('',*,*,#4646,.F.);
#3169=ORIENTED_EDGE('',*,*,#4661,.F.);
#3170=ORIENTED_EDGE('',*,*,#4658,.F.);
#3171=ORIENTED_EDGE('',*,*,#4655,.F.);
#3172=ORIENTED_EDGE('',*,*,#4652,.F.);
#3173=ORIENTED_EDGE('',*,*,#4649,.F.);
#3174=ORIENTED_EDGE('',*,*,#4664,.F.);
#3175=ORIENTED_EDGE('',*,*,#4682,.F.);
#3176=ORIENTED_EDGE('',*,*,#4677,.F.);
#3177=ORIENTED_EDGE('',*,*,#4674,.F.);
#3178=ORIENTED_EDGE('',*,*,#4671,.F.);
#3179=ORIENTED_EDGE('',*,*,#4667,.F.);
#3180=ORIENTED_EDGE('',*,*,#4685,.F.);
#3181=ORIENTED_EDGE('',*,*,#4700,.F.);
#3182=ORIENTED_EDGE('',*,*,#4697,.F.);
#3183=ORIENTED_EDGE('',*,*,#4694,.F.);
#3184=ORIENTED_EDGE('',*,*,#4691,.F.);
#3185=ORIENTED_EDGE('',*,*,#4688,.F.);
#3186=ORIENTED_EDGE('',*,*,#4703,.F.);
#3187=ORIENTED_EDGE('',*,*,#4718,.F.);
#3188=ORIENTED_EDGE('',*,*,#4715,.F.);
#3189=ORIENTED_EDGE('',*,*,#4712,.F.);
#3190=ORIENTED_EDGE('',*,*,#4709,.F.);
#3191=ORIENTED_EDGE('',*,*,#4706,.F.);
#3192=ORIENTED_EDGE('',*,*,#4721,.F.);
#3193=ORIENTED_EDGE('',*,*,#4736,.F.);
#3194=ORIENTED_EDGE('',*,*,#4733,.F.);
#3195=ORIENTED_EDGE('',*,*,#4730,.F.);
#3196=ORIENTED_EDGE('',*,*,#4727,.F.);
#3197=ORIENTED_EDGE('',*,*,#4724,.F.);
#3198=ORIENTED_EDGE('',*,*,#4739,.F.);
#3199=ORIENTED_EDGE('',*,*,#4754,.F.);
#3200=ORIENTED_EDGE('',*,*,#4751,.F.);
#3201=ORIENTED_EDGE('',*,*,#4748,.F.);
#3202=ORIENTED_EDGE('',*,*,#4745,.F.);
#3203=ORIENTED_EDGE('',*,*,#4742,.F.);
#3204=ORIENTED_EDGE('',*,*,#4757,.F.);
#3205=ORIENTED_EDGE('',*,*,#4772,.F.);
#3206=ORIENTED_EDGE('',*,*,#4769,.F.);
#3207=ORIENTED_EDGE('',*,*,#4766,.F.);
#3208=ORIENTED_EDGE('',*,*,#4763,.F.);
#3209=ORIENTED_EDGE('',*,*,#4760,.F.);
#3210=ORIENTED_EDGE('',*,*,#4775,.F.);
#3211=ORIENTED_EDGE('',*,*,#4790,.F.);
#3212=ORIENTED_EDGE('',*,*,#4787,.F.);
#3213=ORIENTED_EDGE('',*,*,#4784,.F.);
#3214=ORIENTED_EDGE('',*,*,#4781,.F.);
#3215=ORIENTED_EDGE('',*,*,#4778,.F.);
#3216=ORIENTED_EDGE('',*,*,#4793,.F.);
#3217=ORIENTED_EDGE('',*,*,#4808,.F.);
#3218=ORIENTED_EDGE('',*,*,#4805,.F.);
#3219=ORIENTED_EDGE('',*,*,#4802,.F.);
#3220=ORIENTED_EDGE('',*,*,#4799,.F.);
#3221=ORIENTED_EDGE('',*,*,#4796,.F.);
#3222=ORIENTED_EDGE('',*,*,#4811,.F.);
#3223=ORIENTED_EDGE('',*,*,#4826,.F.);
#3224=ORIENTED_EDGE('',*,*,#4823,.F.);
#3225=ORIENTED_EDGE('',*,*,#4820,.F.);
#3226=ORIENTED_EDGE('',*,*,#4817,.F.);
#3227=ORIENTED_EDGE('',*,*,#4814,.F.);
#3228=ORIENTED_EDGE('',*,*,#4829,.F.);
#3229=ORIENTED_EDGE('',*,*,#4844,.F.);
#3230=ORIENTED_EDGE('',*,*,#4841,.F.);
#3231=ORIENTED_EDGE('',*,*,#4838,.F.);
#3232=ORIENTED_EDGE('',*,*,#4835,.F.);
#3233=ORIENTED_EDGE('',*,*,#4832,.F.);
#3234=ORIENTED_EDGE('',*,*,#4847,.F.);
#3235=ORIENTED_EDGE('',*,*,#4862,.F.);
#3236=ORIENTED_EDGE('',*,*,#4859,.F.);
#3237=ORIENTED_EDGE('',*,*,#4856,.F.);
#3238=ORIENTED_EDGE('',*,*,#4853,.F.);
#3239=ORIENTED_EDGE('',*,*,#4850,.F.);
#3240=ORIENTED_EDGE('',*,*,#4865,.F.);
#3241=ORIENTED_EDGE('',*,*,#4880,.F.);
#3242=ORIENTED_EDGE('',*,*,#4877,.F.);
#3243=ORIENTED_EDGE('',*,*,#4874,.F.);
#3244=ORIENTED_EDGE('',*,*,#4871,.F.);
#3245=ORIENTED_EDGE('',*,*,#4868,.F.);
#3246=ORIENTED_EDGE('',*,*,#4883,.F.);
#3247=ORIENTED_EDGE('',*,*,#4898,.F.);
#3248=ORIENTED_EDGE('',*,*,#4895,.F.);
#3249=ORIENTED_EDGE('',*,*,#4892,.F.);
#3250=ORIENTED_EDGE('',*,*,#4889,.F.);
#3251=ORIENTED_EDGE('',*,*,#4886,.F.);
#3252=ORIENTED_EDGE('',*,*,#4901,.F.);
#3253=ORIENTED_EDGE('',*,*,#4916,.F.);
#3254=ORIENTED_EDGE('',*,*,#4913,.F.);
#3255=ORIENTED_EDGE('',*,*,#4910,.F.);
#3256=ORIENTED_EDGE('',*,*,#4907,.F.);
#3257=ORIENTED_EDGE('',*,*,#4904,.F.);
#3258=ORIENTED_EDGE('',*,*,#4919,.F.);
#3259=ORIENTED_EDGE('',*,*,#4934,.F.);
#3260=ORIENTED_EDGE('',*,*,#4931,.F.);
#3261=ORIENTED_EDGE('',*,*,#4928,.F.);
#3262=ORIENTED_EDGE('',*,*,#4925,.F.);
#3263=ORIENTED_EDGE('',*,*,#4922,.F.);
#3264=ORIENTED_EDGE('',*,*,#4937,.F.);
#3265=ORIENTED_EDGE('',*,*,#4952,.F.);
#3266=ORIENTED_EDGE('',*,*,#4949,.F.);
#3267=ORIENTED_EDGE('',*,*,#4946,.F.);
#3268=ORIENTED_EDGE('',*,*,#4943,.F.);
#3269=ORIENTED_EDGE('',*,*,#4940,.F.);
#3270=ORIENTED_EDGE('',*,*,#4955,.F.);
#3271=ORIENTED_EDGE('',*,*,#4970,.F.);
#3272=ORIENTED_EDGE('',*,*,#4967,.F.);
#3273=ORIENTED_EDGE('',*,*,#4964,.F.);
#3274=ORIENTED_EDGE('',*,*,#4961,.F.);
#3275=ORIENTED_EDGE('',*,*,#4958,.F.);
#3276=ORIENTED_EDGE('',*,*,#4973,.F.);
#3277=ORIENTED_EDGE('',*,*,#4988,.F.);
#3278=ORIENTED_EDGE('',*,*,#4985,.F.);
#3279=ORIENTED_EDGE('',*,*,#4982,.F.);
#3280=ORIENTED_EDGE('',*,*,#4979,.F.);
#3281=ORIENTED_EDGE('',*,*,#4976,.F.);
#3282=ORIENTED_EDGE('',*,*,#4991,.F.);
#3283=ORIENTED_EDGE('',*,*,#5006,.F.);
#3284=ORIENTED_EDGE('',*,*,#5003,.F.);
#3285=ORIENTED_EDGE('',*,*,#5000,.F.);
#3286=ORIENTED_EDGE('',*,*,#4997,.F.);
#3287=ORIENTED_EDGE('',*,*,#4994,.F.);
#3288=ORIENTED_EDGE('',*,*,#5009,.F.);
#3289=ORIENTED_EDGE('',*,*,#5024,.F.);
#3290=ORIENTED_EDGE('',*,*,#5021,.F.);
#3291=ORIENTED_EDGE('',*,*,#5018,.F.);
#3292=ORIENTED_EDGE('',*,*,#5015,.F.);
#3293=ORIENTED_EDGE('',*,*,#5012,.F.);
#3294=ORIENTED_EDGE('',*,*,#5027,.F.);
#3295=ORIENTED_EDGE('',*,*,#5042,.F.);
#3296=ORIENTED_EDGE('',*,*,#5039,.F.);
#3297=ORIENTED_EDGE('',*,*,#5036,.F.);
#3298=ORIENTED_EDGE('',*,*,#5033,.F.);
#3299=ORIENTED_EDGE('',*,*,#5030,.F.);
#3300=ORIENTED_EDGE('',*,*,#5045,.F.);
#3301=ORIENTED_EDGE('',*,*,#5060,.F.);
#3302=ORIENTED_EDGE('',*,*,#5057,.F.);
#3303=ORIENTED_EDGE('',*,*,#5054,.F.);
#3304=ORIENTED_EDGE('',*,*,#5051,.F.);
#3305=ORIENTED_EDGE('',*,*,#5048,.F.);
#3306=ORIENTED_EDGE('',*,*,#5063,.F.);
#3307=ORIENTED_EDGE('',*,*,#5078,.F.);
#3308=ORIENTED_EDGE('',*,*,#5075,.F.);
#3309=ORIENTED_EDGE('',*,*,#5072,.F.);
#3310=ORIENTED_EDGE('',*,*,#5069,.F.);
#3311=ORIENTED_EDGE('',*,*,#5066,.F.);
#3312=ORIENTED_EDGE('',*,*,#5081,.F.);
#3313=ORIENTED_EDGE('',*,*,#5096,.F.);
#3314=ORIENTED_EDGE('',*,*,#5093,.F.);
#3315=ORIENTED_EDGE('',*,*,#5090,.F.);
#3316=ORIENTED_EDGE('',*,*,#5087,.F.);
#3317=ORIENTED_EDGE('',*,*,#5084,.F.);
#3318=ORIENTED_EDGE('',*,*,#5120,.F.);
#3319=ORIENTED_EDGE('',*,*,#5121,.T.);
#3320=ORIENTED_EDGE('',*,*,#5122,.F.);
#3321=ORIENTED_EDGE('',*,*,#5123,.F.);
#3322=ORIENTED_EDGE('',*,*,#5124,.F.);
#3323=ORIENTED_EDGE('',*,*,#5125,.F.);
#3324=ORIENTED_EDGE('',*,*,#5126,.F.);
#3325=ORIENTED_EDGE('',*,*,#5127,.F.);
#3326=ORIENTED_EDGE('',*,*,#5128,.F.);
#3327=ORIENTED_EDGE('',*,*,#5129,.T.);
#3328=ORIENTED_EDGE('',*,*,#5130,.T.);
#3329=ORIENTED_EDGE('',*,*,#5131,.F.);
#3330=ORIENTED_EDGE('',*,*,#5132,.T.);
#3331=ORIENTED_EDGE('',*,*,#5133,.T.);
#3332=ORIENTED_EDGE('',*,*,#5134,.F.);
#3333=ORIENTED_EDGE('',*,*,#5135,.F.);
#3334=ORIENTED_EDGE('',*,*,#5136,.T.);
#3335=ORIENTED_EDGE('',*,*,#5137,.T.);
#3336=ORIENTED_EDGE('',*,*,#5138,.T.);
#3337=ORIENTED_EDGE('',*,*,#5139,.T.);
#3338=ORIENTED_EDGE('',*,*,#5111,.F.);
#3339=ORIENTED_EDGE('',*,*,#5140,.T.);
#3340=ORIENTED_EDGE('',*,*,#5113,.F.);
#3341=ORIENTED_EDGE('',*,*,#5141,.T.);
#3342=ORIENTED_EDGE('',*,*,#5135,.T.);
#3343=ORIENTED_EDGE('',*,*,#5142,.T.);
#3344=ORIENTED_EDGE('',*,*,#5119,.F.);
#3345=ORIENTED_EDGE('',*,*,#5143,.T.);
#3346=ORIENTED_EDGE('',*,*,#5144,.T.);
#3347=ORIENTED_EDGE('',*,*,#5145,.F.);
#3348=ORIENTED_EDGE('',*,*,#5146,.T.);
#3349=ORIENTED_EDGE('',*,*,#5116,.T.);
#3350=ORIENTED_EDGE('',*,*,#5147,.F.);
#3351=ORIENTED_EDGE('',*,*,#5132,.F.);
#3352=ORIENTED_EDGE('',*,*,#5147,.T.);
#3353=ORIENTED_EDGE('',*,*,#5115,.T.);
#3354=ORIENTED_EDGE('',*,*,#5148,.F.);
#3355=ORIENTED_EDGE('',*,*,#5133,.F.);
#3356=ORIENTED_EDGE('',*,*,#5114,.F.);
#3357=ORIENTED_EDGE('',*,*,#5142,.F.);
#3358=ORIENTED_EDGE('',*,*,#5134,.T.);
#3359=ORIENTED_EDGE('',*,*,#5148,.T.);
#3360=ORIENTED_EDGE('',*,*,#5131,.T.);
#3361=ORIENTED_EDGE('',*,*,#5149,.T.);
#3362=ORIENTED_EDGE('',*,*,#5117,.F.);
#3363=ORIENTED_EDGE('',*,*,#5146,.F.);
#3364=ORIENTED_EDGE('',*,*,#3559,.T.);
#3365=ORIENTED_EDGE('',*,*,#5150,.T.);
#3366=ORIENTED_EDGE('',*,*,#5151,.F.);
#3367=ORIENTED_EDGE('',*,*,#5152,.T.);
#3368=ORIENTED_EDGE('',*,*,#5140,.F.);
#3369=ORIENTED_EDGE('',*,*,#5110,.T.);
#3370=ORIENTED_EDGE('',*,*,#4566,.F.);
#3371=ORIENTED_EDGE('',*,*,#5108,.T.);
#3372=ORIENTED_EDGE('',*,*,#5145,.T.);
#3373=ORIENTED_EDGE('',*,*,#5153,.T.);
#3374=ORIENTED_EDGE('',*,*,#5154,.F.);
#3375=ORIENTED_EDGE('',*,*,#5155,.T.);
#3376=ORIENTED_EDGE('',*,*,#5156,.T.);
#3377=ORIENTED_EDGE('',*,*,#5157,.T.);
#3378=ORIENTED_EDGE('',*,*,#5158,.T.);
#3379=ORIENTED_EDGE('',*,*,#5151,.T.);
#3380=ORIENTED_EDGE('',*,*,#5159,.T.);
#3381=ORIENTED_EDGE('',*,*,#5154,.T.);
#3382=ORIENTED_EDGE('',*,*,#5160,.T.);
#3383=ORIENTED_EDGE('',*,*,#5161,.T.);
#3384=ORIENTED_EDGE('',*,*,#5162,.F.);
#3385=ORIENTED_EDGE('',*,*,#5163,.F.);
#3386=ORIENTED_EDGE('',*,*,#5164,.F.);
#3387=ORIENTED_EDGE('',*,*,#5165,.T.);
#3388=ORIENTED_EDGE('',*,*,#5166,.F.);
#3389=ORIENTED_EDGE('',*,*,#5167,.F.);
#3390=ORIENTED_EDGE('',*,*,#5168,.T.);
#3391=ORIENTED_EDGE('',*,*,#5169,.T.);
#3392=ORIENTED_EDGE('',*,*,#5170,.T.);
#3393=ORIENTED_EDGE('',*,*,#5164,.T.);
#3394=ORIENTED_EDGE('',*,*,#5171,.T.);
#3395=ORIENTED_EDGE('',*,*,#5172,.T.);
#3396=ORIENTED_EDGE('',*,*,#5173,.F.);
#3397=ORIENTED_EDGE('',*,*,#5166,.T.);
#3398=ORIENTED_EDGE('',*,*,#5173,.T.);
#3399=ORIENTED_EDGE('',*,*,#5174,.T.);
#3400=ORIENTED_EDGE('',*,*,#5168,.F.);
#3401=ORIENTED_EDGE('',*,*,#5167,.T.);
#3402=ORIENTED_EDGE('',*,*,#5175,.F.);
#3403=ORIENTED_EDGE('',*,*,#5156,.F.);
#3404=ORIENTED_EDGE('',*,*,#5176,.F.);
#3405=ORIENTED_EDGE('',*,*,#5160,.F.);
#3406=ORIENTED_EDGE('',*,*,#5153,.F.);
#3407=ORIENTED_EDGE('',*,*,#5144,.F.);
#3408=ORIENTED_EDGE('',*,*,#5177,.T.);
#3409=ORIENTED_EDGE('',*,*,#5171,.F.);
#3410=ORIENTED_EDGE('',*,*,#5165,.F.);
#3411=ORIENTED_EDGE('',*,*,#5170,.F.);
#3412=ORIENTED_EDGE('',*,*,#5178,.T.);
#3413=ORIENTED_EDGE('',*,*,#5138,.F.);
#3414=ORIENTED_EDGE('',*,*,#5152,.F.);
#3415=ORIENTED_EDGE('',*,*,#5158,.F.);
#3416=ORIENTED_EDGE('',*,*,#5178,.F.);
#3417=ORIENTED_EDGE('',*,*,#5169,.F.);
#3418=ORIENTED_EDGE('',*,*,#5179,.F.);
#3419=ORIENTED_EDGE('',*,*,#5136,.F.);
#3420=ORIENTED_EDGE('',*,*,#5141,.F.);
#3421=ORIENTED_EDGE('',*,*,#5112,.F.);
#3422=ORIENTED_EDGE('',*,*,#5139,.F.);
#3423=ORIENTED_EDGE('',*,*,#5179,.T.);
#3424=ORIENTED_EDGE('',*,*,#5174,.F.);
#3425=ORIENTED_EDGE('',*,*,#5180,.F.);
#3426=ORIENTED_EDGE('',*,*,#5129,.F.);
#3427=ORIENTED_EDGE('',*,*,#5180,.T.);
#3428=ORIENTED_EDGE('',*,*,#5172,.F.);
#3429=ORIENTED_EDGE('',*,*,#5177,.F.);
#3430=ORIENTED_EDGE('',*,*,#5143,.F.);
#3431=ORIENTED_EDGE('',*,*,#5118,.F.);
#3432=ORIENTED_EDGE('',*,*,#5149,.F.);
#3433=ORIENTED_EDGE('',*,*,#5130,.F.);
#3434=ORIENTED_EDGE('',*,*,#5181,.T.);
#3435=ORIENTED_EDGE('',*,*,#5123,.T.);
#3436=ORIENTED_EDGE('',*,*,#5182,.F.);
#3437=ORIENTED_EDGE('',*,*,#5101,.F.);
#3438=ORIENTED_EDGE('',*,*,#5182,.T.);
#3439=ORIENTED_EDGE('',*,*,#5128,.T.);
#3440=ORIENTED_EDGE('',*,*,#5183,.F.);
#3441=ORIENTED_EDGE('',*,*,#5102,.F.);
#3442=ORIENTED_EDGE('',*,*,#5183,.T.);
#3443=ORIENTED_EDGE('',*,*,#5127,.T.);
#3444=ORIENTED_EDGE('',*,*,#5184,.F.);
#3445=ORIENTED_EDGE('',*,*,#5103,.F.);
#3446=ORIENTED_EDGE('',*,*,#5184,.T.);
#3447=ORIENTED_EDGE('',*,*,#5126,.T.);
#3448=ORIENTED_EDGE('',*,*,#5185,.F.);
#3449=ORIENTED_EDGE('',*,*,#5104,.F.);
#3450=ORIENTED_EDGE('',*,*,#5185,.T.);
#3451=ORIENTED_EDGE('',*,*,#5125,.T.);
#3452=ORIENTED_EDGE('',*,*,#5186,.F.);
#3453=ORIENTED_EDGE('',*,*,#5105,.F.);
#3454=ORIENTED_EDGE('',*,*,#5186,.T.);
#3455=ORIENTED_EDGE('',*,*,#5124,.T.);
#3456=ORIENTED_EDGE('',*,*,#5181,.F.);
#3457=ORIENTED_EDGE('',*,*,#5100,.F.);
#3458=ORIENTED_EDGE('',*,*,#5122,.T.);
#3459=ORIENTED_EDGE('',*,*,#5106,.F.);
#3460=ORIENTED_EDGE('',*,*,#5121,.F.);
#3461=ORIENTED_EDGE('',*,*,#5099,.T.);
#3462=ORIENTED_EDGE('',*,*,#5137,.F.);
#3463=ORIENTED_EDGE('',*,*,#5098,.T.);
#3464=ORIENTED_EDGE('',*,*,#5120,.T.);
#3465=ORIENTED_EDGE('',*,*,#5107,.F.);
#3466=ORIENTED_EDGE('',*,*,#4558,.F.);
#3467=ORIENTED_EDGE('',*,*,#5187,.T.);
#3468=ORIENTED_EDGE('',*,*,#4680,.F.);
#3469=ORIENTED_EDGE('',*,*,#5109,.T.);
#3470=ORIENTED_EDGE('',*,*,#4557,.F.);
#3471=ORIENTED_EDGE('',*,*,#4562,.F.);
#3472=ORIENTED_EDGE('',*,*,#4567,.F.);
#3473=ORIENTED_EDGE('',*,*,#5155,.F.);
#3474=ORIENTED_EDGE('',*,*,#5159,.F.);
#3475=ORIENTED_EDGE('',*,*,#5150,.F.);
#3476=ORIENTED_EDGE('',*,*,#3558,.F.);
#3477=ORIENTED_EDGE('',*,*,#4669,.F.);
#3478=ORIENTED_EDGE('',*,*,#4673,.F.);
#3479=ORIENTED_EDGE('',*,*,#4676,.F.);
#3480=ORIENTED_EDGE('',*,*,#4681,.F.);
#3481=ORIENTED_EDGE('',*,*,#5187,.F.);
#3482=ORIENTED_EDGE('',*,*,#5163,.T.);
#3483=ORIENTED_EDGE('',*,*,#5176,.T.);
#3484=ORIENTED_EDGE('',*,*,#5161,.F.);
#3485=ORIENTED_EDGE('',*,*,#5162,.T.);
#3486=ORIENTED_EDGE('',*,*,#5175,.T.);
#3487=ORIENTED_EDGE('',*,*,#5157,.F.);
#3488=EDGE_CURVE('',#5188,#5189,#6336,.T.);
#3489=EDGE_CURVE('',#5189,#5190,#6337,.T.);
#3490=EDGE_CURVE('',#5191,#5190,#6338,.T.);
#3491=EDGE_CURVE('',#5188,#5191,#6339,.T.);
#3492=EDGE_CURVE('',#5192,#5193,#6340,.T.);
#3493=EDGE_CURVE('',#5193,#5189,#6341,.T.);
#3494=EDGE_CURVE('',#5188,#5194,#6342,.T.);
#3495=EDGE_CURVE('',#5195,#5194,#6343,.T.);
#3496=EDGE_CURVE('',#5195,#5196,#6344,.T.);
#3497=EDGE_CURVE('',#5192,#5196,#6345,.T.);
#3498=EDGE_CURVE('',#5197,#5190,#6346,.T.);
#3499=EDGE_CURVE('',#5198,#5197,#6347,.T.);
#3500=EDGE_CURVE('',#5198,#5199,#6348,.T.);
#3501=EDGE_CURVE('',#5200,#5199,#6349,.T.);
#3502=EDGE_CURVE('',#5200,#5201,#6350,.T.);
#3503=EDGE_CURVE('',#5191,#5201,#6351,.T.);
#3504=EDGE_CURVE('',#5202,#5202,#40,.T.);
#3505=EDGE_CURVE('',#5203,#5203,#41,.T.);
#3506=EDGE_CURVE('',#5204,#5204,#42,.T.);
#3507=EDGE_CURVE('',#5205,#5205,#43,.T.);
#3508=EDGE_CURVE('',#5206,#5206,#44,.T.);
#3509=EDGE_CURVE('',#5207,#5207,#45,.T.);
#3510=EDGE_CURVE('',#5208,#5208,#46,.T.);
#3511=EDGE_CURVE('',#5209,#5209,#47,.T.);
#3512=EDGE_CURVE('',#5210,#5210,#48,.T.);
#3513=EDGE_CURVE('',#5192,#5198,#6352,.T.);
#3514=EDGE_CURVE('',#5196,#5199,#6353,.T.);
#3515=EDGE_CURVE('',#5211,#5197,#6354,.T.);
#3516=EDGE_CURVE('',#5211,#5212,#6355,.T.);
#3517=EDGE_CURVE('',#5213,#5212,#6356,.T.);
#3518=EDGE_CURVE('',#5214,#5213,#6357,.T.);
#3519=EDGE_CURVE('',#5193,#5214,#6358,.T.);
#3520=EDGE_CURVE('',#5215,#5212,#6359,.T.);
#3521=EDGE_CURVE('',#5216,#5215,#6360,.T.);
#3522=EDGE_CURVE('',#5213,#5216,#6361,.T.);
#3523=EDGE_CURVE('',#5217,#5217,#49,.F.);
#3524=EDGE_CURVE('',#5218,#5218,#50,.F.);
#3525=EDGE_CURVE('',#5194,#5201,#6362,.T.);
#3526=EDGE_CURVE('',#5219,#5219,#51,.T.);
#3527=EDGE_CURVE('',#5220,#5220,#52,.T.);
#3528=EDGE_CURVE('',#5221,#5221,#53,.T.);
#3529=EDGE_CURVE('',#5222,#5222,#54,.T.);
#3530=EDGE_CURVE('',#5195,#5200,#6363,.T.);
#3531=EDGE_CURVE('',#5223,#5223,#55,.F.);
#3532=EDGE_CURVE('',#5224,#5224,#56,.F.);
#3533=EDGE_CURVE('',#5225,#5225,#57,.F.);
#3534=EDGE_CURVE('',#5226,#5226,#58,.T.);
#3535=EDGE_CURVE('',#5227,#5227,#59,.T.);
#3536=EDGE_CURVE('',#5228,#5228,#60,.T.);
#3537=EDGE_CURVE('',#5229,#5229,#61,.T.);
#3538=EDGE_CURVE('',#5230,#5230,#62,.T.);
#3539=EDGE_CURVE('',#5231,#5231,#63,.T.);
#3540=EDGE_CURVE('',#5232,#5232,#64,.T.);
#3541=EDGE_CURVE('',#5233,#5233,#65,.T.);
#3542=EDGE_CURVE('',#5234,#5234,#66,.T.);
#3543=EDGE_CURVE('',#5235,#5235,#67,.T.);
#3544=EDGE_CURVE('',#5236,#5236,#68,.T.);
#3545=EDGE_CURVE('',#5237,#5237,#69,.T.);
#3546=EDGE_CURVE('',#5238,#5238,#70,.T.);
#3547=EDGE_CURVE('',#5239,#5239,#71,.T.);
#3548=EDGE_CURVE('',#5240,#5240,#72,.T.);
#3549=EDGE_CURVE('',#5241,#5241,#73,.T.);
#3550=EDGE_CURVE('',#5242,#5242,#74,.T.);
#3551=EDGE_CURVE('',#5243,#5243,#75,.T.);
#3552=EDGE_CURVE('',#5244,#5211,#6364,.T.);
#3553=EDGE_CURVE('',#5244,#5215,#6365,.T.);
#3554=EDGE_CURVE('',#5245,#5244,#6366,.T.);
#3555=EDGE_CURVE('',#5245,#5216,#6367,.T.);
#3556=EDGE_CURVE('',#5214,#5245,#6368,.T.);
#3557=EDGE_CURVE('',#5246,#5247,#6369,.T.);
#3558=EDGE_CURVE('',#5246,#5248,#6370,.T.);
#3559=EDGE_CURVE('',#5249,#5248,#6371,.T.);
#3560=EDGE_CURVE('',#5249,#5247,#6372,.T.);
#3561=EDGE_CURVE('',#5250,#5251,#6373,.T.);
#3562=EDGE_CURVE('',#5251,#5252,#6374,.T.);
#3563=EDGE_CURVE('',#5253,#5252,#6375,.T.);
#3564=EDGE_CURVE('',#5250,#5253,#6376,.T.);
#3565=EDGE_CURVE('',#5252,#5254,#6377,.T.);
#3566=EDGE_CURVE('',#5255,#5254,#6378,.T.);
#3567=EDGE_CURVE('',#5253,#5255,#6379,.T.);
#3568=EDGE_CURVE('',#5254,#5256,#6380,.T.);
#3569=EDGE_CURVE('',#5257,#5256,#6381,.T.);
#3570=EDGE_CURVE('',#5255,#5257,#6382,.T.);
#3571=EDGE_CURVE('',#5256,#5258,#6383,.T.);
#3572=EDGE_CURVE('',#5259,#5258,#6384,.T.);
#3573=EDGE_CURVE('',#5257,#5259,#6385,.T.);
#3574=EDGE_CURVE('',#5258,#5260,#6386,.T.);
#3575=EDGE_CURVE('',#5261,#5260,#6387,.T.);
#3576=EDGE_CURVE('',#5259,#5261,#6388,.T.);
#3577=EDGE_CURVE('',#5260,#5251,#6389,.T.);
#3578=EDGE_CURVE('',#5261,#5250,#6390,.T.);
#3579=EDGE_CURVE('',#5262,#5263,#6391,.T.);
#3580=EDGE_CURVE('',#5263,#5264,#6392,.T.);
#3581=EDGE_CURVE('',#5265,#5264,#6393,.T.);
#3582=EDGE_CURVE('',#5262,#5265,#6394,.T.);
#3583=EDGE_CURVE('',#5264,#5266,#6395,.T.);
#3584=EDGE_CURVE('',#5267,#5266,#6396,.T.);
#3585=EDGE_CURVE('',#5265,#5267,#6397,.T.);
#3586=EDGE_CURVE('',#5266,#5268,#6398,.T.);
#3587=EDGE_CURVE('',#5269,#5268,#6399,.T.);
#3588=EDGE_CURVE('',#5267,#5269,#6400,.T.);
#3589=EDGE_CURVE('',#5268,#5270,#6401,.T.);
#3590=EDGE_CURVE('',#5271,#5270,#6402,.T.);
#3591=EDGE_CURVE('',#5269,#5271,#6403,.T.);
#3592=EDGE_CURVE('',#5270,#5272,#6404,.T.);
#3593=EDGE_CURVE('',#5273,#5272,#6405,.T.);
#3594=EDGE_CURVE('',#5271,#5273,#6406,.T.);
#3595=EDGE_CURVE('',#5272,#5263,#6407,.T.);
#3596=EDGE_CURVE('',#5273,#5262,#6408,.T.);
#3597=EDGE_CURVE('',#5274,#5275,#6409,.T.);
#3598=EDGE_CURVE('',#5275,#5276,#6410,.T.);
#3599=EDGE_CURVE('',#5277,#5276,#6411,.T.);
#3600=EDGE_CURVE('',#5274,#5277,#6412,.T.);
#3601=EDGE_CURVE('',#5276,#5278,#6413,.T.);
#3602=EDGE_CURVE('',#5279,#5278,#6414,.T.);
#3603=EDGE_CURVE('',#5277,#5279,#6415,.T.);
#3604=EDGE_CURVE('',#5278,#5280,#6416,.T.);
#3605=EDGE_CURVE('',#5281,#5280,#6417,.T.);
#3606=EDGE_CURVE('',#5279,#5281,#6418,.T.);
#3607=EDGE_CURVE('',#5280,#5282,#6419,.T.);
#3608=EDGE_CURVE('',#5283,#5282,#6420,.T.);
#3609=EDGE_CURVE('',#5281,#5283,#6421,.T.);
#3610=EDGE_CURVE('',#5282,#5284,#6422,.T.);
#3611=EDGE_CURVE('',#5285,#5284,#6423,.T.);
#3612=EDGE_CURVE('',#5283,#5285,#6424,.T.);
#3613=EDGE_CURVE('',#5284,#5275,#6425,.T.);
#3614=EDGE_CURVE('',#5285,#5274,#6426,.T.);
#3615=EDGE_CURVE('',#5286,#5287,#6427,.T.);
#3616=EDGE_CURVE('',#5287,#5288,#6428,.T.);
#3617=EDGE_CURVE('',#5289,#5288,#6429,.T.);
#3618=EDGE_CURVE('',#5286,#5289,#6430,.T.);
#3619=EDGE_CURVE('',#5288,#5290,#6431,.T.);
#3620=EDGE_CURVE('',#5291,#5290,#6432,.T.);
#3621=EDGE_CURVE('',#5289,#5291,#6433,.T.);
#3622=EDGE_CURVE('',#5290,#5292,#6434,.T.);
#3623=EDGE_CURVE('',#5293,#5292,#6435,.T.);
#3624=EDGE_CURVE('',#5291,#5293,#6436,.T.);
#3625=EDGE_CURVE('',#5292,#5294,#6437,.T.);
#3626=EDGE_CURVE('',#5295,#5294,#6438,.T.);
#3627=EDGE_CURVE('',#5293,#5295,#6439,.T.);
#3628=EDGE_CURVE('',#5294,#5296,#6440,.T.);
#3629=EDGE_CURVE('',#5297,#5296,#6441,.T.);
#3630=EDGE_CURVE('',#5295,#5297,#6442,.T.);
#3631=EDGE_CURVE('',#5296,#5287,#6443,.T.);
#3632=EDGE_CURVE('',#5297,#5286,#6444,.T.);
#3633=EDGE_CURVE('',#5298,#5299,#6445,.T.);
#3634=EDGE_CURVE('',#5299,#5300,#6446,.T.);
#3635=EDGE_CURVE('',#5301,#5300,#6447,.T.);
#3636=EDGE_CURVE('',#5298,#5301,#6448,.T.);
#3637=EDGE_CURVE('',#5300,#5302,#6449,.T.);
#3638=EDGE_CURVE('',#5303,#5302,#6450,.T.);
#3639=EDGE_CURVE('',#5301,#5303,#6451,.T.);
#3640=EDGE_CURVE('',#5302,#5304,#6452,.T.);
#3641=EDGE_CURVE('',#5305,#5304,#6453,.T.);
#3642=EDGE_CURVE('',#5303,#5305,#6454,.T.);
#3643=EDGE_CURVE('',#5304,#5306,#6455,.T.);
#3644=EDGE_CURVE('',#5307,#5306,#6456,.T.);
#3645=EDGE_CURVE('',#5305,#5307,#6457,.T.);
#3646=EDGE_CURVE('',#5306,#5308,#6458,.T.);
#3647=EDGE_CURVE('',#5309,#5308,#6459,.T.);
#3648=EDGE_CURVE('',#5307,#5309,#6460,.T.);
#3649=EDGE_CURVE('',#5308,#5299,#6461,.T.);
#3650=EDGE_CURVE('',#5309,#5298,#6462,.T.);
#3651=EDGE_CURVE('',#5310,#5311,#6463,.T.);
#3652=EDGE_CURVE('',#5311,#5312,#6464,.T.);
#3653=EDGE_CURVE('',#5313,#5312,#6465,.T.);
#3654=EDGE_CURVE('',#5310,#5313,#6466,.T.);
#3655=EDGE_CURVE('',#5312,#5314,#6467,.T.);
#3656=EDGE_CURVE('',#5315,#5314,#6468,.T.);
#3657=EDGE_CURVE('',#5313,#5315,#6469,.T.);
#3658=EDGE_CURVE('',#5314,#5316,#6470,.T.);
#3659=EDGE_CURVE('',#5317,#5316,#6471,.T.);
#3660=EDGE_CURVE('',#5315,#5317,#6472,.T.);
#3661=EDGE_CURVE('',#5316,#5318,#6473,.T.);
#3662=EDGE_CURVE('',#5319,#5318,#6474,.T.);
#3663=EDGE_CURVE('',#5317,#5319,#6475,.T.);
#3664=EDGE_CURVE('',#5318,#5320,#6476,.T.);
#3665=EDGE_CURVE('',#5321,#5320,#6477,.T.);
#3666=EDGE_CURVE('',#5319,#5321,#6478,.T.);
#3667=EDGE_CURVE('',#5320,#5311,#6479,.T.);
#3668=EDGE_CURVE('',#5321,#5310,#6480,.T.);
#3669=EDGE_CURVE('',#5322,#5323,#6481,.T.);
#3670=EDGE_CURVE('',#5323,#5324,#6482,.T.);
#3671=EDGE_CURVE('',#5325,#5324,#6483,.T.);
#3672=EDGE_CURVE('',#5322,#5325,#6484,.T.);
#3673=EDGE_CURVE('',#5324,#5326,#6485,.T.);
#3674=EDGE_CURVE('',#5327,#5326,#6486,.T.);
#3675=EDGE_CURVE('',#5325,#5327,#6487,.T.);
#3676=EDGE_CURVE('',#5326,#5328,#6488,.T.);
#3677=EDGE_CURVE('',#5329,#5328,#6489,.T.);
#3678=EDGE_CURVE('',#5327,#5329,#6490,.T.);
#3679=EDGE_CURVE('',#5328,#5330,#6491,.T.);
#3680=EDGE_CURVE('',#5331,#5330,#6492,.T.);
#3681=EDGE_CURVE('',#5329,#5331,#6493,.T.);
#3682=EDGE_CURVE('',#5330,#5332,#6494,.T.);
#3683=EDGE_CURVE('',#5333,#5332,#6495,.T.);
#3684=EDGE_CURVE('',#5331,#5333,#6496,.T.);
#3685=EDGE_CURVE('',#5332,#5323,#6497,.T.);
#3686=EDGE_CURVE('',#5333,#5322,#6498,.T.);
#3687=EDGE_CURVE('',#5334,#5335,#6499,.T.);
#3688=EDGE_CURVE('',#5335,#5336,#6500,.T.);
#3689=EDGE_CURVE('',#5337,#5336,#6501,.T.);
#3690=EDGE_CURVE('',#5334,#5337,#6502,.T.);
#3691=EDGE_CURVE('',#5336,#5338,#6503,.T.);
#3692=EDGE_CURVE('',#5339,#5338,#6504,.T.);
#3693=EDGE_CURVE('',#5337,#5339,#6505,.T.);
#3694=EDGE_CURVE('',#5338,#5340,#6506,.T.);
#3695=EDGE_CURVE('',#5341,#5340,#6507,.T.);
#3696=EDGE_CURVE('',#5339,#5341,#6508,.T.);
#3697=EDGE_CURVE('',#5340,#5342,#6509,.T.);
#3698=EDGE_CURVE('',#5343,#5342,#6510,.T.);
#3699=EDGE_CURVE('',#5341,#5343,#6511,.T.);
#3700=EDGE_CURVE('',#5342,#5344,#6512,.T.);
#3701=EDGE_CURVE('',#5345,#5344,#6513,.T.);
#3702=EDGE_CURVE('',#5343,#5345,#6514,.T.);
#3703=EDGE_CURVE('',#5344,#5335,#6515,.T.);
#3704=EDGE_CURVE('',#5345,#5334,#6516,.T.);
#3705=EDGE_CURVE('',#5346,#5347,#6517,.T.);
#3706=EDGE_CURVE('',#5347,#5348,#6518,.T.);
#3707=EDGE_CURVE('',#5349,#5348,#6519,.T.);
#3708=EDGE_CURVE('',#5346,#5349,#6520,.T.);
#3709=EDGE_CURVE('',#5348,#5350,#6521,.T.);
#3710=EDGE_CURVE('',#5351,#5350,#6522,.T.);
#3711=EDGE_CURVE('',#5349,#5351,#6523,.T.);
#3712=EDGE_CURVE('',#5350,#5352,#6524,.T.);
#3713=EDGE_CURVE('',#5353,#5352,#6525,.T.);
#3714=EDGE_CURVE('',#5351,#5353,#6526,.T.);
#3715=EDGE_CURVE('',#5352,#5354,#6527,.T.);
#3716=EDGE_CURVE('',#5355,#5354,#6528,.T.);
#3717=EDGE_CURVE('',#5353,#5355,#6529,.T.);
#3718=EDGE_CURVE('',#5354,#5356,#6530,.T.);
#3719=EDGE_CURVE('',#5357,#5356,#6531,.T.);
#3720=EDGE_CURVE('',#5355,#5357,#6532,.T.);
#3721=EDGE_CURVE('',#5356,#5347,#6533,.T.);
#3722=EDGE_CURVE('',#5357,#5346,#6534,.T.);
#3723=EDGE_CURVE('',#5358,#5359,#6535,.T.);
#3724=EDGE_CURVE('',#5359,#5360,#6536,.T.);
#3725=EDGE_CURVE('',#5361,#5360,#6537,.T.);
#3726=EDGE_CURVE('',#5358,#5361,#6538,.T.);
#3727=EDGE_CURVE('',#5360,#5362,#6539,.T.);
#3728=EDGE_CURVE('',#5363,#5362,#6540,.T.);
#3729=EDGE_CURVE('',#5361,#5363,#6541,.T.);
#3730=EDGE_CURVE('',#5362,#5364,#6542,.T.);
#3731=EDGE_CURVE('',#5365,#5364,#6543,.T.);
#3732=EDGE_CURVE('',#5363,#5365,#6544,.T.);
#3733=EDGE_CURVE('',#5364,#5366,#6545,.T.);
#3734=EDGE_CURVE('',#5367,#5366,#6546,.T.);
#3735=EDGE_CURVE('',#5365,#5367,#6547,.T.);
#3736=EDGE_CURVE('',#5366,#5368,#6548,.T.);
#3737=EDGE_CURVE('',#5369,#5368,#6549,.T.);
#3738=EDGE_CURVE('',#5367,#5369,#6550,.T.);
#3739=EDGE_CURVE('',#5368,#5359,#6551,.T.);
#3740=EDGE_CURVE('',#5369,#5358,#6552,.T.);
#3741=EDGE_CURVE('',#5370,#5371,#6553,.T.);
#3742=EDGE_CURVE('',#5371,#5372,#6554,.T.);
#3743=EDGE_CURVE('',#5373,#5372,#6555,.T.);
#3744=EDGE_CURVE('',#5370,#5373,#6556,.T.);
#3745=EDGE_CURVE('',#5372,#5374,#6557,.T.);
#3746=EDGE_CURVE('',#5375,#5374,#6558,.T.);
#3747=EDGE_CURVE('',#5373,#5375,#6559,.T.);
#3748=EDGE_CURVE('',#5374,#5376,#6560,.T.);
#3749=EDGE_CURVE('',#5377,#5376,#6561,.T.);
#3750=EDGE_CURVE('',#5375,#5377,#6562,.T.);
#3751=EDGE_CURVE('',#5376,#5378,#6563,.T.);
#3752=EDGE_CURVE('',#5379,#5378,#6564,.T.);
#3753=EDGE_CURVE('',#5377,#5379,#6565,.T.);
#3754=EDGE_CURVE('',#5378,#5380,#6566,.T.);
#3755=EDGE_CURVE('',#5381,#5380,#6567,.T.);
#3756=EDGE_CURVE('',#5379,#5381,#6568,.T.);
#3757=EDGE_CURVE('',#5380,#5371,#6569,.T.);
#3758=EDGE_CURVE('',#5381,#5370,#6570,.T.);
#3759=EDGE_CURVE('',#5382,#5383,#6571,.T.);
#3760=EDGE_CURVE('',#5383,#5384,#6572,.T.);
#3761=EDGE_CURVE('',#5385,#5384,#6573,.T.);
#3762=EDGE_CURVE('',#5382,#5385,#6574,.T.);
#3763=EDGE_CURVE('',#5384,#5386,#6575,.T.);
#3764=EDGE_CURVE('',#5387,#5386,#6576,.T.);
#3765=EDGE_CURVE('',#5385,#5387,#6577,.T.);
#3766=EDGE_CURVE('',#5386,#5388,#6578,.T.);
#3767=EDGE_CURVE('',#5389,#5388,#6579,.T.);
#3768=EDGE_CURVE('',#5387,#5389,#6580,.T.);
#3769=EDGE_CURVE('',#5388,#5390,#6581,.T.);
#3770=EDGE_CURVE('',#5391,#5390,#6582,.T.);
#3771=EDGE_CURVE('',#5389,#5391,#6583,.T.);
#3772=EDGE_CURVE('',#5390,#5392,#6584,.T.);
#3773=EDGE_CURVE('',#5393,#5392,#6585,.T.);
#3774=EDGE_CURVE('',#5391,#5393,#6586,.T.);
#3775=EDGE_CURVE('',#5392,#5383,#6587,.T.);
#3776=EDGE_CURVE('',#5393,#5382,#6588,.T.);
#3777=EDGE_CURVE('',#5394,#5395,#6589,.T.);
#3778=EDGE_CURVE('',#5395,#5396,#6590,.T.);
#3779=EDGE_CURVE('',#5397,#5396,#6591,.T.);
#3780=EDGE_CURVE('',#5394,#5397,#6592,.T.);
#3781=EDGE_CURVE('',#5396,#5398,#6593,.T.);
#3782=EDGE_CURVE('',#5399,#5398,#6594,.T.);
#3783=EDGE_CURVE('',#5397,#5399,#6595,.T.);
#3784=EDGE_CURVE('',#5398,#5400,#6596,.T.);
#3785=EDGE_CURVE('',#5401,#5400,#6597,.T.);
#3786=EDGE_CURVE('',#5399,#5401,#6598,.T.);
#3787=EDGE_CURVE('',#5400,#5402,#6599,.T.);
#3788=EDGE_CURVE('',#5403,#5402,#6600,.T.);
#3789=EDGE_CURVE('',#5401,#5403,#6601,.T.);
#3790=EDGE_CURVE('',#5402,#5404,#6602,.T.);
#3791=EDGE_CURVE('',#5405,#5404,#6603,.T.);
#3792=EDGE_CURVE('',#5403,#5405,#6604,.T.);
#3793=EDGE_CURVE('',#5404,#5395,#6605,.T.);
#3794=EDGE_CURVE('',#5405,#5394,#6606,.T.);
#3795=EDGE_CURVE('',#5406,#5407,#6607,.T.);
#3796=EDGE_CURVE('',#5407,#5408,#6608,.T.);
#3797=EDGE_CURVE('',#5409,#5408,#6609,.T.);
#3798=EDGE_CURVE('',#5406,#5409,#6610,.T.);
#3799=EDGE_CURVE('',#5408,#5410,#6611,.T.);
#3800=EDGE_CURVE('',#5411,#5410,#6612,.T.);
#3801=EDGE_CURVE('',#5409,#5411,#6613,.T.);
#3802=EDGE_CURVE('',#5410,#5412,#6614,.T.);
#3803=EDGE_CURVE('',#5413,#5412,#6615,.T.);
#3804=EDGE_CURVE('',#5411,#5413,#6616,.T.);
#3805=EDGE_CURVE('',#5412,#5414,#6617,.T.);
#3806=EDGE_CURVE('',#5415,#5414,#6618,.T.);
#3807=EDGE_CURVE('',#5413,#5415,#6619,.T.);
#3808=EDGE_CURVE('',#5414,#5416,#6620,.T.);
#3809=EDGE_CURVE('',#5417,#5416,#6621,.T.);
#3810=EDGE_CURVE('',#5415,#5417,#6622,.T.);
#3811=EDGE_CURVE('',#5416,#5407,#6623,.T.);
#3812=EDGE_CURVE('',#5417,#5406,#6624,.T.);
#3813=EDGE_CURVE('',#5418,#5419,#6625,.T.);
#3814=EDGE_CURVE('',#5419,#5420,#6626,.T.);
#3815=EDGE_CURVE('',#5421,#5420,#6627,.T.);
#3816=EDGE_CURVE('',#5418,#5421,#6628,.T.);
#3817=EDGE_CURVE('',#5420,#5422,#6629,.T.);
#3818=EDGE_CURVE('',#5423,#5422,#6630,.T.);
#3819=EDGE_CURVE('',#5421,#5423,#6631,.T.);
#3820=EDGE_CURVE('',#5422,#5424,#6632,.T.);
#3821=EDGE_CURVE('',#5425,#5424,#6633,.T.);
#3822=EDGE_CURVE('',#5423,#5425,#6634,.T.);
#3823=EDGE_CURVE('',#5424,#5426,#6635,.T.);
#3824=EDGE_CURVE('',#5427,#5426,#6636,.T.);
#3825=EDGE_CURVE('',#5425,#5427,#6637,.T.);
#3826=EDGE_CURVE('',#5426,#5428,#6638,.T.);
#3827=EDGE_CURVE('',#5429,#5428,#6639,.T.);
#3828=EDGE_CURVE('',#5427,#5429,#6640,.T.);
#3829=EDGE_CURVE('',#5428,#5419,#6641,.T.);
#3830=EDGE_CURVE('',#5429,#5418,#6642,.T.);
#3831=EDGE_CURVE('',#5430,#5431,#6643,.T.);
#3832=EDGE_CURVE('',#5431,#5432,#6644,.T.);
#3833=EDGE_CURVE('',#5433,#5432,#6645,.T.);
#3834=EDGE_CURVE('',#5430,#5433,#6646,.T.);
#3835=EDGE_CURVE('',#5432,#5434,#6647,.T.);
#3836=EDGE_CURVE('',#5435,#5434,#6648,.T.);
#3837=EDGE_CURVE('',#5433,#5435,#6649,.T.);
#3838=EDGE_CURVE('',#5434,#5436,#6650,.T.);
#3839=EDGE_CURVE('',#5437,#5436,#6651,.T.);
#3840=EDGE_CURVE('',#5435,#5437,#6652,.T.);
#3841=EDGE_CURVE('',#5436,#5438,#6653,.T.);
#3842=EDGE_CURVE('',#5439,#5438,#6654,.T.);
#3843=EDGE_CURVE('',#5437,#5439,#6655,.T.);
#3844=EDGE_CURVE('',#5438,#5440,#6656,.T.);
#3845=EDGE_CURVE('',#5441,#5440,#6657,.T.);
#3846=EDGE_CURVE('',#5439,#5441,#6658,.T.);
#3847=EDGE_CURVE('',#5440,#5431,#6659,.T.);
#3848=EDGE_CURVE('',#5441,#5430,#6660,.T.);
#3849=EDGE_CURVE('',#5442,#5443,#6661,.T.);
#3850=EDGE_CURVE('',#5443,#5444,#6662,.T.);
#3851=EDGE_CURVE('',#5445,#5444,#6663,.T.);
#3852=EDGE_CURVE('',#5442,#5445,#6664,.T.);
#3853=EDGE_CURVE('',#5444,#5446,#6665,.T.);
#3854=EDGE_CURVE('',#5447,#5446,#6666,.T.);
#3855=EDGE_CURVE('',#5445,#5447,#6667,.T.);
#3856=EDGE_CURVE('',#5446,#5448,#6668,.T.);
#3857=EDGE_CURVE('',#5449,#5448,#6669,.T.);
#3858=EDGE_CURVE('',#5447,#5449,#6670,.T.);
#3859=EDGE_CURVE('',#5448,#5450,#6671,.T.);
#3860=EDGE_CURVE('',#5451,#5450,#6672,.T.);
#3861=EDGE_CURVE('',#5449,#5451,#6673,.T.);
#3862=EDGE_CURVE('',#5450,#5452,#6674,.T.);
#3863=EDGE_CURVE('',#5453,#5452,#6675,.T.);
#3864=EDGE_CURVE('',#5451,#5453,#6676,.T.);
#3865=EDGE_CURVE('',#5452,#5443,#6677,.T.);
#3866=EDGE_CURVE('',#5453,#5442,#6678,.T.);
#3867=EDGE_CURVE('',#5454,#5455,#6679,.T.);
#3868=EDGE_CURVE('',#5455,#5456,#6680,.T.);
#3869=EDGE_CURVE('',#5457,#5456,#6681,.T.);
#3870=EDGE_CURVE('',#5454,#5457,#6682,.T.);
#3871=EDGE_CURVE('',#5456,#5458,#6683,.T.);
#3872=EDGE_CURVE('',#5459,#5458,#6684,.T.);
#3873=EDGE_CURVE('',#5457,#5459,#6685,.T.);
#3874=EDGE_CURVE('',#5458,#5460,#6686,.T.);
#3875=EDGE_CURVE('',#5461,#5460,#6687,.T.);
#3876=EDGE_CURVE('',#5459,#5461,#6688,.T.);
#3877=EDGE_CURVE('',#5460,#5462,#6689,.T.);
#3878=EDGE_CURVE('',#5463,#5462,#6690,.T.);
#3879=EDGE_CURVE('',#5461,#5463,#6691,.T.);
#3880=EDGE_CURVE('',#5462,#5464,#6692,.T.);
#3881=EDGE_CURVE('',#5465,#5464,#6693,.T.);
#3882=EDGE_CURVE('',#5463,#5465,#6694,.T.);
#3883=EDGE_CURVE('',#5464,#5455,#6695,.T.);
#3884=EDGE_CURVE('',#5465,#5454,#6696,.T.);
#3885=EDGE_CURVE('',#5466,#5467,#6697,.T.);
#3886=EDGE_CURVE('',#5467,#5468,#6698,.T.);
#3887=EDGE_CURVE('',#5469,#5468,#6699,.T.);
#3888=EDGE_CURVE('',#5466,#5469,#6700,.T.);
#3889=EDGE_CURVE('',#5468,#5470,#6701,.T.);
#3890=EDGE_CURVE('',#5471,#5470,#6702,.T.);
#3891=EDGE_CURVE('',#5469,#5471,#6703,.T.);
#3892=EDGE_CURVE('',#5470,#5472,#6704,.T.);
#3893=EDGE_CURVE('',#5473,#5472,#6705,.T.);
#3894=EDGE_CURVE('',#5471,#5473,#6706,.T.);
#3895=EDGE_CURVE('',#5472,#5474,#6707,.T.);
#3896=EDGE_CURVE('',#5475,#5474,#6708,.T.);
#3897=EDGE_CURVE('',#5473,#5475,#6709,.T.);
#3898=EDGE_CURVE('',#5474,#5476,#6710,.T.);
#3899=EDGE_CURVE('',#5477,#5476,#6711,.T.);
#3900=EDGE_CURVE('',#5475,#5477,#6712,.T.);
#3901=EDGE_CURVE('',#5476,#5467,#6713,.T.);
#3902=EDGE_CURVE('',#5477,#5466,#6714,.T.);
#3903=EDGE_CURVE('',#5478,#5479,#6715,.T.);
#3904=EDGE_CURVE('',#5479,#5480,#6716,.T.);
#3905=EDGE_CURVE('',#5481,#5480,#6717,.T.);
#3906=EDGE_CURVE('',#5478,#5481,#6718,.T.);
#3907=EDGE_CURVE('',#5480,#5482,#6719,.T.);
#3908=EDGE_CURVE('',#5483,#5482,#6720,.T.);
#3909=EDGE_CURVE('',#5481,#5483,#6721,.T.);
#3910=EDGE_CURVE('',#5482,#5484,#6722,.T.);
#3911=EDGE_CURVE('',#5485,#5484,#6723,.T.);
#3912=EDGE_CURVE('',#5483,#5485,#6724,.T.);
#3913=EDGE_CURVE('',#5484,#5486,#6725,.T.);
#3914=EDGE_CURVE('',#5487,#5486,#6726,.T.);
#3915=EDGE_CURVE('',#5485,#5487,#6727,.T.);
#3916=EDGE_CURVE('',#5486,#5488,#6728,.T.);
#3917=EDGE_CURVE('',#5489,#5488,#6729,.T.);
#3918=EDGE_CURVE('',#5487,#5489,#6730,.T.);
#3919=EDGE_CURVE('',#5488,#5479,#6731,.T.);
#3920=EDGE_CURVE('',#5489,#5478,#6732,.T.);
#3921=EDGE_CURVE('',#5490,#5491,#6733,.T.);
#3922=EDGE_CURVE('',#5491,#5492,#6734,.T.);
#3923=EDGE_CURVE('',#5493,#5492,#6735,.T.);
#3924=EDGE_CURVE('',#5490,#5493,#6736,.T.);
#3925=EDGE_CURVE('',#5492,#5494,#6737,.T.);
#3926=EDGE_CURVE('',#5495,#5494,#6738,.T.);
#3927=EDGE_CURVE('',#5493,#5495,#6739,.T.);
#3928=EDGE_CURVE('',#5494,#5496,#6740,.T.);
#3929=EDGE_CURVE('',#5497,#5496,#6741,.T.);
#3930=EDGE_CURVE('',#5495,#5497,#6742,.T.);
#3931=EDGE_CURVE('',#5496,#5498,#6743,.T.);
#3932=EDGE_CURVE('',#5499,#5498,#6744,.T.);
#3933=EDGE_CURVE('',#5497,#5499,#6745,.T.);
#3934=EDGE_CURVE('',#5498,#5500,#6746,.T.);
#3935=EDGE_CURVE('',#5501,#5500,#6747,.T.);
#3936=EDGE_CURVE('',#5499,#5501,#6748,.T.);
#3937=EDGE_CURVE('',#5500,#5491,#6749,.T.);
#3938=EDGE_CURVE('',#5501,#5490,#6750,.T.);
#3939=EDGE_CURVE('',#5502,#5503,#6751,.T.);
#3940=EDGE_CURVE('',#5503,#5504,#6752,.T.);
#3941=EDGE_CURVE('',#5505,#5504,#6753,.T.);
#3942=EDGE_CURVE('',#5502,#5505,#6754,.T.);
#3943=EDGE_CURVE('',#5504,#5506,#6755,.T.);
#3944=EDGE_CURVE('',#5507,#5506,#6756,.T.);
#3945=EDGE_CURVE('',#5505,#5507,#6757,.T.);
#3946=EDGE_CURVE('',#5506,#5508,#6758,.T.);
#3947=EDGE_CURVE('',#5509,#5508,#6759,.T.);
#3948=EDGE_CURVE('',#5507,#5509,#6760,.T.);
#3949=EDGE_CURVE('',#5508,#5510,#6761,.T.);
#3950=EDGE_CURVE('',#5511,#5510,#6762,.T.);
#3951=EDGE_CURVE('',#5509,#5511,#6763,.T.);
#3952=EDGE_CURVE('',#5510,#5512,#6764,.T.);
#3953=EDGE_CURVE('',#5513,#5512,#6765,.T.);
#3954=EDGE_CURVE('',#5511,#5513,#6766,.T.);
#3955=EDGE_CURVE('',#5512,#5503,#6767,.T.);
#3956=EDGE_CURVE('',#5513,#5502,#6768,.T.);
#3957=EDGE_CURVE('',#5514,#5515,#6769,.T.);
#3958=EDGE_CURVE('',#5515,#5516,#6770,.T.);
#3959=EDGE_CURVE('',#5517,#5516,#6771,.T.);
#3960=EDGE_CURVE('',#5514,#5517,#6772,.T.);
#3961=EDGE_CURVE('',#5516,#5518,#6773,.T.);
#3962=EDGE_CURVE('',#5519,#5518,#6774,.T.);
#3963=EDGE_CURVE('',#5517,#5519,#6775,.T.);
#3964=EDGE_CURVE('',#5518,#5520,#6776,.T.);
#3965=EDGE_CURVE('',#5521,#5520,#6777,.T.);
#3966=EDGE_CURVE('',#5519,#5521,#6778,.T.);
#3967=EDGE_CURVE('',#5520,#5522,#6779,.T.);
#3968=EDGE_CURVE('',#5523,#5522,#6780,.T.);
#3969=EDGE_CURVE('',#5521,#5523,#6781,.T.);
#3970=EDGE_CURVE('',#5522,#5524,#6782,.T.);
#3971=EDGE_CURVE('',#5525,#5524,#6783,.T.);
#3972=EDGE_CURVE('',#5523,#5525,#6784,.T.);
#3973=EDGE_CURVE('',#5524,#5515,#6785,.T.);
#3974=EDGE_CURVE('',#5525,#5514,#6786,.T.);
#3975=EDGE_CURVE('',#5526,#5527,#6787,.T.);
#3976=EDGE_CURVE('',#5527,#5528,#6788,.T.);
#3977=EDGE_CURVE('',#5529,#5528,#6789,.T.);
#3978=EDGE_CURVE('',#5526,#5529,#6790,.T.);
#3979=EDGE_CURVE('',#5528,#5530,#6791,.T.);
#3980=EDGE_CURVE('',#5531,#5530,#6792,.T.);
#3981=EDGE_CURVE('',#5529,#5531,#6793,.T.);
#3982=EDGE_CURVE('',#5530,#5532,#6794,.T.);
#3983=EDGE_CURVE('',#5533,#5532,#6795,.T.);
#3984=EDGE_CURVE('',#5531,#5533,#6796,.T.);
#3985=EDGE_CURVE('',#5532,#5534,#6797,.T.);
#3986=EDGE_CURVE('',#5535,#5534,#6798,.T.);
#3987=EDGE_CURVE('',#5533,#5535,#6799,.T.);
#3988=EDGE_CURVE('',#5534,#5536,#6800,.T.);
#3989=EDGE_CURVE('',#5537,#5536,#6801,.T.);
#3990=EDGE_CURVE('',#5535,#5537,#6802,.T.);
#3991=EDGE_CURVE('',#5536,#5527,#6803,.T.);
#3992=EDGE_CURVE('',#5537,#5526,#6804,.T.);
#3993=EDGE_CURVE('',#5538,#5539,#6805,.T.);
#3994=EDGE_CURVE('',#5539,#5540,#6806,.T.);
#3995=EDGE_CURVE('',#5541,#5540,#6807,.T.);
#3996=EDGE_CURVE('',#5538,#5541,#6808,.T.);
#3997=EDGE_CURVE('',#5540,#5542,#6809,.T.);
#3998=EDGE_CURVE('',#5543,#5542,#6810,.T.);
#3999=EDGE_CURVE('',#5541,#5543,#6811,.T.);
#4000=EDGE_CURVE('',#5542,#5544,#6812,.T.);
#4001=EDGE_CURVE('',#5545,#5544,#6813,.T.);
#4002=EDGE_CURVE('',#5543,#5545,#6814,.T.);
#4003=EDGE_CURVE('',#5544,#5546,#6815,.T.);
#4004=EDGE_CURVE('',#5547,#5546,#6816,.T.);
#4005=EDGE_CURVE('',#5545,#5547,#6817,.T.);
#4006=EDGE_CURVE('',#5546,#5548,#6818,.T.);
#4007=EDGE_CURVE('',#5549,#5548,#6819,.T.);
#4008=EDGE_CURVE('',#5547,#5549,#6820,.T.);
#4009=EDGE_CURVE('',#5548,#5539,#6821,.T.);
#4010=EDGE_CURVE('',#5549,#5538,#6822,.T.);
#4011=EDGE_CURVE('',#5550,#5551,#6823,.T.);
#4012=EDGE_CURVE('',#5551,#5552,#6824,.T.);
#4013=EDGE_CURVE('',#5553,#5552,#6825,.T.);
#4014=EDGE_CURVE('',#5550,#5553,#6826,.T.);
#4015=EDGE_CURVE('',#5552,#5554,#6827,.T.);
#4016=EDGE_CURVE('',#5555,#5554,#6828,.T.);
#4017=EDGE_CURVE('',#5553,#5555,#6829,.T.);
#4018=EDGE_CURVE('',#5554,#5556,#6830,.T.);
#4019=EDGE_CURVE('',#5557,#5556,#6831,.T.);
#4020=EDGE_CURVE('',#5555,#5557,#6832,.T.);
#4021=EDGE_CURVE('',#5556,#5558,#6833,.T.);
#4022=EDGE_CURVE('',#5559,#5558,#6834,.T.);
#4023=EDGE_CURVE('',#5557,#5559,#6835,.T.);
#4024=EDGE_CURVE('',#5558,#5560,#6836,.T.);
#4025=EDGE_CURVE('',#5561,#5560,#6837,.T.);
#4026=EDGE_CURVE('',#5559,#5561,#6838,.T.);
#4027=EDGE_CURVE('',#5560,#5551,#6839,.T.);
#4028=EDGE_CURVE('',#5561,#5550,#6840,.T.);
#4029=EDGE_CURVE('',#5562,#5563,#6841,.T.);
#4030=EDGE_CURVE('',#5563,#5564,#6842,.T.);
#4031=EDGE_CURVE('',#5565,#5564,#6843,.T.);
#4032=EDGE_CURVE('',#5562,#5565,#6844,.T.);
#4033=EDGE_CURVE('',#5564,#5566,#6845,.T.);
#4034=EDGE_CURVE('',#5567,#5566,#6846,.T.);
#4035=EDGE_CURVE('',#5565,#5567,#6847,.T.);
#4036=EDGE_CURVE('',#5566,#5568,#6848,.T.);
#4037=EDGE_CURVE('',#5569,#5568,#6849,.T.);
#4038=EDGE_CURVE('',#5567,#5569,#6850,.T.);
#4039=EDGE_CURVE('',#5568,#5570,#6851,.T.);
#4040=EDGE_CURVE('',#5571,#5570,#6852,.T.);
#4041=EDGE_CURVE('',#5569,#5571,#6853,.T.);
#4042=EDGE_CURVE('',#5570,#5572,#6854,.T.);
#4043=EDGE_CURVE('',#5573,#5572,#6855,.T.);
#4044=EDGE_CURVE('',#5571,#5573,#6856,.T.);
#4045=EDGE_CURVE('',#5572,#5563,#6857,.T.);
#4046=EDGE_CURVE('',#5573,#5562,#6858,.T.);
#4047=EDGE_CURVE('',#5574,#5575,#6859,.T.);
#4048=EDGE_CURVE('',#5575,#5576,#6860,.T.);
#4049=EDGE_CURVE('',#5577,#5576,#6861,.T.);
#4050=EDGE_CURVE('',#5574,#5577,#6862,.T.);
#4051=EDGE_CURVE('',#5576,#5578,#6863,.T.);
#4052=EDGE_CURVE('',#5579,#5578,#6864,.T.);
#4053=EDGE_CURVE('',#5577,#5579,#6865,.T.);
#4054=EDGE_CURVE('',#5578,#5580,#6866,.T.);
#4055=EDGE_CURVE('',#5581,#5580,#6867,.T.);
#4056=EDGE_CURVE('',#5579,#5581,#6868,.T.);
#4057=EDGE_CURVE('',#5580,#5582,#6869,.T.);
#4058=EDGE_CURVE('',#5583,#5582,#6870,.T.);
#4059=EDGE_CURVE('',#5581,#5583,#6871,.T.);
#4060=EDGE_CURVE('',#5582,#5584,#6872,.T.);
#4061=EDGE_CURVE('',#5585,#5584,#6873,.T.);
#4062=EDGE_CURVE('',#5583,#5585,#6874,.T.);
#4063=EDGE_CURVE('',#5584,#5575,#6875,.T.);
#4064=EDGE_CURVE('',#5585,#5574,#6876,.T.);
#4065=EDGE_CURVE('',#5586,#5587,#6877,.T.);
#4066=EDGE_CURVE('',#5587,#5588,#6878,.T.);
#4067=EDGE_CURVE('',#5589,#5588,#6879,.T.);
#4068=EDGE_CURVE('',#5586,#5589,#6880,.T.);
#4069=EDGE_CURVE('',#5588,#5590,#6881,.T.);
#4070=EDGE_CURVE('',#5591,#5590,#6882,.T.);
#4071=EDGE_CURVE('',#5589,#5591,#6883,.T.);
#4072=EDGE_CURVE('',#5590,#5592,#6884,.T.);
#4073=EDGE_CURVE('',#5593,#5592,#6885,.T.);
#4074=EDGE_CURVE('',#5591,#5593,#6886,.T.);
#4075=EDGE_CURVE('',#5592,#5594,#6887,.T.);
#4076=EDGE_CURVE('',#5595,#5594,#6888,.T.);
#4077=EDGE_CURVE('',#5593,#5595,#6889,.T.);
#4078=EDGE_CURVE('',#5594,#5596,#6890,.T.);
#4079=EDGE_CURVE('',#5597,#5596,#6891,.T.);
#4080=EDGE_CURVE('',#5595,#5597,#6892,.T.);
#4081=EDGE_CURVE('',#5596,#5587,#6893,.T.);
#4082=EDGE_CURVE('',#5597,#5586,#6894,.T.);
#4083=EDGE_CURVE('',#5598,#5599,#6895,.T.);
#4084=EDGE_CURVE('',#5599,#5600,#6896,.T.);
#4085=EDGE_CURVE('',#5601,#5600,#6897,.T.);
#4086=EDGE_CURVE('',#5598,#5601,#6898,.T.);
#4087=EDGE_CURVE('',#5600,#5602,#6899,.T.);
#4088=EDGE_CURVE('',#5603,#5602,#6900,.T.);
#4089=EDGE_CURVE('',#5601,#5603,#6901,.T.);
#4090=EDGE_CURVE('',#5602,#5604,#6902,.T.);
#4091=EDGE_CURVE('',#5605,#5604,#6903,.T.);
#4092=EDGE_CURVE('',#5603,#5605,#6904,.T.);
#4093=EDGE_CURVE('',#5604,#5606,#6905,.T.);
#4094=EDGE_CURVE('',#5607,#5606,#6906,.T.);
#4095=EDGE_CURVE('',#5605,#5607,#6907,.T.);
#4096=EDGE_CURVE('',#5606,#5608,#6908,.T.);
#4097=EDGE_CURVE('',#5609,#5608,#6909,.T.);
#4098=EDGE_CURVE('',#5607,#5609,#6910,.T.);
#4099=EDGE_CURVE('',#5608,#5599,#6911,.T.);
#4100=EDGE_CURVE('',#5609,#5598,#6912,.T.);
#4101=EDGE_CURVE('',#5610,#5611,#6913,.T.);
#4102=EDGE_CURVE('',#5611,#5612,#6914,.T.);
#4103=EDGE_CURVE('',#5613,#5612,#6915,.T.);
#4104=EDGE_CURVE('',#5610,#5613,#6916,.T.);
#4105=EDGE_CURVE('',#5612,#5614,#6917,.T.);
#4106=EDGE_CURVE('',#5615,#5614,#6918,.T.);
#4107=EDGE_CURVE('',#5613,#5615,#6919,.T.);
#4108=EDGE_CURVE('',#5614,#5616,#6920,.T.);
#4109=EDGE_CURVE('',#5617,#5616,#6921,.T.);
#4110=EDGE_CURVE('',#5615,#5617,#6922,.T.);
#4111=EDGE_CURVE('',#5616,#5618,#6923,.T.);
#4112=EDGE_CURVE('',#5619,#5618,#6924,.T.);
#4113=EDGE_CURVE('',#5617,#5619,#6925,.T.);
#4114=EDGE_CURVE('',#5618,#5620,#6926,.T.);
#4115=EDGE_CURVE('',#5621,#5620,#6927,.T.);
#4116=EDGE_CURVE('',#5619,#5621,#6928,.T.);
#4117=EDGE_CURVE('',#5620,#5611,#6929,.T.);
#4118=EDGE_CURVE('',#5621,#5610,#6930,.T.);
#4119=EDGE_CURVE('',#5622,#5623,#6931,.T.);
#4120=EDGE_CURVE('',#5623,#5624,#6932,.T.);
#4121=EDGE_CURVE('',#5625,#5624,#6933,.T.);
#4122=EDGE_CURVE('',#5622,#5625,#6934,.T.);
#4123=EDGE_CURVE('',#5624,#5626,#6935,.T.);
#4124=EDGE_CURVE('',#5627,#5626,#6936,.T.);
#4125=EDGE_CURVE('',#5625,#5627,#6937,.T.);
#4126=EDGE_CURVE('',#5626,#5628,#6938,.T.);
#4127=EDGE_CURVE('',#5629,#5628,#6939,.T.);
#4128=EDGE_CURVE('',#5627,#5629,#6940,.T.);
#4129=EDGE_CURVE('',#5628,#5630,#6941,.T.);
#4130=EDGE_CURVE('',#5631,#5630,#6942,.T.);
#4131=EDGE_CURVE('',#5629,#5631,#6943,.T.);
#4132=EDGE_CURVE('',#5630,#5632,#6944,.T.);
#4133=EDGE_CURVE('',#5633,#5632,#6945,.T.);
#4134=EDGE_CURVE('',#5631,#5633,#6946,.T.);
#4135=EDGE_CURVE('',#5632,#5623,#6947,.T.);
#4136=EDGE_CURVE('',#5633,#5622,#6948,.T.);
#4137=EDGE_CURVE('',#5634,#5635,#6949,.T.);
#4138=EDGE_CURVE('',#5635,#5636,#6950,.T.);
#4139=EDGE_CURVE('',#5637,#5636,#6951,.T.);
#4140=EDGE_CURVE('',#5634,#5637,#6952,.T.);
#4141=EDGE_CURVE('',#5636,#5638,#6953,.T.);
#4142=EDGE_CURVE('',#5639,#5638,#6954,.T.);
#4143=EDGE_CURVE('',#5637,#5639,#6955,.T.);
#4144=EDGE_CURVE('',#5638,#5640,#6956,.T.);
#4145=EDGE_CURVE('',#5641,#5640,#6957,.T.);
#4146=EDGE_CURVE('',#5639,#5641,#6958,.T.);
#4147=EDGE_CURVE('',#5640,#5642,#6959,.T.);
#4148=EDGE_CURVE('',#5643,#5642,#6960,.T.);
#4149=EDGE_CURVE('',#5641,#5643,#6961,.T.);
#4150=EDGE_CURVE('',#5642,#5644,#6962,.T.);
#4151=EDGE_CURVE('',#5645,#5644,#6963,.T.);
#4152=EDGE_CURVE('',#5643,#5645,#6964,.T.);
#4153=EDGE_CURVE('',#5644,#5635,#6965,.T.);
#4154=EDGE_CURVE('',#5645,#5634,#6966,.T.);
#4155=EDGE_CURVE('',#5646,#5647,#6967,.T.);
#4156=EDGE_CURVE('',#5647,#5648,#6968,.T.);
#4157=EDGE_CURVE('',#5649,#5648,#6969,.T.);
#4158=EDGE_CURVE('',#5646,#5649,#6970,.T.);
#4159=EDGE_CURVE('',#5648,#5650,#6971,.T.);
#4160=EDGE_CURVE('',#5651,#5650,#6972,.T.);
#4161=EDGE_CURVE('',#5649,#5651,#6973,.T.);
#4162=EDGE_CURVE('',#5650,#5652,#6974,.T.);
#4163=EDGE_CURVE('',#5653,#5652,#6975,.T.);
#4164=EDGE_CURVE('',#5651,#5653,#6976,.T.);
#4165=EDGE_CURVE('',#5652,#5654,#6977,.T.);
#4166=EDGE_CURVE('',#5655,#5654,#6978,.T.);
#4167=EDGE_CURVE('',#5653,#5655,#6979,.T.);
#4168=EDGE_CURVE('',#5654,#5656,#6980,.T.);
#4169=EDGE_CURVE('',#5657,#5656,#6981,.T.);
#4170=EDGE_CURVE('',#5655,#5657,#6982,.T.);
#4171=EDGE_CURVE('',#5656,#5647,#6983,.T.);
#4172=EDGE_CURVE('',#5657,#5646,#6984,.T.);
#4173=EDGE_CURVE('',#5658,#5659,#6985,.T.);
#4174=EDGE_CURVE('',#5659,#5660,#6986,.T.);
#4175=EDGE_CURVE('',#5661,#5660,#6987,.T.);
#4176=EDGE_CURVE('',#5658,#5661,#6988,.T.);
#4177=EDGE_CURVE('',#5660,#5662,#6989,.T.);
#4178=EDGE_CURVE('',#5663,#5662,#6990,.T.);
#4179=EDGE_CURVE('',#5661,#5663,#6991,.T.);
#4180=EDGE_CURVE('',#5662,#5664,#6992,.T.);
#4181=EDGE_CURVE('',#5665,#5664,#6993,.T.);
#4182=EDGE_CURVE('',#5663,#5665,#6994,.T.);
#4183=EDGE_CURVE('',#5664,#5666,#6995,.T.);
#4184=EDGE_CURVE('',#5667,#5666,#6996,.T.);
#4185=EDGE_CURVE('',#5665,#5667,#6997,.T.);
#4186=EDGE_CURVE('',#5666,#5668,#6998,.T.);
#4187=EDGE_CURVE('',#5669,#5668,#6999,.T.);
#4188=EDGE_CURVE('',#5667,#5669,#7000,.T.);
#4189=EDGE_CURVE('',#5668,#5659,#7001,.T.);
#4190=EDGE_CURVE('',#5669,#5658,#7002,.T.);
#4191=EDGE_CURVE('',#5670,#5671,#7003,.T.);
#4192=EDGE_CURVE('',#5671,#5672,#7004,.T.);
#4193=EDGE_CURVE('',#5673,#5672,#7005,.T.);
#4194=EDGE_CURVE('',#5670,#5673,#7006,.T.);
#4195=EDGE_CURVE('',#5672,#5674,#7007,.T.);
#4196=EDGE_CURVE('',#5675,#5674,#7008,.T.);
#4197=EDGE_CURVE('',#5673,#5675,#7009,.T.);
#4198=EDGE_CURVE('',#5674,#5676,#7010,.T.);
#4199=EDGE_CURVE('',#5677,#5676,#7011,.T.);
#4200=EDGE_CURVE('',#5675,#5677,#7012,.T.);
#4201=EDGE_CURVE('',#5676,#5678,#7013,.T.);
#4202=EDGE_CURVE('',#5679,#5678,#7014,.T.);
#4203=EDGE_CURVE('',#5677,#5679,#7015,.T.);
#4204=EDGE_CURVE('',#5678,#5680,#7016,.T.);
#4205=EDGE_CURVE('',#5681,#5680,#7017,.T.);
#4206=EDGE_CURVE('',#5679,#5681,#7018,.T.);
#4207=EDGE_CURVE('',#5680,#5671,#7019,.T.);
#4208=EDGE_CURVE('',#5681,#5670,#7020,.T.);
#4209=EDGE_CURVE('',#5682,#5683,#7021,.T.);
#4210=EDGE_CURVE('',#5683,#5684,#7022,.T.);
#4211=EDGE_CURVE('',#5685,#5684,#7023,.T.);
#4212=EDGE_CURVE('',#5682,#5685,#7024,.T.);
#4213=EDGE_CURVE('',#5684,#5686,#7025,.T.);
#4214=EDGE_CURVE('',#5687,#5686,#7026,.T.);
#4215=EDGE_CURVE('',#5685,#5687,#7027,.T.);
#4216=EDGE_CURVE('',#5686,#5688,#7028,.T.);
#4217=EDGE_CURVE('',#5689,#5688,#7029,.T.);
#4218=EDGE_CURVE('',#5687,#5689,#7030,.T.);
#4219=EDGE_CURVE('',#5688,#5690,#7031,.T.);
#4220=EDGE_CURVE('',#5691,#5690,#7032,.T.);
#4221=EDGE_CURVE('',#5689,#5691,#7033,.T.);
#4222=EDGE_CURVE('',#5690,#5692,#7034,.T.);
#4223=EDGE_CURVE('',#5693,#5692,#7035,.T.);
#4224=EDGE_CURVE('',#5691,#5693,#7036,.T.);
#4225=EDGE_CURVE('',#5692,#5683,#7037,.T.);
#4226=EDGE_CURVE('',#5693,#5682,#7038,.T.);
#4227=EDGE_CURVE('',#5694,#5695,#7039,.T.);
#4228=EDGE_CURVE('',#5695,#5696,#7040,.T.);
#4229=EDGE_CURVE('',#5697,#5696,#7041,.T.);
#4230=EDGE_CURVE('',#5694,#5697,#7042,.T.);
#4231=EDGE_CURVE('',#5696,#5698,#7043,.T.);
#4232=EDGE_CURVE('',#5699,#5698,#7044,.T.);
#4233=EDGE_CURVE('',#5697,#5699,#7045,.T.);
#4234=EDGE_CURVE('',#5698,#5700,#7046,.T.);
#4235=EDGE_CURVE('',#5701,#5700,#7047,.T.);
#4236=EDGE_CURVE('',#5699,#5701,#7048,.T.);
#4237=EDGE_CURVE('',#5700,#5702,#7049,.T.);
#4238=EDGE_CURVE('',#5703,#5702,#7050,.T.);
#4239=EDGE_CURVE('',#5701,#5703,#7051,.T.);
#4240=EDGE_CURVE('',#5702,#5704,#7052,.T.);
#4241=EDGE_CURVE('',#5705,#5704,#7053,.T.);
#4242=EDGE_CURVE('',#5703,#5705,#7054,.T.);
#4243=EDGE_CURVE('',#5704,#5695,#7055,.T.);
#4244=EDGE_CURVE('',#5705,#5694,#7056,.T.);
#4245=EDGE_CURVE('',#5706,#5707,#7057,.T.);
#4246=EDGE_CURVE('',#5707,#5708,#7058,.T.);
#4247=EDGE_CURVE('',#5709,#5708,#7059,.T.);
#4248=EDGE_CURVE('',#5706,#5709,#7060,.T.);
#4249=EDGE_CURVE('',#5708,#5710,#7061,.T.);
#4250=EDGE_CURVE('',#5711,#5710,#7062,.T.);
#4251=EDGE_CURVE('',#5709,#5711,#7063,.T.);
#4252=EDGE_CURVE('',#5710,#5712,#7064,.T.);
#4253=EDGE_CURVE('',#5713,#5712,#7065,.T.);
#4254=EDGE_CURVE('',#5711,#5713,#7066,.T.);
#4255=EDGE_CURVE('',#5712,#5714,#7067,.T.);
#4256=EDGE_CURVE('',#5715,#5714,#7068,.T.);
#4257=EDGE_CURVE('',#5713,#5715,#7069,.T.);
#4258=EDGE_CURVE('',#5714,#5716,#7070,.T.);
#4259=EDGE_CURVE('',#5717,#5716,#7071,.T.);
#4260=EDGE_CURVE('',#5715,#5717,#7072,.T.);
#4261=EDGE_CURVE('',#5716,#5707,#7073,.T.);
#4262=EDGE_CURVE('',#5717,#5706,#7074,.T.);
#4263=EDGE_CURVE('',#5718,#5719,#7075,.T.);
#4264=EDGE_CURVE('',#5719,#5720,#7076,.T.);
#4265=EDGE_CURVE('',#5721,#5720,#7077,.T.);
#4266=EDGE_CURVE('',#5718,#5721,#7078,.T.);
#4267=EDGE_CURVE('',#5720,#5722,#7079,.T.);
#4268=EDGE_CURVE('',#5723,#5722,#7080,.T.);
#4269=EDGE_CURVE('',#5721,#5723,#7081,.T.);
#4270=EDGE_CURVE('',#5722,#5724,#7082,.T.);
#4271=EDGE_CURVE('',#5725,#5724,#7083,.T.);
#4272=EDGE_CURVE('',#5723,#5725,#7084,.T.);
#4273=EDGE_CURVE('',#5724,#5726,#7085,.T.);
#4274=EDGE_CURVE('',#5727,#5726,#7086,.T.);
#4275=EDGE_CURVE('',#5725,#5727,#7087,.T.);
#4276=EDGE_CURVE('',#5726,#5728,#7088,.T.);
#4277=EDGE_CURVE('',#5729,#5728,#7089,.T.);
#4278=EDGE_CURVE('',#5727,#5729,#7090,.T.);
#4279=EDGE_CURVE('',#5728,#5719,#7091,.T.);
#4280=EDGE_CURVE('',#5729,#5718,#7092,.T.);
#4281=EDGE_CURVE('',#5730,#5731,#7093,.T.);
#4282=EDGE_CURVE('',#5731,#5732,#7094,.T.);
#4283=EDGE_CURVE('',#5733,#5732,#7095,.T.);
#4284=EDGE_CURVE('',#5730,#5733,#7096,.T.);
#4285=EDGE_CURVE('',#5732,#5734,#7097,.T.);
#4286=EDGE_CURVE('',#5735,#5734,#7098,.T.);
#4287=EDGE_CURVE('',#5733,#5735,#7099,.T.);
#4288=EDGE_CURVE('',#5734,#5736,#7100,.T.);
#4289=EDGE_CURVE('',#5737,#5736,#7101,.T.);
#4290=EDGE_CURVE('',#5735,#5737,#7102,.T.);
#4291=EDGE_CURVE('',#5736,#5738,#7103,.T.);
#4292=EDGE_CURVE('',#5739,#5738,#7104,.T.);
#4293=EDGE_CURVE('',#5737,#5739,#7105,.T.);
#4294=EDGE_CURVE('',#5738,#5740,#7106,.T.);
#4295=EDGE_CURVE('',#5741,#5740,#7107,.T.);
#4296=EDGE_CURVE('',#5739,#5741,#7108,.T.);
#4297=EDGE_CURVE('',#5740,#5731,#7109,.T.);
#4298=EDGE_CURVE('',#5741,#5730,#7110,.T.);
#4299=EDGE_CURVE('',#5742,#5743,#7111,.T.);
#4300=EDGE_CURVE('',#5743,#5744,#7112,.T.);
#4301=EDGE_CURVE('',#5745,#5744,#7113,.T.);
#4302=EDGE_CURVE('',#5742,#5745,#7114,.T.);
#4303=EDGE_CURVE('',#5744,#5746,#7115,.T.);
#4304=EDGE_CURVE('',#5747,#5746,#7116,.T.);
#4305=EDGE_CURVE('',#5745,#5747,#7117,.T.);
#4306=EDGE_CURVE('',#5746,#5748,#7118,.T.);
#4307=EDGE_CURVE('',#5749,#5748,#7119,.T.);
#4308=EDGE_CURVE('',#5747,#5749,#7120,.T.);
#4309=EDGE_CURVE('',#5748,#5750,#7121,.T.);
#4310=EDGE_CURVE('',#5751,#5750,#7122,.T.);
#4311=EDGE_CURVE('',#5749,#5751,#7123,.T.);
#4312=EDGE_CURVE('',#5750,#5752,#7124,.T.);
#4313=EDGE_CURVE('',#5753,#5752,#7125,.T.);
#4314=EDGE_CURVE('',#5751,#5753,#7126,.T.);
#4315=EDGE_CURVE('',#5752,#5743,#7127,.T.);
#4316=EDGE_CURVE('',#5753,#5742,#7128,.T.);
#4317=EDGE_CURVE('',#5754,#5755,#7129,.T.);
#4318=EDGE_CURVE('',#5755,#5756,#7130,.T.);
#4319=EDGE_CURVE('',#5757,#5756,#7131,.T.);
#4320=EDGE_CURVE('',#5754,#5757,#7132,.T.);
#4321=EDGE_CURVE('',#5756,#5758,#7133,.T.);
#4322=EDGE_CURVE('',#5759,#5758,#7134,.T.);
#4323=EDGE_CURVE('',#5757,#5759,#7135,.T.);
#4324=EDGE_CURVE('',#5758,#5760,#7136,.T.);
#4325=EDGE_CURVE('',#5761,#5760,#7137,.T.);
#4326=EDGE_CURVE('',#5759,#5761,#7138,.T.);
#4327=EDGE_CURVE('',#5760,#5762,#7139,.T.);
#4328=EDGE_CURVE('',#5763,#5762,#7140,.T.);
#4329=EDGE_CURVE('',#5761,#5763,#7141,.T.);
#4330=EDGE_CURVE('',#5762,#5764,#7142,.T.);
#4331=EDGE_CURVE('',#5765,#5764,#7143,.T.);
#4332=EDGE_CURVE('',#5763,#5765,#7144,.T.);
#4333=EDGE_CURVE('',#5764,#5755,#7145,.T.);
#4334=EDGE_CURVE('',#5765,#5754,#7146,.T.);
#4335=EDGE_CURVE('',#5766,#5767,#7147,.T.);
#4336=EDGE_CURVE('',#5767,#5768,#7148,.T.);
#4337=EDGE_CURVE('',#5769,#5768,#7149,.T.);
#4338=EDGE_CURVE('',#5766,#5769,#7150,.T.);
#4339=EDGE_CURVE('',#5768,#5770,#7151,.T.);
#4340=EDGE_CURVE('',#5771,#5770,#7152,.T.);
#4341=EDGE_CURVE('',#5769,#5771,#7153,.T.);
#4342=EDGE_CURVE('',#5770,#5772,#7154,.T.);
#4343=EDGE_CURVE('',#5773,#5772,#7155,.T.);
#4344=EDGE_CURVE('',#5771,#5773,#7156,.T.);
#4345=EDGE_CURVE('',#5772,#5774,#7157,.T.);
#4346=EDGE_CURVE('',#5775,#5774,#7158,.T.);
#4347=EDGE_CURVE('',#5773,#5775,#7159,.T.);
#4348=EDGE_CURVE('',#5774,#5776,#7160,.T.);
#4349=EDGE_CURVE('',#5777,#5776,#7161,.T.);
#4350=EDGE_CURVE('',#5775,#5777,#7162,.T.);
#4351=EDGE_CURVE('',#5776,#5767,#7163,.T.);
#4352=EDGE_CURVE('',#5777,#5766,#7164,.T.);
#4353=EDGE_CURVE('',#5778,#5779,#7165,.T.);
#4354=EDGE_CURVE('',#5779,#5780,#7166,.T.);
#4355=EDGE_CURVE('',#5781,#5780,#7167,.T.);
#4356=EDGE_CURVE('',#5778,#5781,#7168,.T.);
#4357=EDGE_CURVE('',#5780,#5782,#7169,.T.);
#4358=EDGE_CURVE('',#5783,#5782,#7170,.T.);
#4359=EDGE_CURVE('',#5781,#5783,#7171,.T.);
#4360=EDGE_CURVE('',#5782,#5784,#7172,.T.);
#4361=EDGE_CURVE('',#5785,#5784,#7173,.T.);
#4362=EDGE_CURVE('',#5783,#5785,#7174,.T.);
#4363=EDGE_CURVE('',#5784,#5786,#7175,.T.);
#4364=EDGE_CURVE('',#5787,#5786,#7176,.T.);
#4365=EDGE_CURVE('',#5785,#5787,#7177,.T.);
#4366=EDGE_CURVE('',#5786,#5788,#7178,.T.);
#4367=EDGE_CURVE('',#5789,#5788,#7179,.T.);
#4368=EDGE_CURVE('',#5787,#5789,#7180,.T.);
#4369=EDGE_CURVE('',#5788,#5779,#7181,.T.);
#4370=EDGE_CURVE('',#5789,#5778,#7182,.T.);
#4371=EDGE_CURVE('',#5790,#5791,#7183,.T.);
#4372=EDGE_CURVE('',#5791,#5792,#7184,.T.);
#4373=EDGE_CURVE('',#5793,#5792,#7185,.T.);
#4374=EDGE_CURVE('',#5790,#5793,#7186,.T.);
#4375=EDGE_CURVE('',#5792,#5794,#7187,.T.);
#4376=EDGE_CURVE('',#5795,#5794,#7188,.T.);
#4377=EDGE_CURVE('',#5793,#5795,#7189,.T.);
#4378=EDGE_CURVE('',#5794,#5796,#7190,.T.);
#4379=EDGE_CURVE('',#5797,#5796,#7191,.T.);
#4380=EDGE_CURVE('',#5795,#5797,#7192,.T.);
#4381=EDGE_CURVE('',#5796,#5798,#7193,.T.);
#4382=EDGE_CURVE('',#5799,#5798,#7194,.T.);
#4383=EDGE_CURVE('',#5797,#5799,#7195,.T.);
#4384=EDGE_CURVE('',#5798,#5800,#7196,.T.);
#4385=EDGE_CURVE('',#5801,#5800,#7197,.T.);
#4386=EDGE_CURVE('',#5799,#5801,#7198,.T.);
#4387=EDGE_CURVE('',#5800,#5791,#7199,.T.);
#4388=EDGE_CURVE('',#5801,#5790,#7200,.T.);
#4389=EDGE_CURVE('',#5802,#5803,#7201,.T.);
#4390=EDGE_CURVE('',#5803,#5804,#7202,.T.);
#4391=EDGE_CURVE('',#5805,#5804,#7203,.T.);
#4392=EDGE_CURVE('',#5802,#5805,#7204,.T.);
#4393=EDGE_CURVE('',#5804,#5806,#7205,.T.);
#4394=EDGE_CURVE('',#5807,#5806,#7206,.T.);
#4395=EDGE_CURVE('',#5805,#5807,#7207,.T.);
#4396=EDGE_CURVE('',#5806,#5808,#7208,.T.);
#4397=EDGE_CURVE('',#5809,#5808,#7209,.T.);
#4398=EDGE_CURVE('',#5807,#5809,#7210,.T.);
#4399=EDGE_CURVE('',#5808,#5810,#7211,.T.);
#4400=EDGE_CURVE('',#5811,#5810,#7212,.T.);
#4401=EDGE_CURVE('',#5809,#5811,#7213,.T.);
#4402=EDGE_CURVE('',#5810,#5812,#7214,.T.);
#4403=EDGE_CURVE('',#5813,#5812,#7215,.T.);
#4404=EDGE_CURVE('',#5811,#5813,#7216,.T.);
#4405=EDGE_CURVE('',#5812,#5803,#7217,.T.);
#4406=EDGE_CURVE('',#5813,#5802,#7218,.T.);
#4407=EDGE_CURVE('',#5814,#5815,#7219,.T.);
#4408=EDGE_CURVE('',#5815,#5816,#7220,.T.);
#4409=EDGE_CURVE('',#5817,#5816,#7221,.T.);
#4410=EDGE_CURVE('',#5814,#5817,#7222,.T.);
#4411=EDGE_CURVE('',#5816,#5818,#7223,.T.);
#4412=EDGE_CURVE('',#5819,#5818,#7224,.T.);
#4413=EDGE_CURVE('',#5817,#5819,#7225,.T.);
#4414=EDGE_CURVE('',#5818,#5820,#7226,.T.);
#4415=EDGE_CURVE('',#5821,#5820,#7227,.T.);
#4416=EDGE_CURVE('',#5819,#5821,#7228,.T.);
#4417=EDGE_CURVE('',#5820,#5822,#7229,.T.);
#4418=EDGE_CURVE('',#5823,#5822,#7230,.T.);
#4419=EDGE_CURVE('',#5821,#5823,#7231,.T.);
#4420=EDGE_CURVE('',#5822,#5824,#7232,.T.);
#4421=EDGE_CURVE('',#5825,#5824,#7233,.T.);
#4422=EDGE_CURVE('',#5823,#5825,#7234,.T.);
#4423=EDGE_CURVE('',#5824,#5815,#7235,.T.);
#4424=EDGE_CURVE('',#5825,#5814,#7236,.T.);
#4425=EDGE_CURVE('',#5826,#5827,#7237,.T.);
#4426=EDGE_CURVE('',#5827,#5828,#7238,.T.);
#4427=EDGE_CURVE('',#5829,#5828,#7239,.T.);
#4428=EDGE_CURVE('',#5826,#5829,#7240,.T.);
#4429=EDGE_CURVE('',#5828,#5830,#7241,.T.);
#4430=EDGE_CURVE('',#5831,#5830,#7242,.T.);
#4431=EDGE_CURVE('',#5829,#5831,#7243,.T.);
#4432=EDGE_CURVE('',#5830,#5832,#7244,.T.);
#4433=EDGE_CURVE('',#5833,#5832,#7245,.T.);
#4434=EDGE_CURVE('',#5831,#5833,#7246,.T.);
#4435=EDGE_CURVE('',#5832,#5834,#7247,.T.);
#4436=EDGE_CURVE('',#5835,#5834,#7248,.T.);
#4437=EDGE_CURVE('',#5833,#5835,#7249,.T.);
#4438=EDGE_CURVE('',#5834,#5836,#7250,.T.);
#4439=EDGE_CURVE('',#5837,#5836,#7251,.T.);
#4440=EDGE_CURVE('',#5835,#5837,#7252,.T.);
#4441=EDGE_CURVE('',#5836,#5827,#7253,.T.);
#4442=EDGE_CURVE('',#5837,#5826,#7254,.T.);
#4443=EDGE_CURVE('',#5838,#5839,#7255,.T.);
#4444=EDGE_CURVE('',#5839,#5840,#7256,.T.);
#4445=EDGE_CURVE('',#5841,#5840,#7257,.T.);
#4446=EDGE_CURVE('',#5838,#5841,#7258,.T.);
#4447=EDGE_CURVE('',#5840,#5842,#7259,.T.);
#4448=EDGE_CURVE('',#5843,#5842,#7260,.T.);
#4449=EDGE_CURVE('',#5841,#5843,#7261,.T.);
#4450=EDGE_CURVE('',#5842,#5844,#7262,.T.);
#4451=EDGE_CURVE('',#5845,#5844,#7263,.T.);
#4452=EDGE_CURVE('',#5843,#5845,#7264,.T.);
#4453=EDGE_CURVE('',#5844,#5846,#7265,.T.);
#4454=EDGE_CURVE('',#5847,#5846,#7266,.T.);
#4455=EDGE_CURVE('',#5845,#5847,#7267,.T.);
#4456=EDGE_CURVE('',#5846,#5848,#7268,.T.);
#4457=EDGE_CURVE('',#5849,#5848,#7269,.T.);
#4458=EDGE_CURVE('',#5847,#5849,#7270,.T.);
#4459=EDGE_CURVE('',#5848,#5839,#7271,.T.);
#4460=EDGE_CURVE('',#5849,#5838,#7272,.T.);
#4461=EDGE_CURVE('',#5850,#5851,#7273,.T.);
#4462=EDGE_CURVE('',#5851,#5852,#7274,.T.);
#4463=EDGE_CURVE('',#5853,#5852,#7275,.T.);
#4464=EDGE_CURVE('',#5850,#5853,#7276,.T.);
#4465=EDGE_CURVE('',#5852,#5854,#7277,.T.);
#4466=EDGE_CURVE('',#5855,#5854,#7278,.T.);
#4467=EDGE_CURVE('',#5853,#5855,#7279,.T.);
#4468=EDGE_CURVE('',#5854,#5856,#7280,.T.);
#4469=EDGE_CURVE('',#5857,#5856,#7281,.T.);
#4470=EDGE_CURVE('',#5855,#5857,#7282,.T.);
#4471=EDGE_CURVE('',#5856,#5858,#7283,.T.);
#4472=EDGE_CURVE('',#5859,#5858,#7284,.T.);
#4473=EDGE_CURVE('',#5857,#5859,#7285,.T.);
#4474=EDGE_CURVE('',#5858,#5860,#7286,.T.);
#4475=EDGE_CURVE('',#5861,#5860,#7287,.T.);
#4476=EDGE_CURVE('',#5859,#5861,#7288,.T.);
#4477=EDGE_CURVE('',#5860,#5851,#7289,.T.);
#4478=EDGE_CURVE('',#5861,#5850,#7290,.T.);
#4479=EDGE_CURVE('',#5862,#5863,#7291,.T.);
#4480=EDGE_CURVE('',#5863,#5864,#7292,.T.);
#4481=EDGE_CURVE('',#5865,#5864,#7293,.T.);
#4482=EDGE_CURVE('',#5862,#5865,#7294,.T.);
#4483=EDGE_CURVE('',#5864,#5866,#7295,.T.);
#4484=EDGE_CURVE('',#5867,#5866,#7296,.T.);
#4485=EDGE_CURVE('',#5865,#5867,#7297,.T.);
#4486=EDGE_CURVE('',#5866,#5868,#7298,.T.);
#4487=EDGE_CURVE('',#5869,#5868,#7299,.T.);
#4488=EDGE_CURVE('',#5867,#5869,#7300,.T.);
#4489=EDGE_CURVE('',#5868,#5870,#7301,.T.);
#4490=EDGE_CURVE('',#5871,#5870,#7302,.T.);
#4491=EDGE_CURVE('',#5869,#5871,#7303,.T.);
#4492=EDGE_CURVE('',#5870,#5872,#7304,.T.);
#4493=EDGE_CURVE('',#5873,#5872,#7305,.T.);
#4494=EDGE_CURVE('',#5871,#5873,#7306,.T.);
#4495=EDGE_CURVE('',#5872,#5863,#7307,.T.);
#4496=EDGE_CURVE('',#5873,#5862,#7308,.T.);
#4497=EDGE_CURVE('',#5874,#5875,#7309,.T.);
#4498=EDGE_CURVE('',#5875,#5876,#7310,.T.);
#4499=EDGE_CURVE('',#5877,#5876,#7311,.T.);
#4500=EDGE_CURVE('',#5874,#5877,#7312,.T.);
#4501=EDGE_CURVE('',#5876,#5878,#7313,.T.);
#4502=EDGE_CURVE('',#5879,#5878,#7314,.T.);
#4503=EDGE_CURVE('',#5877,#5879,#7315,.T.);
#4504=EDGE_CURVE('',#5878,#5880,#7316,.T.);
#4505=EDGE_CURVE('',#5881,#5880,#7317,.T.);
#4506=EDGE_CURVE('',#5879,#5881,#7318,.T.);
#4507=EDGE_CURVE('',#5880,#5882,#7319,.T.);
#4508=EDGE_CURVE('',#5883,#5882,#7320,.T.);
#4509=EDGE_CURVE('',#5881,#5883,#7321,.T.);
#4510=EDGE_CURVE('',#5882,#5884,#7322,.T.);
#4511=EDGE_CURVE('',#5885,#5884,#7323,.T.);
#4512=EDGE_CURVE('',#5883,#5885,#7324,.T.);
#4513=EDGE_CURVE('',#5884,#5875,#7325,.T.);
#4514=EDGE_CURVE('',#5885,#5874,#7326,.T.);
#4515=EDGE_CURVE('',#5886,#5887,#7327,.T.);
#4516=EDGE_CURVE('',#5887,#5888,#7328,.T.);
#4517=EDGE_CURVE('',#5889,#5888,#7329,.T.);
#4518=EDGE_CURVE('',#5886,#5889,#7330,.T.);
#4519=EDGE_CURVE('',#5888,#5890,#7331,.T.);
#4520=EDGE_CURVE('',#5891,#5890,#7332,.T.);
#4521=EDGE_CURVE('',#5889,#5891,#7333,.T.);
#4522=EDGE_CURVE('',#5890,#5892,#7334,.T.);
#4523=EDGE_CURVE('',#5893,#5892,#7335,.T.);
#4524=EDGE_CURVE('',#5891,#5893,#7336,.T.);
#4525=EDGE_CURVE('',#5892,#5894,#7337,.T.);
#4526=EDGE_CURVE('',#5895,#5894,#7338,.T.);
#4527=EDGE_CURVE('',#5893,#5895,#7339,.T.);
#4528=EDGE_CURVE('',#5894,#5896,#7340,.T.);
#4529=EDGE_CURVE('',#5897,#5896,#7341,.T.);
#4530=EDGE_CURVE('',#5895,#5897,#7342,.T.);
#4531=EDGE_CURVE('',#5896,#5887,#7343,.T.);
#4532=EDGE_CURVE('',#5897,#5886,#7344,.T.);
#4533=EDGE_CURVE('',#5898,#5899,#7345,.T.);
#4534=EDGE_CURVE('',#5899,#5900,#7346,.T.);
#4535=EDGE_CURVE('',#5901,#5900,#7347,.T.);
#4536=EDGE_CURVE('',#5898,#5901,#7348,.T.);
#4537=EDGE_CURVE('',#5900,#5902,#7349,.T.);
#4538=EDGE_CURVE('',#5903,#5902,#7350,.T.);
#4539=EDGE_CURVE('',#5901,#5903,#7351,.T.);
#4540=EDGE_CURVE('',#5902,#5904,#7352,.T.);
#4541=EDGE_CURVE('',#5905,#5904,#7353,.T.);
#4542=EDGE_CURVE('',#5903,#5905,#7354,.T.);
#4543=EDGE_CURVE('',#5904,#5906,#7355,.T.);
#4544=EDGE_CURVE('',#5907,#5906,#7356,.T.);
#4545=EDGE_CURVE('',#5905,#5907,#7357,.T.);
#4546=EDGE_CURVE('',#5906,#5908,#7358,.T.);
#4547=EDGE_CURVE('',#5909,#5908,#7359,.T.);
#4548=EDGE_CURVE('',#5907,#5909,#7360,.T.);
#4549=EDGE_CURVE('',#5908,#5899,#7361,.T.);
#4550=EDGE_CURVE('',#5909,#5898,#7362,.T.);
#4551=EDGE_CURVE('',#5910,#5911,#7363,.T.);
#4552=EDGE_CURVE('',#5911,#5912,#7364,.T.);
#4553=EDGE_CURVE('',#5913,#5912,#7365,.T.);
#4554=EDGE_CURVE('',#5910,#5913,#7366,.T.);
#4555=EDGE_CURVE('',#5912,#5914,#7367,.T.);
#4556=EDGE_CURVE('',#5915,#5914,#7368,.T.);
#4557=EDGE_CURVE('',#5915,#5916,#7369,.T.);
#4558=EDGE_CURVE('',#5916,#5917,#7370,.T.);
#4559=EDGE_CURVE('',#5913,#5917,#7371,.T.);
#4560=EDGE_CURVE('',#5914,#5918,#7372,.T.);
#4561=EDGE_CURVE('',#5919,#5918,#7373,.T.);
#4562=EDGE_CURVE('',#5919,#5915,#7374,.T.);
#4563=EDGE_CURVE('',#5918,#5920,#7375,.T.);
#4564=EDGE_CURVE('',#5921,#5920,#7376,.T.);
#4565=EDGE_CURVE('',#5922,#5921,#7377,.T.);
#4566=EDGE_CURVE('',#5922,#5923,#7378,.T.);
#4567=EDGE_CURVE('',#5923,#5919,#7379,.T.);
#4568=EDGE_CURVE('',#5920,#5924,#7380,.T.);
#4569=EDGE_CURVE('',#5925,#5924,#7381,.T.);
#4570=EDGE_CURVE('',#5921,#5925,#7382,.T.);
#4571=EDGE_CURVE('',#5924,#5911,#7383,.T.);
#4572=EDGE_CURVE('',#5925,#5910,#7384,.T.);
#4573=EDGE_CURVE('',#5926,#5927,#7385,.T.);
#4574=EDGE_CURVE('',#5927,#5928,#7386,.T.);
#4575=EDGE_CURVE('',#5929,#5928,#7387,.T.);
#4576=EDGE_CURVE('',#5926,#5929,#7388,.T.);
#4577=EDGE_CURVE('',#5928,#5930,#7389,.T.);
#4578=EDGE_CURVE('',#5931,#5930,#7390,.T.);
#4579=EDGE_CURVE('',#5929,#5931,#7391,.T.);
#4580=EDGE_CURVE('',#5930,#5932,#7392,.T.);
#4581=EDGE_CURVE('',#5933,#5932,#7393,.T.);
#4582=EDGE_CURVE('',#5931,#5933,#7394,.T.);
#4583=EDGE_CURVE('',#5932,#5934,#7395,.T.);
#4584=EDGE_CURVE('',#5935,#5934,#7396,.T.);
#4585=EDGE_CURVE('',#5933,#5935,#7397,.T.);
#4586=EDGE_CURVE('',#5934,#5936,#7398,.T.);
#4587=EDGE_CURVE('',#5937,#5936,#7399,.T.);
#4588=EDGE_CURVE('',#5935,#5937,#7400,.T.);
#4589=EDGE_CURVE('',#5936,#5927,#7401,.T.);
#4590=EDGE_CURVE('',#5937,#5926,#7402,.T.);
#4591=EDGE_CURVE('',#5938,#5939,#7403,.T.);
#4592=EDGE_CURVE('',#5939,#5940,#7404,.T.);
#4593=EDGE_CURVE('',#5941,#5940,#7405,.T.);
#4594=EDGE_CURVE('',#5938,#5941,#7406,.T.);
#4595=EDGE_CURVE('',#5940,#5942,#7407,.T.);
#4596=EDGE_CURVE('',#5943,#5942,#7408,.T.);
#4597=EDGE_CURVE('',#5941,#5943,#7409,.T.);
#4598=EDGE_CURVE('',#5942,#5944,#7410,.T.);
#4599=EDGE_CURVE('',#5945,#5944,#7411,.T.);
#4600=EDGE_CURVE('',#5943,#5945,#7412,.T.);
#4601=EDGE_CURVE('',#5944,#5946,#7413,.T.);
#4602=EDGE_CURVE('',#5947,#5946,#7414,.T.);
#4603=EDGE_CURVE('',#5945,#5947,#7415,.T.);
#4604=EDGE_CURVE('',#5946,#5948,#7416,.T.);
#4605=EDGE_CURVE('',#5949,#5948,#7417,.T.);
#4606=EDGE_CURVE('',#5947,#5949,#7418,.T.);
#4607=EDGE_CURVE('',#5948,#5939,#7419,.T.);
#4608=EDGE_CURVE('',#5949,#5938,#7420,.T.);
#4609=EDGE_CURVE('',#5950,#5951,#7421,.T.);
#4610=EDGE_CURVE('',#5951,#5952,#7422,.T.);
#4611=EDGE_CURVE('',#5953,#5952,#7423,.T.);
#4612=EDGE_CURVE('',#5950,#5953,#7424,.T.);
#4613=EDGE_CURVE('',#5952,#5954,#7425,.T.);
#4614=EDGE_CURVE('',#5955,#5954,#7426,.T.);
#4615=EDGE_CURVE('',#5953,#5955,#7427,.T.);
#4616=EDGE_CURVE('',#5954,#5956,#7428,.T.);
#4617=EDGE_CURVE('',#5957,#5956,#7429,.T.);
#4618=EDGE_CURVE('',#5955,#5957,#7430,.T.);
#4619=EDGE_CURVE('',#5956,#5958,#7431,.T.);
#4620=EDGE_CURVE('',#5959,#5958,#7432,.T.);
#4621=EDGE_CURVE('',#5957,#5959,#7433,.T.);
#4622=EDGE_CURVE('',#5958,#5960,#7434,.T.);
#4623=EDGE_CURVE('',#5961,#5960,#7435,.T.);
#4624=EDGE_CURVE('',#5959,#5961,#7436,.T.);
#4625=EDGE_CURVE('',#5960,#5951,#7437,.T.);
#4626=EDGE_CURVE('',#5961,#5950,#7438,.T.);
#4627=EDGE_CURVE('',#5962,#5963,#7439,.T.);
#4628=EDGE_CURVE('',#5963,#5964,#7440,.T.);
#4629=EDGE_CURVE('',#5965,#5964,#7441,.T.);
#4630=EDGE_CURVE('',#5962,#5965,#7442,.T.);
#4631=EDGE_CURVE('',#5964,#5966,#7443,.T.);
#4632=EDGE_CURVE('',#5967,#5966,#7444,.T.);
#4633=EDGE_CURVE('',#5965,#5967,#7445,.T.);
#4634=EDGE_CURVE('',#5966,#5968,#7446,.T.);
#4635=EDGE_CURVE('',#5969,#5968,#7447,.T.);
#4636=EDGE_CURVE('',#5967,#5969,#7448,.T.);
#4637=EDGE_CURVE('',#5968,#5970,#7449,.T.);
#4638=EDGE_CURVE('',#5971,#5970,#7450,.T.);
#4639=EDGE_CURVE('',#5969,#5971,#7451,.T.);
#4640=EDGE_CURVE('',#5970,#5972,#7452,.T.);
#4641=EDGE_CURVE('',#5973,#5972,#7453,.T.);
#4642=EDGE_CURVE('',#5971,#5973,#7454,.T.);
#4643=EDGE_CURVE('',#5972,#5963,#7455,.T.);
#4644=EDGE_CURVE('',#5973,#5962,#7456,.T.);
#4645=EDGE_CURVE('',#5974,#5975,#7457,.T.);
#4646=EDGE_CURVE('',#5975,#5976,#7458,.T.);
#4647=EDGE_CURVE('',#5977,#5976,#7459,.T.);
#4648=EDGE_CURVE('',#5974,#5977,#7460,.T.);
#4649=EDGE_CURVE('',#5976,#5978,#7461,.T.);
#4650=EDGE_CURVE('',#5979,#5978,#7462,.T.);
#4651=EDGE_CURVE('',#5977,#5979,#7463,.T.);
#4652=EDGE_CURVE('',#5978,#5980,#7464,.T.);
#4653=EDGE_CURVE('',#5981,#5980,#7465,.T.);
#4654=EDGE_CURVE('',#5979,#5981,#7466,.T.);
#4655=EDGE_CURVE('',#5980,#5982,#7467,.T.);
#4656=EDGE_CURVE('',#5983,#5982,#7468,.T.);
#4657=EDGE_CURVE('',#5981,#5983,#7469,.T.);
#4658=EDGE_CURVE('',#5982,#5984,#7470,.T.);
#4659=EDGE_CURVE('',#5985,#5984,#7471,.T.);
#4660=EDGE_CURVE('',#5983,#5985,#7472,.T.);
#4661=EDGE_CURVE('',#5984,#5975,#7473,.T.);
#4662=EDGE_CURVE('',#5985,#5974,#7474,.T.);
#4663=EDGE_CURVE('',#5986,#5987,#7475,.T.);
#4664=EDGE_CURVE('',#5987,#5988,#7476,.T.);
#4665=EDGE_CURVE('',#5989,#5988,#7477,.T.);
#4666=EDGE_CURVE('',#5986,#5989,#7478,.T.);
#4667=EDGE_CURVE('',#5988,#5990,#7479,.T.);
#4668=EDGE_CURVE('',#5991,#5990,#7480,.T.);
#4669=EDGE_CURVE('',#5991,#5246,#7481,.T.);
#4670=EDGE_CURVE('',#5989,#5247,#7482,.T.);
#4671=EDGE_CURVE('',#5990,#5992,#7483,.T.);
#4672=EDGE_CURVE('',#5993,#5992,#7484,.T.);
#4673=EDGE_CURVE('',#5993,#5991,#7485,.T.);
#4674=EDGE_CURVE('',#5992,#5994,#7486,.T.);
#4675=EDGE_CURVE('',#5995,#5994,#7487,.T.);
#4676=EDGE_CURVE('',#5995,#5993,#7488,.T.);
#4677=EDGE_CURVE('',#5994,#5996,#7489,.T.);
#4678=EDGE_CURVE('',#5997,#5996,#7490,.T.);
#4679=EDGE_CURVE('',#5998,#5997,#7491,.T.);
#4680=EDGE_CURVE('',#5998,#5999,#7492,.T.);
#4681=EDGE_CURVE('',#5999,#5995,#7493,.T.);
#4682=EDGE_CURVE('',#5996,#5987,#7494,.T.);
#4683=EDGE_CURVE('',#5997,#5986,#7495,.T.);
#4684=EDGE_CURVE('',#6000,#6001,#7496,.T.);
#4685=EDGE_CURVE('',#6001,#6002,#7497,.T.);
#4686=EDGE_CURVE('',#6003,#6002,#7498,.T.);
#4687=EDGE_CURVE('',#6000,#6003,#7499,.T.);
#4688=EDGE_CURVE('',#6002,#6004,#7500,.T.);
#4689=EDGE_CURVE('',#6005,#6004,#7501,.T.);
#4690=EDGE_CURVE('',#6003,#6005,#7502,.T.);
#4691=EDGE_CURVE('',#6004,#6006,#7503,.T.);
#4692=EDGE_CURVE('',#6007,#6006,#7504,.T.);
#4693=EDGE_CURVE('',#6005,#6007,#7505,.T.);
#4694=EDGE_CURVE('',#6006,#6008,#7506,.T.);
#4695=EDGE_CURVE('',#6009,#6008,#7507,.T.);
#4696=EDGE_CURVE('',#6007,#6009,#7508,.T.);
#4697=EDGE_CURVE('',#6008,#6010,#7509,.T.);
#4698=EDGE_CURVE('',#6011,#6010,#7510,.T.);
#4699=EDGE_CURVE('',#6009,#6011,#7511,.T.);
#4700=EDGE_CURVE('',#6010,#6001,#7512,.T.);
#4701=EDGE_CURVE('',#6011,#6000,#7513,.T.);
#4702=EDGE_CURVE('',#6012,#6013,#7514,.T.);
#4703=EDGE_CURVE('',#6013,#6014,#7515,.T.);
#4704=EDGE_CURVE('',#6015,#6014,#7516,.T.);
#4705=EDGE_CURVE('',#6012,#6015,#7517,.T.);
#4706=EDGE_CURVE('',#6014,#6016,#7518,.T.);
#4707=EDGE_CURVE('',#6017,#6016,#7519,.T.);
#4708=EDGE_CURVE('',#6015,#6017,#7520,.T.);
#4709=EDGE_CURVE('',#6016,#6018,#7521,.T.);
#4710=EDGE_CURVE('',#6019,#6018,#7522,.T.);
#4711=EDGE_CURVE('',#6017,#6019,#7523,.T.);
#4712=EDGE_CURVE('',#6018,#6020,#7524,.T.);
#4713=EDGE_CURVE('',#6021,#6020,#7525,.T.);
#4714=EDGE_CURVE('',#6019,#6021,#7526,.T.);
#4715=EDGE_CURVE('',#6020,#6022,#7527,.T.);
#4716=EDGE_CURVE('',#6023,#6022,#7528,.T.);
#4717=EDGE_CURVE('',#6021,#6023,#7529,.T.);
#4718=EDGE_CURVE('',#6022,#6013,#7530,.T.);
#4719=EDGE_CURVE('',#6023,#6012,#7531,.T.);
#4720=EDGE_CURVE('',#6024,#6025,#7532,.T.);
#4721=EDGE_CURVE('',#6025,#6026,#7533,.T.);
#4722=EDGE_CURVE('',#6027,#6026,#7534,.T.);
#4723=EDGE_CURVE('',#6024,#6027,#7535,.T.);
#4724=EDGE_CURVE('',#6026,#6028,#7536,.T.);
#4725=EDGE_CURVE('',#6029,#6028,#7537,.T.);
#4726=EDGE_CURVE('',#6027,#6029,#7538,.T.);
#4727=EDGE_CURVE('',#6028,#6030,#7539,.T.);
#4728=EDGE_CURVE('',#6031,#6030,#7540,.T.);
#4729=EDGE_CURVE('',#6029,#6031,#7541,.T.);
#4730=EDGE_CURVE('',#6030,#6032,#7542,.T.);
#4731=EDGE_CURVE('',#6033,#6032,#7543,.T.);
#4732=EDGE_CURVE('',#6031,#6033,#7544,.T.);
#4733=EDGE_CURVE('',#6032,#6034,#7545,.T.);
#4734=EDGE_CURVE('',#6035,#6034,#7546,.T.);
#4735=EDGE_CURVE('',#6033,#6035,#7547,.T.);
#4736=EDGE_CURVE('',#6034,#6025,#7548,.T.);
#4737=EDGE_CURVE('',#6035,#6024,#7549,.T.);
#4738=EDGE_CURVE('',#6036,#6037,#7550,.T.);
#4739=EDGE_CURVE('',#6037,#6038,#7551,.T.);
#4740=EDGE_CURVE('',#6039,#6038,#7552,.T.);
#4741=EDGE_CURVE('',#6036,#6039,#7553,.T.);
#4742=EDGE_CURVE('',#6038,#6040,#7554,.T.);
#4743=EDGE_CURVE('',#6041,#6040,#7555,.T.);
#4744=EDGE_CURVE('',#6039,#6041,#7556,.T.);
#4745=EDGE_CURVE('',#6040,#6042,#7557,.T.);
#4746=EDGE_CURVE('',#6043,#6042,#7558,.T.);
#4747=EDGE_CURVE('',#6041,#6043,#7559,.T.);
#4748=EDGE_CURVE('',#6042,#6044,#7560,.T.);
#4749=EDGE_CURVE('',#6045,#6044,#7561,.T.);
#4750=EDGE_CURVE('',#6043,#6045,#7562,.T.);
#4751=EDGE_CURVE('',#6044,#6046,#7563,.T.);
#4752=EDGE_CURVE('',#6047,#6046,#7564,.T.);
#4753=EDGE_CURVE('',#6045,#6047,#7565,.T.);
#4754=EDGE_CURVE('',#6046,#6037,#7566,.T.);
#4755=EDGE_CURVE('',#6047,#6036,#7567,.T.);
#4756=EDGE_CURVE('',#6048,#6049,#7568,.T.);
#4757=EDGE_CURVE('',#6049,#6050,#7569,.T.);
#4758=EDGE_CURVE('',#6051,#6050,#7570,.T.);
#4759=EDGE_CURVE('',#6048,#6051,#7571,.T.);
#4760=EDGE_CURVE('',#6050,#6052,#7572,.T.);
#4761=EDGE_CURVE('',#6053,#6052,#7573,.T.);
#4762=EDGE_CURVE('',#6051,#6053,#7574,.T.);
#4763=EDGE_CURVE('',#6052,#6054,#7575,.T.);
#4764=EDGE_CURVE('',#6055,#6054,#7576,.T.);
#4765=EDGE_CURVE('',#6053,#6055,#7577,.T.);
#4766=EDGE_CURVE('',#6054,#6056,#7578,.T.);
#4767=EDGE_CURVE('',#6057,#6056,#7579,.T.);
#4768=EDGE_CURVE('',#6055,#6057,#7580,.T.);
#4769=EDGE_CURVE('',#6056,#6058,#7581,.T.);
#4770=EDGE_CURVE('',#6059,#6058,#7582,.T.);
#4771=EDGE_CURVE('',#6057,#6059,#7583,.T.);
#4772=EDGE_CURVE('',#6058,#6049,#7584,.T.);
#4773=EDGE_CURVE('',#6059,#6048,#7585,.T.);
#4774=EDGE_CURVE('',#6060,#6061,#7586,.T.);
#4775=EDGE_CURVE('',#6061,#6062,#7587,.T.);
#4776=EDGE_CURVE('',#6063,#6062,#7588,.T.);
#4777=EDGE_CURVE('',#6060,#6063,#7589,.T.);
#4778=EDGE_CURVE('',#6062,#6064,#7590,.T.);
#4779=EDGE_CURVE('',#6065,#6064,#7591,.T.);
#4780=EDGE_CURVE('',#6063,#6065,#7592,.T.);
#4781=EDGE_CURVE('',#6064,#6066,#7593,.T.);
#4782=EDGE_CURVE('',#6067,#6066,#7594,.T.);
#4783=EDGE_CURVE('',#6065,#6067,#7595,.T.);
#4784=EDGE_CURVE('',#6066,#6068,#7596,.T.);
#4785=EDGE_CURVE('',#6069,#6068,#7597,.T.);
#4786=EDGE_CURVE('',#6067,#6069,#7598,.T.);
#4787=EDGE_CURVE('',#6068,#6070,#7599,.T.);
#4788=EDGE_CURVE('',#6071,#6070,#7600,.T.);
#4789=EDGE_CURVE('',#6069,#6071,#7601,.T.);
#4790=EDGE_CURVE('',#6070,#6061,#7602,.T.);
#4791=EDGE_CURVE('',#6071,#6060,#7603,.T.);
#4792=EDGE_CURVE('',#6072,#6073,#7604,.T.);
#4793=EDGE_CURVE('',#6073,#6074,#7605,.T.);
#4794=EDGE_CURVE('',#6075,#6074,#7606,.T.);
#4795=EDGE_CURVE('',#6072,#6075,#7607,.T.);
#4796=EDGE_CURVE('',#6074,#6076,#7608,.T.);
#4797=EDGE_CURVE('',#6077,#6076,#7609,.T.);
#4798=EDGE_CURVE('',#6075,#6077,#7610,.T.);
#4799=EDGE_CURVE('',#6076,#6078,#7611,.T.);
#4800=EDGE_CURVE('',#6079,#6078,#7612,.T.);
#4801=EDGE_CURVE('',#6077,#6079,#7613,.T.);
#4802=EDGE_CURVE('',#6078,#6080,#7614,.T.);
#4803=EDGE_CURVE('',#6081,#6080,#7615,.T.);
#4804=EDGE_CURVE('',#6079,#6081,#7616,.T.);
#4805=EDGE_CURVE('',#6080,#6082,#7617,.T.);
#4806=EDGE_CURVE('',#6083,#6082,#7618,.T.);
#4807=EDGE_CURVE('',#6081,#6083,#7619,.T.);
#4808=EDGE_CURVE('',#6082,#6073,#7620,.T.);
#4809=EDGE_CURVE('',#6083,#6072,#7621,.T.);
#4810=EDGE_CURVE('',#6084,#6085,#7622,.T.);
#4811=EDGE_CURVE('',#6085,#6086,#7623,.T.);
#4812=EDGE_CURVE('',#6087,#6086,#7624,.T.);
#4813=EDGE_CURVE('',#6084,#6087,#7625,.T.);
#4814=EDGE_CURVE('',#6086,#6088,#7626,.T.);
#4815=EDGE_CURVE('',#6089,#6088,#7627,.T.);
#4816=EDGE_CURVE('',#6087,#6089,#7628,.T.);
#4817=EDGE_CURVE('',#6088,#6090,#7629,.T.);
#4818=EDGE_CURVE('',#6091,#6090,#7630,.T.);
#4819=EDGE_CURVE('',#6089,#6091,#7631,.T.);
#4820=EDGE_CURVE('',#6090,#6092,#7632,.T.);
#4821=EDGE_CURVE('',#6093,#6092,#7633,.T.);
#4822=EDGE_CURVE('',#6091,#6093,#7634,.T.);
#4823=EDGE_CURVE('',#6092,#6094,#7635,.T.);
#4824=EDGE_CURVE('',#6095,#6094,#7636,.T.);
#4825=EDGE_CURVE('',#6093,#6095,#7637,.T.);
#4826=EDGE_CURVE('',#6094,#6085,#7638,.T.);
#4827=EDGE_CURVE('',#6095,#6084,#7639,.T.);
#4828=EDGE_CURVE('',#6096,#6097,#7640,.T.);
#4829=EDGE_CURVE('',#6097,#6098,#7641,.T.);
#4830=EDGE_CURVE('',#6099,#6098,#7642,.T.);
#4831=EDGE_CURVE('',#6096,#6099,#7643,.T.);
#4832=EDGE_CURVE('',#6098,#6100,#7644,.T.);
#4833=EDGE_CURVE('',#6101,#6100,#7645,.T.);
#4834=EDGE_CURVE('',#6099,#6101,#7646,.T.);
#4835=EDGE_CURVE('',#6100,#6102,#7647,.T.);
#4836=EDGE_CURVE('',#6103,#6102,#7648,.T.);
#4837=EDGE_CURVE('',#6101,#6103,#7649,.T.);
#4838=EDGE_CURVE('',#6102,#6104,#7650,.T.);
#4839=EDGE_CURVE('',#6105,#6104,#7651,.T.);
#4840=EDGE_CURVE('',#6103,#6105,#7652,.T.);
#4841=EDGE_CURVE('',#6104,#6106,#7653,.T.);
#4842=EDGE_CURVE('',#6107,#6106,#7654,.T.);
#4843=EDGE_CURVE('',#6105,#6107,#7655,.T.);
#4844=EDGE_CURVE('',#6106,#6097,#7656,.T.);
#4845=EDGE_CURVE('',#6107,#6096,#7657,.T.);
#4846=EDGE_CURVE('',#6108,#6109,#7658,.T.);
#4847=EDGE_CURVE('',#6109,#6110,#7659,.T.);
#4848=EDGE_CURVE('',#6111,#6110,#7660,.T.);
#4849=EDGE_CURVE('',#6108,#6111,#7661,.T.);
#4850=EDGE_CURVE('',#6110,#6112,#7662,.T.);
#4851=EDGE_CURVE('',#6113,#6112,#7663,.T.);
#4852=EDGE_CURVE('',#6111,#6113,#7664,.T.);
#4853=EDGE_CURVE('',#6112,#6114,#7665,.T.);
#4854=EDGE_CURVE('',#6115,#6114,#7666,.T.);
#4855=EDGE_CURVE('',#6113,#6115,#7667,.T.);
#4856=EDGE_CURVE('',#6114,#6116,#7668,.T.);
#4857=EDGE_CURVE('',#6117,#6116,#7669,.T.);
#4858=EDGE_CURVE('',#6115,#6117,#7670,.T.);
#4859=EDGE_CURVE('',#6116,#6118,#7671,.T.);
#4860=EDGE_CURVE('',#6119,#6118,#7672,.T.);
#4861=EDGE_CURVE('',#6117,#6119,#7673,.T.);
#4862=EDGE_CURVE('',#6118,#6109,#7674,.T.);
#4863=EDGE_CURVE('',#6119,#6108,#7675,.T.);
#4864=EDGE_CURVE('',#6120,#6121,#7676,.T.);
#4865=EDGE_CURVE('',#6121,#6122,#7677,.T.);
#4866=EDGE_CURVE('',#6123,#6122,#7678,.T.);
#4867=EDGE_CURVE('',#6120,#6123,#7679,.T.);
#4868=EDGE_CURVE('',#6122,#6124,#7680,.T.);
#4869=EDGE_CURVE('',#6125,#6124,#7681,.T.);
#4870=EDGE_CURVE('',#6123,#6125,#7682,.T.);
#4871=EDGE_CURVE('',#6124,#6126,#7683,.T.);
#4872=EDGE_CURVE('',#6127,#6126,#7684,.T.);
#4873=EDGE_CURVE('',#6125,#6127,#7685,.T.);
#4874=EDGE_CURVE('',#6126,#6128,#7686,.T.);
#4875=EDGE_CURVE('',#6129,#6128,#7687,.T.);
#4876=EDGE_CURVE('',#6127,#6129,#7688,.T.);
#4877=EDGE_CURVE('',#6128,#6130,#7689,.T.);
#4878=EDGE_CURVE('',#6131,#6130,#7690,.T.);
#4879=EDGE_CURVE('',#6129,#6131,#7691,.T.);
#4880=EDGE_CURVE('',#6130,#6121,#7692,.T.);
#4881=EDGE_CURVE('',#6131,#6120,#7693,.T.);
#4882=EDGE_CURVE('',#6132,#6133,#7694,.T.);
#4883=EDGE_CURVE('',#6133,#6134,#7695,.T.);
#4884=EDGE_CURVE('',#6135,#6134,#7696,.T.);
#4885=EDGE_CURVE('',#6132,#6135,#7697,.T.);
#4886=EDGE_CURVE('',#6134,#6136,#7698,.T.);
#4887=EDGE_CURVE('',#6137,#6136,#7699,.T.);
#4888=EDGE_CURVE('',#6135,#6137,#7700,.T.);
#4889=EDGE_CURVE('',#6136,#6138,#7701,.T.);
#4890=EDGE_CURVE('',#6139,#6138,#7702,.T.);
#4891=EDGE_CURVE('',#6137,#6139,#7703,.T.);
#4892=EDGE_CURVE('',#6138,#6140,#7704,.T.);
#4893=EDGE_CURVE('',#6141,#6140,#7705,.T.);
#4894=EDGE_CURVE('',#6139,#6141,#7706,.T.);
#4895=EDGE_CURVE('',#6140,#6142,#7707,.T.);
#4896=EDGE_CURVE('',#6143,#6142,#7708,.T.);
#4897=EDGE_CURVE('',#6141,#6143,#7709,.T.);
#4898=EDGE_CURVE('',#6142,#6133,#7710,.T.);
#4899=EDGE_CURVE('',#6143,#6132,#7711,.T.);
#4900=EDGE_CURVE('',#6144,#6145,#7712,.T.);
#4901=EDGE_CURVE('',#6145,#6146,#7713,.T.);
#4902=EDGE_CURVE('',#6147,#6146,#7714,.T.);
#4903=EDGE_CURVE('',#6144,#6147,#7715,.T.);
#4904=EDGE_CURVE('',#6146,#6148,#7716,.T.);
#4905=EDGE_CURVE('',#6149,#6148,#7717,.T.);
#4906=EDGE_CURVE('',#6147,#6149,#7718,.T.);
#4907=EDGE_CURVE('',#6148,#6150,#7719,.T.);
#4908=EDGE_CURVE('',#6151,#6150,#7720,.T.);
#4909=EDGE_CURVE('',#6149,#6151,#7721,.T.);
#4910=EDGE_CURVE('',#6150,#6152,#7722,.T.);
#4911=EDGE_CURVE('',#6153,#6152,#7723,.T.);
#4912=EDGE_CURVE('',#6151,#6153,#7724,.T.);
#4913=EDGE_CURVE('',#6152,#6154,#7725,.T.);
#4914=EDGE_CURVE('',#6155,#6154,#7726,.T.);
#4915=EDGE_CURVE('',#6153,#6155,#7727,.T.);
#4916=EDGE_CURVE('',#6154,#6145,#7728,.T.);
#4917=EDGE_CURVE('',#6155,#6144,#7729,.T.);
#4918=EDGE_CURVE('',#6156,#6157,#7730,.T.);
#4919=EDGE_CURVE('',#6157,#6158,#7731,.T.);
#4920=EDGE_CURVE('',#6159,#6158,#7732,.T.);
#4921=EDGE_CURVE('',#6156,#6159,#7733,.T.);
#4922=EDGE_CURVE('',#6158,#6160,#7734,.T.);
#4923=EDGE_CURVE('',#6161,#6160,#7735,.T.);
#4924=EDGE_CURVE('',#6159,#6161,#7736,.T.);
#4925=EDGE_CURVE('',#6160,#6162,#7737,.T.);
#4926=EDGE_CURVE('',#6163,#6162,#7738,.T.);
#4927=EDGE_CURVE('',#6161,#6163,#7739,.T.);
#4928=EDGE_CURVE('',#6162,#6164,#7740,.T.);
#4929=EDGE_CURVE('',#6165,#6164,#7741,.T.);
#4930=EDGE_CURVE('',#6163,#6165,#7742,.T.);
#4931=EDGE_CURVE('',#6164,#6166,#7743,.T.);
#4932=EDGE_CURVE('',#6167,#6166,#7744,.T.);
#4933=EDGE_CURVE('',#6165,#6167,#7745,.T.);
#4934=EDGE_CURVE('',#6166,#6157,#7746,.T.);
#4935=EDGE_CURVE('',#6167,#6156,#7747,.T.);
#4936=EDGE_CURVE('',#6168,#6169,#7748,.T.);
#4937=EDGE_CURVE('',#6169,#6170,#7749,.T.);
#4938=EDGE_CURVE('',#6171,#6170,#7750,.T.);
#4939=EDGE_CURVE('',#6168,#6171,#7751,.T.);
#4940=EDGE_CURVE('',#6170,#6172,#7752,.T.);
#4941=EDGE_CURVE('',#6173,#6172,#7753,.T.);
#4942=EDGE_CURVE('',#6171,#6173,#7754,.T.);
#4943=EDGE_CURVE('',#6172,#6174,#7755,.T.);
#4944=EDGE_CURVE('',#6175,#6174,#7756,.T.);
#4945=EDGE_CURVE('',#6173,#6175,#7757,.T.);
#4946=EDGE_CURVE('',#6174,#6176,#7758,.T.);
#4947=EDGE_CURVE('',#6177,#6176,#7759,.T.);
#4948=EDGE_CURVE('',#6175,#6177,#7760,.T.);
#4949=EDGE_CURVE('',#6176,#6178,#7761,.T.);
#4950=EDGE_CURVE('',#6179,#6178,#7762,.T.);
#4951=EDGE_CURVE('',#6177,#6179,#7763,.T.);
#4952=EDGE_CURVE('',#6178,#6169,#7764,.T.);
#4953=EDGE_CURVE('',#6179,#6168,#7765,.T.);
#4954=EDGE_CURVE('',#6180,#6181,#7766,.T.);
#4955=EDGE_CURVE('',#6181,#6182,#7767,.T.);
#4956=EDGE_CURVE('',#6183,#6182,#7768,.T.);
#4957=EDGE_CURVE('',#6180,#6183,#7769,.T.);
#4958=EDGE_CURVE('',#6182,#6184,#7770,.T.);
#4959=EDGE_CURVE('',#6185,#6184,#7771,.T.);
#4960=EDGE_CURVE('',#6183,#6185,#7772,.T.);
#4961=EDGE_CURVE('',#6184,#6186,#7773,.T.);
#4962=EDGE_CURVE('',#6187,#6186,#7774,.T.);
#4963=EDGE_CURVE('',#6185,#6187,#7775,.T.);
#4964=EDGE_CURVE('',#6186,#6188,#7776,.T.);
#4965=EDGE_CURVE('',#6189,#6188,#7777,.T.);
#4966=EDGE_CURVE('',#6187,#6189,#7778,.T.);
#4967=EDGE_CURVE('',#6188,#6190,#7779,.T.);
#4968=EDGE_CURVE('',#6191,#6190,#7780,.T.);
#4969=EDGE_CURVE('',#6189,#6191,#7781,.T.);
#4970=EDGE_CURVE('',#6190,#6181,#7782,.T.);
#4971=EDGE_CURVE('',#6191,#6180,#7783,.T.);
#4972=EDGE_CURVE('',#6192,#6193,#7784,.T.);
#4973=EDGE_CURVE('',#6193,#6194,#7785,.T.);
#4974=EDGE_CURVE('',#6195,#6194,#7786,.T.);
#4975=EDGE_CURVE('',#6192,#6195,#7787,.T.);
#4976=EDGE_CURVE('',#6194,#6196,#7788,.T.);
#4977=EDGE_CURVE('',#6197,#6196,#7789,.T.);
#4978=EDGE_CURVE('',#6195,#6197,#7790,.T.);
#4979=EDGE_CURVE('',#6196,#6198,#7791,.T.);
#4980=EDGE_CURVE('',#6199,#6198,#7792,.T.);
#4981=EDGE_CURVE('',#6197,#6199,#7793,.T.);
#4982=EDGE_CURVE('',#6198,#6200,#7794,.T.);
#4983=EDGE_CURVE('',#6201,#6200,#7795,.T.);
#4984=EDGE_CURVE('',#6199,#6201,#7796,.T.);
#4985=EDGE_CURVE('',#6200,#6202,#7797,.T.);
#4986=EDGE_CURVE('',#6203,#6202,#7798,.T.);
#4987=EDGE_CURVE('',#6201,#6203,#7799,.T.);
#4988=EDGE_CURVE('',#6202,#6193,#7800,.T.);
#4989=EDGE_CURVE('',#6203,#6192,#7801,.T.);
#4990=EDGE_CURVE('',#6204,#6205,#7802,.T.);
#4991=EDGE_CURVE('',#6205,#6206,#7803,.T.);
#4992=EDGE_CURVE('',#6207,#6206,#7804,.T.);
#4993=EDGE_CURVE('',#6204,#6207,#7805,.T.);
#4994=EDGE_CURVE('',#6206,#6208,#7806,.T.);
#4995=EDGE_CURVE('',#6209,#6208,#7807,.T.);
#4996=EDGE_CURVE('',#6207,#6209,#7808,.T.);
#4997=EDGE_CURVE('',#6208,#6210,#7809,.T.);
#4998=EDGE_CURVE('',#6211,#6210,#7810,.T.);
#4999=EDGE_CURVE('',#6209,#6211,#7811,.T.);
#5000=EDGE_CURVE('',#6210,#6212,#7812,.T.);
#5001=EDGE_CURVE('',#6213,#6212,#7813,.T.);
#5002=EDGE_CURVE('',#6211,#6213,#7814,.T.);
#5003=EDGE_CURVE('',#6212,#6214,#7815,.T.);
#5004=EDGE_CURVE('',#6215,#6214,#7816,.T.);
#5005=EDGE_CURVE('',#6213,#6215,#7817,.T.);
#5006=EDGE_CURVE('',#6214,#6205,#7818,.T.);
#5007=EDGE_CURVE('',#6215,#6204,#7819,.T.);
#5008=EDGE_CURVE('',#6216,#6217,#7820,.T.);
#5009=EDGE_CURVE('',#6217,#6218,#7821,.T.);
#5010=EDGE_CURVE('',#6219,#6218,#7822,.T.);
#5011=EDGE_CURVE('',#6216,#6219,#7823,.T.);
#5012=EDGE_CURVE('',#6218,#6220,#7824,.T.);
#5013=EDGE_CURVE('',#6221,#6220,#7825,.T.);
#5014=EDGE_CURVE('',#6219,#6221,#7826,.T.);
#5015=EDGE_CURVE('',#6220,#6222,#7827,.T.);
#5016=EDGE_CURVE('',#6223,#6222,#7828,.T.);
#5017=EDGE_CURVE('',#6221,#6223,#7829,.T.);
#5018=EDGE_CURVE('',#6222,#6224,#7830,.T.);
#5019=EDGE_CURVE('',#6225,#6224,#7831,.T.);
#5020=EDGE_CURVE('',#6223,#6225,#7832,.T.);
#5021=EDGE_CURVE('',#6224,#6226,#7833,.T.);
#5022=EDGE_CURVE('',#6227,#6226,#7834,.T.);
#5023=EDGE_CURVE('',#6225,#6227,#7835,.T.);
#5024=EDGE_CURVE('',#6226,#6217,#7836,.T.);
#5025=EDGE_CURVE('',#6227,#6216,#7837,.T.);
#5026=EDGE_CURVE('',#6228,#6229,#7838,.T.);
#5027=EDGE_CURVE('',#6229,#6230,#7839,.T.);
#5028=EDGE_CURVE('',#6231,#6230,#7840,.T.);
#5029=EDGE_CURVE('',#6228,#6231,#7841,.T.);
#5030=EDGE_CURVE('',#6230,#6232,#7842,.T.);
#5031=EDGE_CURVE('',#6233,#6232,#7843,.T.);
#5032=EDGE_CURVE('',#6231,#6233,#7844,.T.);
#5033=EDGE_CURVE('',#6232,#6234,#7845,.T.);
#5034=EDGE_CURVE('',#6235,#6234,#7846,.T.);
#5035=EDGE_CURVE('',#6233,#6235,#7847,.T.);
#5036=EDGE_CURVE('',#6234,#6236,#7848,.T.);
#5037=EDGE_CURVE('',#6237,#6236,#7849,.T.);
#5038=EDGE_CURVE('',#6235,#6237,#7850,.T.);
#5039=EDGE_CURVE('',#6236,#6238,#7851,.T.);
#5040=EDGE_CURVE('',#6239,#6238,#7852,.T.);
#5041=EDGE_CURVE('',#6237,#6239,#7853,.T.);
#5042=EDGE_CURVE('',#6238,#6229,#7854,.T.);
#5043=EDGE_CURVE('',#6239,#6228,#7855,.T.);
#5044=EDGE_CURVE('',#6240,#6241,#7856,.T.);
#5045=EDGE_CURVE('',#6241,#6242,#7857,.T.);
#5046=EDGE_CURVE('',#6243,#6242,#7858,.T.);
#5047=EDGE_CURVE('',#6240,#6243,#7859,.T.);
#5048=EDGE_CURVE('',#6242,#6244,#7860,.T.);
#5049=EDGE_CURVE('',#6245,#6244,#7861,.T.);
#5050=EDGE_CURVE('',#6243,#6245,#7862,.T.);
#5051=EDGE_CURVE('',#6244,#6246,#7863,.T.);
#5052=EDGE_CURVE('',#6247,#6246,#7864,.T.);
#5053=EDGE_CURVE('',#6245,#6247,#7865,.T.);
#5054=EDGE_CURVE('',#6246,#6248,#7866,.T.);
#5055=EDGE_CURVE('',#6249,#6248,#7867,.T.);
#5056=EDGE_CURVE('',#6247,#6249,#7868,.T.);
#5057=EDGE_CURVE('',#6248,#6250,#7869,.T.);
#5058=EDGE_CURVE('',#6251,#6250,#7870,.T.);
#5059=EDGE_CURVE('',#6249,#6251,#7871,.T.);
#5060=EDGE_CURVE('',#6250,#6241,#7872,.T.);
#5061=EDGE_CURVE('',#6251,#6240,#7873,.T.);
#5062=EDGE_CURVE('',#6252,#6253,#7874,.T.);
#5063=EDGE_CURVE('',#6253,#6254,#7875,.T.);
#5064=EDGE_CURVE('',#6255,#6254,#7876,.T.);
#5065=EDGE_CURVE('',#6252,#6255,#7877,.T.);
#5066=EDGE_CURVE('',#6254,#6256,#7878,.T.);
#5067=EDGE_CURVE('',#6257,#6256,#7879,.T.);
#5068=EDGE_CURVE('',#6255,#6257,#7880,.T.);
#5069=EDGE_CURVE('',#6256,#6258,#7881,.T.);
#5070=EDGE_CURVE('',#6259,#6258,#7882,.T.);
#5071=EDGE_CURVE('',#6257,#6259,#7883,.T.);
#5072=EDGE_CURVE('',#6258,#6260,#7884,.T.);
#5073=EDGE_CURVE('',#6261,#6260,#7885,.T.);
#5074=EDGE_CURVE('',#6259,#6261,#7886,.T.);
#5075=EDGE_CURVE('',#6260,#6262,#7887,.T.);
#5076=EDGE_CURVE('',#6263,#6262,#7888,.T.);
#5077=EDGE_CURVE('',#6261,#6263,#7889,.T.);
#5078=EDGE_CURVE('',#6262,#6253,#7890,.T.);
#5079=EDGE_CURVE('',#6263,#6252,#7891,.T.);
#5080=EDGE_CURVE('',#6264,#6265,#7892,.T.);
#5081=EDGE_CURVE('',#6265,#6266,#7893,.T.);
#5082=EDGE_CURVE('',#6267,#6266,#7894,.T.);
#5083=EDGE_CURVE('',#6264,#6267,#7895,.T.);
#5084=EDGE_CURVE('',#6266,#6268,#7896,.T.);
#5085=EDGE_CURVE('',#6269,#6268,#7897,.T.);
#5086=EDGE_CURVE('',#6267,#6269,#7898,.T.);
#5087=EDGE_CURVE('',#6268,#6270,#7899,.T.);
#5088=EDGE_CURVE('',#6271,#6270,#7900,.T.);
#5089=EDGE_CURVE('',#6269,#6271,#7901,.T.);
#5090=EDGE_CURVE('',#6270,#6272,#7902,.T.);
#5091=EDGE_CURVE('',#6273,#6272,#7903,.T.);
#5092=EDGE_CURVE('',#6271,#6273,#7904,.T.);
#5093=EDGE_CURVE('',#6272,#6274,#7905,.T.);
#5094=EDGE_CURVE('',#6275,#6274,#7906,.T.);
#5095=EDGE_CURVE('',#6273,#6275,#7907,.T.);
#5096=EDGE_CURVE('',#6274,#6265,#7908,.T.);
#5097=EDGE_CURVE('',#6275,#6264,#7909,.T.);
#5098=EDGE_CURVE('',#6276,#6276,#76,.F.);
#5099=EDGE_CURVE('',#6277,#6277,#77,.F.);
#5100=EDGE_CURVE('',#6278,#6279,#7910,.T.);
#5101=EDGE_CURVE('',#6279,#6280,#7911,.T.);
#5102=EDGE_CURVE('',#6280,#6281,#7912,.T.);
#5103=EDGE_CURVE('',#6281,#6282,#7913,.T.);
#5104=EDGE_CURVE('',#6282,#6283,#7914,.T.);
#5105=EDGE_CURVE('',#6283,#6278,#7915,.T.);
#5106=EDGE_CURVE('',#6284,#6284,#78,.T.);
#5107=EDGE_CURVE('',#6285,#6285,#79,.T.);
#5108=EDGE_CURVE('',#5922,#6286,#7916,.T.);
#5109=EDGE_CURVE('',#5998,#5917,#7917,.T.);
#5110=EDGE_CURVE('',#6287,#5249,#7918,.T.);
#5111=EDGE_CURVE('',#6287,#6288,#7919,.T.);
#5112=EDGE_CURVE('',#6288,#6289,#7920,.F.);
#5113=EDGE_CURVE('',#6289,#6290,#7921,.T.);
#5114=EDGE_CURVE('',#6290,#6291,#7922,.T.);
#5115=EDGE_CURVE('',#6292,#6291,#7923,.T.);
#5116=EDGE_CURVE('',#6293,#6292,#7924,.T.);
#5117=EDGE_CURVE('',#6293,#6294,#7925,.T.);
#5118=EDGE_CURVE('',#6294,#6295,#7926,.F.);
#5119=EDGE_CURVE('',#6295,#6286,#7927,.T.);
#5120=EDGE_CURVE('',#6296,#6296,#80,.T.);
#5121=EDGE_CURVE('',#6297,#6297,#81,.T.);
#5122=EDGE_CURVE('',#6298,#6298,#82,.T.);
#5123=EDGE_CURVE('',#6299,#6300,#7928,.T.);
#5124=EDGE_CURVE('',#6301,#6299,#7929,.T.);
#5125=EDGE_CURVE('',#6302,#6301,#7930,.T.);
#5126=EDGE_CURVE('',#6303,#6302,#7931,.T.);
#5127=EDGE_CURVE('',#6304,#6303,#7932,.T.);
#5128=EDGE_CURVE('',#6300,#6304,#7933,.T.);
#5129=EDGE_CURVE('',#6305,#6306,#7934,.T.);
#5130=EDGE_CURVE('',#6306,#6307,#7935,.T.);
#5131=EDGE_CURVE('',#6308,#6307,#7936,.T.);
#5132=EDGE_CURVE('',#6308,#6309,#7937,.T.);
#5133=EDGE_CURVE('',#6309,#6310,#7938,.T.);
#5134=EDGE_CURVE('',#6311,#6310,#7939,.T.);
#5135=EDGE_CURVE('',#6312,#6311,#7940,.T.);
#5136=EDGE_CURVE('',#6312,#6305,#7941,.T.);
#5137=EDGE_CURVE('',#6313,#6313,#83,.T.);
#5138=EDGE_CURVE('',#6314,#6315,#7942,.T.);
#5139=EDGE_CURVE('',#6315,#6288,#7943,.F.);
#5140=EDGE_CURVE('',#6287,#6314,#7944,.T.);
#5141=EDGE_CURVE('',#6289,#6312,#7945,.F.);
#5142=EDGE_CURVE('',#6311,#6290,#7946,.T.);
#5143=EDGE_CURVE('',#6295,#6316,#7947,.F.);
#5144=EDGE_CURVE('',#6316,#6317,#7948,.T.);
#5145=EDGE_CURVE('',#6286,#6317,#7949,.T.);
#5146=EDGE_CURVE('',#6308,#6293,#7950,.T.);
#5147=EDGE_CURVE('',#6309,#6292,#7951,.T.);
#5148=EDGE_CURVE('',#6310,#6291,#7952,.T.);
#5149=EDGE_CURVE('',#6307,#6294,#7953,.F.);
#5150=EDGE_CURVE('',#5248,#6318,#7954,.T.);
#5151=EDGE_CURVE('',#6319,#6318,#7955,.T.);
#5152=EDGE_CURVE('',#6319,#6314,#7956,.F.);
#5153=EDGE_CURVE('',#6317,#6320,#7957,.F.);
#5154=EDGE_CURVE('',#6321,#6320,#7958,.T.);
#5155=EDGE_CURVE('',#6321,#5923,#7959,.T.);
#5156=EDGE_CURVE('',#6322,#6323,#7960,.T.);
#5157=EDGE_CURVE('',#6323,#6324,#84,.T.);
#5158=EDGE_CURVE('',#6324,#6319,#7961,.T.);
#5159=EDGE_CURVE('',#6318,#6321,#7962,.T.);
#5160=EDGE_CURVE('',#6320,#6325,#7963,.T.);
#5161=EDGE_CURVE('',#6325,#6322,#85,.T.);
#5162=EDGE_CURVE('',#6326,#6326,#86,.T.);
#5163=EDGE_CURVE('',#6327,#6327,#87,.T.);
#5164=EDGE_CURVE('',#6328,#6329,#7964,.T.);
#5165=EDGE_CURVE('',#6328,#6330,#7965,.F.);
#5166=EDGE_CURVE('',#6331,#6330,#7966,.T.);
#5167=EDGE_CURVE('',#6329,#6331,#7967,.T.);
#5168=EDGE_CURVE('',#6329,#6332,#7968,.T.);
#5169=EDGE_CURVE('',#6332,#6333,#7969,.T.);
#5170=EDGE_CURVE('',#6333,#6328,#7970,.F.);
#5171=EDGE_CURVE('',#6330,#6334,#7971,.F.);
#5172=EDGE_CURVE('',#6334,#6335,#7972,.T.);
#5173=EDGE_CURVE('',#6331,#6335,#7973,.T.);
#5174=EDGE_CURVE('',#6335,#6332,#7974,.T.);
#5175=EDGE_CURVE('',#6323,#6324,#10,.F.);
#5176=EDGE_CURVE('',#6325,#6322,#11,.F.);
#5177=EDGE_CURVE('',#6316,#6334,#7975,.T.);
#5178=EDGE_CURVE('',#6333,#6315,#7976,.T.);
#5179=EDGE_CURVE('',#6305,#6332,#7977,.F.);
#5180=EDGE_CURVE('',#6306,#6335,#7978,.F.);
#5181=EDGE_CURVE('',#6279,#6299,#7979,.T.);
#5182=EDGE_CURVE('',#6280,#6300,#7980,.T.);
#5183=EDGE_CURVE('',#6281,#6304,#7981,.T.);
#5184=EDGE_CURVE('',#6282,#6303,#7982,.T.);
#5185=EDGE_CURVE('',#6283,#6302,#7983,.T.);
#5186=EDGE_CURVE('',#6278,#6301,#7984,.T.);
#5187=EDGE_CURVE('',#5916,#5999,#7985,.T.);
#5188=VERTEX_POINT('',#16047);
#5189=VERTEX_POINT('',#16048);
#5190=VERTEX_POINT('',#16050);
#5191=VERTEX_POINT('',#16052);
#5192=VERTEX_POINT('',#16056);
#5193=VERTEX_POINT('',#16057);
#5194=VERTEX_POINT('',#16060);
#5195=VERTEX_POINT('',#16062);
#5196=VERTEX_POINT('',#16064);
#5197=VERTEX_POINT('',#16068);
#5198=VERTEX_POINT('',#16070);
#5199=VERTEX_POINT('',#16072);
#5200=VERTEX_POINT('',#16074);
#5201=VERTEX_POINT('',#16076);
#5202=VERTEX_POINT('',#16080);
#5203=VERTEX_POINT('',#16082);
#5204=VERTEX_POINT('',#16084);
#5205=VERTEX_POINT('',#16086);
#5206=VERTEX_POINT('',#16088);
#5207=VERTEX_POINT('',#16090);
#5208=VERTEX_POINT('',#16092);
#5209=VERTEX_POINT('',#16094);
#5210=VERTEX_POINT('',#16096);
#5211=VERTEX_POINT('',#16101);
#5212=VERTEX_POINT('',#16103);
#5213=VERTEX_POINT('',#16105);
#5214=VERTEX_POINT('',#16107);
#5215=VERTEX_POINT('',#16111);
#5216=VERTEX_POINT('',#16113);
#5217=VERTEX_POINT('',#16117);
#5218=VERTEX_POINT('',#16119);
#5219=VERTEX_POINT('',#16123);
#5220=VERTEX_POINT('',#16125);
#5221=VERTEX_POINT('',#16127);
#5222=VERTEX_POINT('',#16129);
#5223=VERTEX_POINT('',#16133);
#5224=VERTEX_POINT('',#16135);
#5225=VERTEX_POINT('',#16137);
#5226=VERTEX_POINT('',#16140);
#5227=VERTEX_POINT('',#16144);
#5228=VERTEX_POINT('',#16148);
#5229=VERTEX_POINT('',#16152);
#5230=VERTEX_POINT('',#16156);
#5231=VERTEX_POINT('',#16160);
#5232=VERTEX_POINT('',#16164);
#5233=VERTEX_POINT('',#16168);
#5234=VERTEX_POINT('',#16172);
#5235=VERTEX_POINT('',#16176);
#5236=VERTEX_POINT('',#16180);
#5237=VERTEX_POINT('',#16184);
#5238=VERTEX_POINT('',#16188);
#5239=VERTEX_POINT('',#16192);
#5240=VERTEX_POINT('',#16196);
#5241=VERTEX_POINT('',#16200);
#5242=VERTEX_POINT('',#16204);
#5243=VERTEX_POINT('',#16208);
#5244=VERTEX_POINT('',#16212);
#5245=VERTEX_POINT('',#16216);
#5246=VERTEX_POINT('',#16224);
#5247=VERTEX_POINT('',#16225);
#5248=VERTEX_POINT('',#16227);
#5249=VERTEX_POINT('',#16229);
#5250=VERTEX_POINT('',#16233);
#5251=VERTEX_POINT('',#16234);
#5252=VERTEX_POINT('',#16236);
#5253=VERTEX_POINT('',#16238);
#5254=VERTEX_POINT('',#16242);
#5255=VERTEX_POINT('',#16244);
#5256=VERTEX_POINT('',#16248);
#5257=VERTEX_POINT('',#16250);
#5258=VERTEX_POINT('',#16254);
#5259=VERTEX_POINT('',#16256);
#5260=VERTEX_POINT('',#16260);
#5261=VERTEX_POINT('',#16262);
#5262=VERTEX_POINT('',#16269);
#5263=VERTEX_POINT('',#16270);
#5264=VERTEX_POINT('',#16272);
#5265=VERTEX_POINT('',#16274);
#5266=VERTEX_POINT('',#16278);
#5267=VERTEX_POINT('',#16280);
#5268=VERTEX_POINT('',#16284);
#5269=VERTEX_POINT('',#16286);
#5270=VERTEX_POINT('',#16290);
#5271=VERTEX_POINT('',#16292);
#5272=VERTEX_POINT('',#16296);
#5273=VERTEX_POINT('',#16298);
#5274=VERTEX_POINT('',#16305);
#5275=VERTEX_POINT('',#16306);
#5276=VERTEX_POINT('',#16308);
#5277=VERTEX_POINT('',#16310);
#5278=VERTEX_POINT('',#16314);
#5279=VERTEX_POINT('',#16316);
#5280=VERTEX_POINT('',#16320);
#5281=VERTEX_POINT('',#16322);
#5282=VERTEX_POINT('',#16326);
#5283=VERTEX_POINT('',#16328);
#5284=VERTEX_POINT('',#16332);
#5285=VERTEX_POINT('',#16334);
#5286=VERTEX_POINT('',#16341);
#5287=VERTEX_POINT('',#16342);
#5288=VERTEX_POINT('',#16344);
#5289=VERTEX_POINT('',#16346);
#5290=VERTEX_POINT('',#16350);
#5291=VERTEX_POINT('',#16352);
#5292=VERTEX_POINT('',#16356);
#5293=VERTEX_POINT('',#16358);
#5294=VERTEX_POINT('',#16362);
#5295=VERTEX_POINT('',#16364);
#5296=VERTEX_POINT('',#16368);
#5297=VERTEX_POINT('',#16370);
#5298=VERTEX_POINT('',#16377);
#5299=VERTEX_POINT('',#16378);
#5300=VERTEX_POINT('',#16380);
#5301=VERTEX_POINT('',#16382);
#5302=VERTEX_POINT('',#16386);
#5303=VERTEX_POINT('',#16388);
#5304=VERTEX_POINT('',#16392);
#5305=VERTEX_POINT('',#16394);
#5306=VERTEX_POINT('',#16398);
#5307=VERTEX_POINT('',#16400);
#5308=VERTEX_POINT('',#16404);
#5309=VERTEX_POINT('',#16406);
#5310=VERTEX_POINT('',#16413);
#5311=VERTEX_POINT('',#16414);
#5312=VERTEX_POINT('',#16416);
#5313=VERTEX_POINT('',#16418);
#5314=VERTEX_POINT('',#16422);
#5315=VERTEX_POINT('',#16424);
#5316=VERTEX_POINT('',#16428);
#5317=VERTEX_POINT('',#16430);
#5318=VERTEX_POINT('',#16434);
#5319=VERTEX_POINT('',#16436);
#5320=VERTEX_POINT('',#16440);
#5321=VERTEX_POINT('',#16442);
#5322=VERTEX_POINT('',#16449);
#5323=VERTEX_POINT('',#16450);
#5324=VERTEX_POINT('',#16452);
#5325=VERTEX_POINT('',#16454);
#5326=VERTEX_POINT('',#16458);
#5327=VERTEX_POINT('',#16460);
#5328=VERTEX_POINT('',#16464);
#5329=VERTEX_POINT('',#16466);
#5330=VERTEX_POINT('',#16470);
#5331=VERTEX_POINT('',#16472);
#5332=VERTEX_POINT('',#16476);
#5333=VERTEX_POINT('',#16478);
#5334=VERTEX_POINT('',#16485);
#5335=VERTEX_POINT('',#16486);
#5336=VERTEX_POINT('',#16488);
#5337=VERTEX_POINT('',#16490);
#5338=VERTEX_POINT('',#16494);
#5339=VERTEX_POINT('',#16496);
#5340=VERTEX_POINT('',#16500);
#5341=VERTEX_POINT('',#16502);
#5342=VERTEX_POINT('',#16506);
#5343=VERTEX_POINT('',#16508);
#5344=VERTEX_POINT('',#16512);
#5345=VERTEX_POINT('',#16514);
#5346=VERTEX_POINT('',#16521);
#5347=VERTEX_POINT('',#16522);
#5348=VERTEX_POINT('',#16524);
#5349=VERTEX_POINT('',#16526);
#5350=VERTEX_POINT('',#16530);
#5351=VERTEX_POINT('',#16532);
#5352=VERTEX_POINT('',#16536);
#5353=VERTEX_POINT('',#16538);
#5354=VERTEX_POINT('',#16542);
#5355=VERTEX_POINT('',#16544);
#5356=VERTEX_POINT('',#16548);
#5357=VERTEX_POINT('',#16550);
#5358=VERTEX_POINT('',#16557);
#5359=VERTEX_POINT('',#16558);
#5360=VERTEX_POINT('',#16560);
#5361=VERTEX_POINT('',#16562);
#5362=VERTEX_POINT('',#16566);
#5363=VERTEX_POINT('',#16568);
#5364=VERTEX_POINT('',#16572);
#5365=VERTEX_POINT('',#16574);
#5366=VERTEX_POINT('',#16578);
#5367=VERTEX_POINT('',#16580);
#5368=VERTEX_POINT('',#16584);
#5369=VERTEX_POINT('',#16586);
#5370=VERTEX_POINT('',#16593);
#5371=VERTEX_POINT('',#16594);
#5372=VERTEX_POINT('',#16596);
#5373=VERTEX_POINT('',#16598);
#5374=VERTEX_POINT('',#16602);
#5375=VERTEX_POINT('',#16604);
#5376=VERTEX_POINT('',#16608);
#5377=VERTEX_POINT('',#16610);
#5378=VERTEX_POINT('',#16614);
#5379=VERTEX_POINT('',#16616);
#5380=VERTEX_POINT('',#16620);
#5381=VERTEX_POINT('',#16622);
#5382=VERTEX_POINT('',#16629);
#5383=VERTEX_POINT('',#16630);
#5384=VERTEX_POINT('',#16632);
#5385=VERTEX_POINT('',#16634);
#5386=VERTEX_POINT('',#16638);
#5387=VERTEX_POINT('',#16640);
#5388=VERTEX_POINT('',#16644);
#5389=VERTEX_POINT('',#16646);
#5390=VERTEX_POINT('',#16650);
#5391=VERTEX_POINT('',#16652);
#5392=VERTEX_POINT('',#16656);
#5393=VERTEX_POINT('',#16658);
#5394=VERTEX_POINT('',#16665);
#5395=VERTEX_POINT('',#16666);
#5396=VERTEX_POINT('',#16668);
#5397=VERTEX_POINT('',#16670);
#5398=VERTEX_POINT('',#16674);
#5399=VERTEX_POINT('',#16676);
#5400=VERTEX_POINT('',#16680);
#5401=VERTEX_POINT('',#16682);
#5402=VERTEX_POINT('',#16686);
#5403=VERTEX_POINT('',#16688);
#5404=VERTEX_POINT('',#16692);
#5405=VERTEX_POINT('',#16694);
#5406=VERTEX_POINT('',#16701);
#5407=VERTEX_POINT('',#16702);
#5408=VERTEX_POINT('',#16704);
#5409=VERTEX_POINT('',#16706);
#5410=VERTEX_POINT('',#16710);
#5411=VERTEX_POINT('',#16712);
#5412=VERTEX_POINT('',#16716);
#5413=VERTEX_POINT('',#16718);
#5414=VERTEX_POINT('',#16722);
#5415=VERTEX_POINT('',#16724);
#5416=VERTEX_POINT('',#16728);
#5417=VERTEX_POINT('',#16730);
#5418=VERTEX_POINT('',#16737);
#5419=VERTEX_POINT('',#16738);
#5420=VERTEX_POINT('',#16740);
#5421=VERTEX_POINT('',#16742);
#5422=VERTEX_POINT('',#16746);
#5423=VERTEX_POINT('',#16748);
#5424=VERTEX_POINT('',#16752);
#5425=VERTEX_POINT('',#16754);
#5426=VERTEX_POINT('',#16758);
#5427=VERTEX_POINT('',#16760);
#5428=VERTEX_POINT('',#16764);
#5429=VERTEX_POINT('',#16766);
#5430=VERTEX_POINT('',#16773);
#5431=VERTEX_POINT('',#16774);
#5432=VERTEX_POINT('',#16776);
#5433=VERTEX_POINT('',#16778);
#5434=VERTEX_POINT('',#16782);
#5435=VERTEX_POINT('',#16784);
#5436=VERTEX_POINT('',#16788);
#5437=VERTEX_POINT('',#16790);
#5438=VERTEX_POINT('',#16794);
#5439=VERTEX_POINT('',#16796);
#5440=VERTEX_POINT('',#16800);
#5441=VERTEX_POINT('',#16802);
#5442=VERTEX_POINT('',#16809);
#5443=VERTEX_POINT('',#16810);
#5444=VERTEX_POINT('',#16812);
#5445=VERTEX_POINT('',#16814);
#5446=VERTEX_POINT('',#16818);
#5447=VERTEX_POINT('',#16820);
#5448=VERTEX_POINT('',#16824);
#5449=VERTEX_POINT('',#16826);
#5450=VERTEX_POINT('',#16830);
#5451=VERTEX_POINT('',#16832);
#5452=VERTEX_POINT('',#16836);
#5453=VERTEX_POINT('',#16838);
#5454=VERTEX_POINT('',#16845);
#5455=VERTEX_POINT('',#16846);
#5456=VERTEX_POINT('',#16848);
#5457=VERTEX_POINT('',#16850);
#5458=VERTEX_POINT('',#16854);
#5459=VERTEX_POINT('',#16856);
#5460=VERTEX_POINT('',#16860);
#5461=VERTEX_POINT('',#16862);
#5462=VERTEX_POINT('',#16866);
#5463=VERTEX_POINT('',#16868);
#5464=VERTEX_POINT('',#16872);
#5465=VERTEX_POINT('',#16874);
#5466=VERTEX_POINT('',#16881);
#5467=VERTEX_POINT('',#16882);
#5468=VERTEX_POINT('',#16884);
#5469=VERTEX_POINT('',#16886);
#5470=VERTEX_POINT('',#16890);
#5471=VERTEX_POINT('',#16892);
#5472=VERTEX_POINT('',#16896);
#5473=VERTEX_POINT('',#16898);
#5474=VERTEX_POINT('',#16902);
#5475=VERTEX_POINT('',#16904);
#5476=VERTEX_POINT('',#16908);
#5477=VERTEX_POINT('',#16910);
#5478=VERTEX_POINT('',#16917);
#5479=VERTEX_POINT('',#16918);
#5480=VERTEX_POINT('',#16920);
#5481=VERTEX_POINT('',#16922);
#5482=VERTEX_POINT('',#16926);
#5483=VERTEX_POINT('',#16928);
#5484=VERTEX_POINT('',#16932);
#5485=VERTEX_POINT('',#16934);
#5486=VERTEX_POINT('',#16938);
#5487=VERTEX_POINT('',#16940);
#5488=VERTEX_POINT('',#16944);
#5489=VERTEX_POINT('',#16946);
#5490=VERTEX_POINT('',#16953);
#5491=VERTEX_POINT('',#16954);
#5492=VERTEX_POINT('',#16956);
#5493=VERTEX_POINT('',#16958);
#5494=VERTEX_POINT('',#16962);
#5495=VERTEX_POINT('',#16964);
#5496=VERTEX_POINT('',#16968);
#5497=VERTEX_POINT('',#16970);
#5498=VERTEX_POINT('',#16974);
#5499=VERTEX_POINT('',#16976);
#5500=VERTEX_POINT('',#16980);
#5501=VERTEX_POINT('',#16982);
#5502=VERTEX_POINT('',#16989);
#5503=VERTEX_POINT('',#16990);
#5504=VERTEX_POINT('',#16992);
#5505=VERTEX_POINT('',#16994);
#5506=VERTEX_POINT('',#16998);
#5507=VERTEX_POINT('',#17000);
#5508=VERTEX_POINT('',#17004);
#5509=VERTEX_POINT('',#17006);
#5510=VERTEX_POINT('',#17010);
#5511=VERTEX_POINT('',#17012);
#5512=VERTEX_POINT('',#17016);
#5513=VERTEX_POINT('',#17018);
#5514=VERTEX_POINT('',#17025);
#5515=VERTEX_POINT('',#17026);
#5516=VERTEX_POINT('',#17028);
#5517=VERTEX_POINT('',#17030);
#5518=VERTEX_POINT('',#17034);
#5519=VERTEX_POINT('',#17036);
#5520=VERTEX_POINT('',#17040);
#5521=VERTEX_POINT('',#17042);
#5522=VERTEX_POINT('',#17046);
#5523=VERTEX_POINT('',#17048);
#5524=VERTEX_POINT('',#17052);
#5525=VERTEX_POINT('',#17054);
#5526=VERTEX_POINT('',#17061);
#5527=VERTEX_POINT('',#17062);
#5528=VERTEX_POINT('',#17064);
#5529=VERTEX_POINT('',#17066);
#5530=VERTEX_POINT('',#17070);
#5531=VERTEX_POINT('',#17072);
#5532=VERTEX_POINT('',#17076);
#5533=VERTEX_POINT('',#17078);
#5534=VERTEX_POINT('',#17082);
#5535=VERTEX_POINT('',#17084);
#5536=VERTEX_POINT('',#17088);
#5537=VERTEX_POINT('',#17090);
#5538=VERTEX_POINT('',#17097);
#5539=VERTEX_POINT('',#17098);
#5540=VERTEX_POINT('',#17100);
#5541=VERTEX_POINT('',#17102);
#5542=VERTEX_POINT('',#17106);
#5543=VERTEX_POINT('',#17108);
#5544=VERTEX_POINT('',#17112);
#5545=VERTEX_POINT('',#17114);
#5546=VERTEX_POINT('',#17118);
#5547=VERTEX_POINT('',#17120);
#5548=VERTEX_POINT('',#17124);
#5549=VERTEX_POINT('',#17126);
#5550=VERTEX_POINT('',#17133);
#5551=VERTEX_POINT('',#17134);
#5552=VERTEX_POINT('',#17136);
#5553=VERTEX_POINT('',#17138);
#5554=VERTEX_POINT('',#17142);
#5555=VERTEX_POINT('',#17144);
#5556=VERTEX_POINT('',#17148);
#5557=VERTEX_POINT('',#17150);
#5558=VERTEX_POINT('',#17154);
#5559=VERTEX_POINT('',#17156);
#5560=VERTEX_POINT('',#17160);
#5561=VERTEX_POINT('',#17162);
#5562=VERTEX_POINT('',#17169);
#5563=VERTEX_POINT('',#17170);
#5564=VERTEX_POINT('',#17172);
#5565=VERTEX_POINT('',#17174);
#5566=VERTEX_POINT('',#17178);
#5567=VERTEX_POINT('',#17180);
#5568=VERTEX_POINT('',#17184);
#5569=VERTEX_POINT('',#17186);
#5570=VERTEX_POINT('',#17190);
#5571=VERTEX_POINT('',#17192);
#5572=VERTEX_POINT('',#17196);
#5573=VERTEX_POINT('',#17198);
#5574=VERTEX_POINT('',#17205);
#5575=VERTEX_POINT('',#17206);
#5576=VERTEX_POINT('',#17208);
#5577=VERTEX_POINT('',#17210);
#5578=VERTEX_POINT('',#17214);
#5579=VERTEX_POINT('',#17216);
#5580=VERTEX_POINT('',#17220);
#5581=VERTEX_POINT('',#17222);
#5582=VERTEX_POINT('',#17226);
#5583=VERTEX_POINT('',#17228);
#5584=VERTEX_POINT('',#17232);
#5585=VERTEX_POINT('',#17234);
#5586=VERTEX_POINT('',#17241);
#5587=VERTEX_POINT('',#17242);
#5588=VERTEX_POINT('',#17244);
#5589=VERTEX_POINT('',#17246);
#5590=VERTEX_POINT('',#17250);
#5591=VERTEX_POINT('',#17252);
#5592=VERTEX_POINT('',#17256);
#5593=VERTEX_POINT('',#17258);
#5594=VERTEX_POINT('',#17262);
#5595=VERTEX_POINT('',#17264);
#5596=VERTEX_POINT('',#17268);
#5597=VERTEX_POINT('',#17270);
#5598=VERTEX_POINT('',#17277);
#5599=VERTEX_POINT('',#17278);
#5600=VERTEX_POINT('',#17280);
#5601=VERTEX_POINT('',#17282);
#5602=VERTEX_POINT('',#17286);
#5603=VERTEX_POINT('',#17288);
#5604=VERTEX_POINT('',#17292);
#5605=VERTEX_POINT('',#17294);
#5606=VERTEX_POINT('',#17298);
#5607=VERTEX_POINT('',#17300);
#5608=VERTEX_POINT('',#17304);
#5609=VERTEX_POINT('',#17306);
#5610=VERTEX_POINT('',#17313);
#5611=VERTEX_POINT('',#17314);
#5612=VERTEX_POINT('',#17316);
#5613=VERTEX_POINT('',#17318);
#5614=VERTEX_POINT('',#17322);
#5615=VERTEX_POINT('',#17324);
#5616=VERTEX_POINT('',#17328);
#5617=VERTEX_POINT('',#17330);
#5618=VERTEX_POINT('',#17334);
#5619=VERTEX_POINT('',#17336);
#5620=VERTEX_POINT('',#17340);
#5621=VERTEX_POINT('',#17342);
#5622=VERTEX_POINT('',#17349);
#5623=VERTEX_POINT('',#17350);
#5624=VERTEX_POINT('',#17352);
#5625=VERTEX_POINT('',#17354);
#5626=VERTEX_POINT('',#17358);
#5627=VERTEX_POINT('',#17360);
#5628=VERTEX_POINT('',#17364);
#5629=VERTEX_POINT('',#17366);
#5630=VERTEX_POINT('',#17370);
#5631=VERTEX_POINT('',#17372);
#5632=VERTEX_POINT('',#17376);
#5633=VERTEX_POINT('',#17378);
#5634=VERTEX_POINT('',#17385);
#5635=VERTEX_POINT('',#17386);
#5636=VERTEX_POINT('',#17388);
#5637=VERTEX_POINT('',#17390);
#5638=VERTEX_POINT('',#17394);
#5639=VERTEX_POINT('',#17396);
#5640=VERTEX_POINT('',#17400);
#5641=VERTEX_POINT('',#17402);
#5642=VERTEX_POINT('',#17406);
#5643=VERTEX_POINT('',#17408);
#5644=VERTEX_POINT('',#17412);
#5645=VERTEX_POINT('',#17414);
#5646=VERTEX_POINT('',#17421);
#5647=VERTEX_POINT('',#17422);
#5648=VERTEX_POINT('',#17424);
#5649=VERTEX_POINT('',#17426);
#5650=VERTEX_POINT('',#17430);
#5651=VERTEX_POINT('',#17432);
#5652=VERTEX_POINT('',#17436);
#5653=VERTEX_POINT('',#17438);
#5654=VERTEX_POINT('',#17442);
#5655=VERTEX_POINT('',#17444);
#5656=VERTEX_POINT('',#17448);
#5657=VERTEX_POINT('',#17450);
#5658=VERTEX_POINT('',#17457);
#5659=VERTEX_POINT('',#17458);
#5660=VERTEX_POINT('',#17460);
#5661=VERTEX_POINT('',#17462);
#5662=VERTEX_POINT('',#17466);
#5663=VERTEX_POINT('',#17468);
#5664=VERTEX_POINT('',#17472);
#5665=VERTEX_POINT('',#17474);
#5666=VERTEX_POINT('',#17478);
#5667=VERTEX_POINT('',#17480);
#5668=VERTEX_POINT('',#17484);
#5669=VERTEX_POINT('',#17486);
#5670=VERTEX_POINT('',#17493);
#5671=VERTEX_POINT('',#17494);
#5672=VERTEX_POINT('',#17496);
#5673=VERTEX_POINT('',#17498);
#5674=VERTEX_POINT('',#17502);
#5675=VERTEX_POINT('',#17504);
#5676=VERTEX_POINT('',#17508);
#5677=VERTEX_POINT('',#17510);
#5678=VERTEX_POINT('',#17514);
#5679=VERTEX_POINT('',#17516);
#5680=VERTEX_POINT('',#17520);
#5681=VERTEX_POINT('',#17522);
#5682=VERTEX_POINT('',#17529);
#5683=VERTEX_POINT('',#17530);
#5684=VERTEX_POINT('',#17532);
#5685=VERTEX_POINT('',#17534);
#5686=VERTEX_POINT('',#17538);
#5687=VERTEX_POINT('',#17540);
#5688=VERTEX_POINT('',#17544);
#5689=VERTEX_POINT('',#17546);
#5690=VERTEX_POINT('',#17550);
#5691=VERTEX_POINT('',#17552);
#5692=VERTEX_POINT('',#17556);
#5693=VERTEX_POINT('',#17558);
#5694=VERTEX_POINT('',#17565);
#5695=VERTEX_POINT('',#17566);
#5696=VERTEX_POINT('',#17568);
#5697=VERTEX_POINT('',#17570);
#5698=VERTEX_POINT('',#17574);
#5699=VERTEX_POINT('',#17576);
#5700=VERTEX_POINT('',#17580);
#5701=VERTEX_POINT('',#17582);
#5702=VERTEX_POINT('',#17586);
#5703=VERTEX_POINT('',#17588);
#5704=VERTEX_POINT('',#17592);
#5705=VERTEX_POINT('',#17594);
#5706=VERTEX_POINT('',#17601);
#5707=VERTEX_POINT('',#17602);
#5708=VERTEX_POINT('',#17604);
#5709=VERTEX_POINT('',#17606);
#5710=VERTEX_POINT('',#17610);
#5711=VERTEX_POINT('',#17612);
#5712=VERTEX_POINT('',#17616);
#5713=VERTEX_POINT('',#17618);
#5714=VERTEX_POINT('',#17622);
#5715=VERTEX_POINT('',#17624);
#5716=VERTEX_POINT('',#17628);
#5717=VERTEX_POINT('',#17630);
#5718=VERTEX_POINT('',#17637);
#5719=VERTEX_POINT('',#17638);
#5720=VERTEX_POINT('',#17640);
#5721=VERTEX_POINT('',#17642);
#5722=VERTEX_POINT('',#17646);
#5723=VERTEX_POINT('',#17648);
#5724=VERTEX_POINT('',#17652);
#5725=VERTEX_POINT('',#17654);
#5726=VERTEX_POINT('',#17658);
#5727=VERTEX_POINT('',#17660);
#5728=VERTEX_POINT('',#17664);
#5729=VERTEX_POINT('',#17666);
#5730=VERTEX_POINT('',#17673);
#5731=VERTEX_POINT('',#17674);
#5732=VERTEX_POINT('',#17676);
#5733=VERTEX_POINT('',#17678);
#5734=VERTEX_POINT('',#17682);
#5735=VERTEX_POINT('',#17684);
#5736=VERTEX_POINT('',#17688);
#5737=VERTEX_POINT('',#17690);
#5738=VERTEX_POINT('',#17694);
#5739=VERTEX_POINT('',#17696);
#5740=VERTEX_POINT('',#17700);
#5741=VERTEX_POINT('',#17702);
#5742=VERTEX_POINT('',#17709);
#5743=VERTEX_POINT('',#17710);
#5744=VERTEX_POINT('',#17712);
#5745=VERTEX_POINT('',#17714);
#5746=VERTEX_POINT('',#17718);
#5747=VERTEX_POINT('',#17720);
#5748=VERTEX_POINT('',#17724);
#5749=VERTEX_POINT('',#17726);
#5750=VERTEX_POINT('',#17730);
#5751=VERTEX_POINT('',#17732);
#5752=VERTEX_POINT('',#17736);
#5753=VERTEX_POINT('',#17738);
#5754=VERTEX_POINT('',#17745);
#5755=VERTEX_POINT('',#17746);
#5756=VERTEX_POINT('',#17748);
#5757=VERTEX_POINT('',#17750);
#5758=VERTEX_POINT('',#17754);
#5759=VERTEX_POINT('',#17756);
#5760=VERTEX_POINT('',#17760);
#5761=VERTEX_POINT('',#17762);
#5762=VERTEX_POINT('',#17766);
#5763=VERTEX_POINT('',#17768);
#5764=VERTEX_POINT('',#17772);
#5765=VERTEX_POINT('',#17774);
#5766=VERTEX_POINT('',#17781);
#5767=VERTEX_POINT('',#17782);
#5768=VERTEX_POINT('',#17784);
#5769=VERTEX_POINT('',#17786);
#5770=VERTEX_POINT('',#17790);
#5771=VERTEX_POINT('',#17792);
#5772=VERTEX_POINT('',#17796);
#5773=VERTEX_POINT('',#17798);
#5774=VERTEX_POINT('',#17802);
#5775=VERTEX_POINT('',#17804);
#5776=VERTEX_POINT('',#17808);
#5777=VERTEX_POINT('',#17810);
#5778=VERTEX_POINT('',#17817);
#5779=VERTEX_POINT('',#17818);
#5780=VERTEX_POINT('',#17820);
#5781=VERTEX_POINT('',#17822);
#5782=VERTEX_POINT('',#17826);
#5783=VERTEX_POINT('',#17828);
#5784=VERTEX_POINT('',#17832);
#5785=VERTEX_POINT('',#17834);
#5786=VERTEX_POINT('',#17838);
#5787=VERTEX_POINT('',#17840);
#5788=VERTEX_POINT('',#17844);
#5789=VERTEX_POINT('',#17846);
#5790=VERTEX_POINT('',#17853);
#5791=VERTEX_POINT('',#17854);
#5792=VERTEX_POINT('',#17856);
#5793=VERTEX_POINT('',#17858);
#5794=VERTEX_POINT('',#17862);
#5795=VERTEX_POINT('',#17864);
#5796=VERTEX_POINT('',#17868);
#5797=VERTEX_POINT('',#17870);
#5798=VERTEX_POINT('',#17874);
#5799=VERTEX_POINT('',#17876);
#5800=VERTEX_POINT('',#17880);
#5801=VERTEX_POINT('',#17882);
#5802=VERTEX_POINT('',#17889);
#5803=VERTEX_POINT('',#17890);
#5804=VERTEX_POINT('',#17892);
#5805=VERTEX_POINT('',#17894);
#5806=VERTEX_POINT('',#17898);
#5807=VERTEX_POINT('',#17900);
#5808=VERTEX_POINT('',#17904);
#5809=VERTEX_POINT('',#17906);
#5810=VERTEX_POINT('',#17910);
#5811=VERTEX_POINT('',#17912);
#5812=VERTEX_POINT('',#17916);
#5813=VERTEX_POINT('',#17918);
#5814=VERTEX_POINT('',#17925);
#5815=VERTEX_POINT('',#17926);
#5816=VERTEX_POINT('',#17928);
#5817=VERTEX_POINT('',#17930);
#5818=VERTEX_POINT('',#17934);
#5819=VERTEX_POINT('',#17936);
#5820=VERTEX_POINT('',#17940);
#5821=VERTEX_POINT('',#17942);
#5822=VERTEX_POINT('',#17946);
#5823=VERTEX_POINT('',#17948);
#5824=VERTEX_POINT('',#17952);
#5825=VERTEX_POINT('',#17954);
#5826=VERTEX_POINT('',#17961);
#5827=VERTEX_POINT('',#17962);
#5828=VERTEX_POINT('',#17964);
#5829=VERTEX_POINT('',#17966);
#5830=VERTEX_POINT('',#17970);
#5831=VERTEX_POINT('',#17972);
#5832=VERTEX_POINT('',#17976);
#5833=VERTEX_POINT('',#17978);
#5834=VERTEX_POINT('',#17982);
#5835=VERTEX_POINT('',#17984);
#5836=VERTEX_POINT('',#17988);
#5837=VERTEX_POINT('',#17990);
#5838=VERTEX_POINT('',#17997);
#5839=VERTEX_POINT('',#17998);
#5840=VERTEX_POINT('',#18000);
#5841=VERTEX_POINT('',#18002);
#5842=VERTEX_POINT('',#18006);
#5843=VERTEX_POINT('',#18008);
#5844=VERTEX_POINT('',#18012);
#5845=VERTEX_POINT('',#18014);
#5846=VERTEX_POINT('',#18018);
#5847=VERTEX_POINT('',#18020);
#5848=VERTEX_POINT('',#18024);
#5849=VERTEX_POINT('',#18026);
#5850=VERTEX_POINT('',#18033);
#5851=VERTEX_POINT('',#18034);
#5852=VERTEX_POINT('',#18036);
#5853=VERTEX_POINT('',#18038);
#5854=VERTEX_POINT('',#18042);
#5855=VERTEX_POINT('',#18044);
#5856=VERTEX_POINT('',#18048);
#5857=VERTEX_POINT('',#18050);
#5858=VERTEX_POINT('',#18054);
#5859=VERTEX_POINT('',#18056);
#5860=VERTEX_POINT('',#18060);
#5861=VERTEX_POINT('',#18062);
#5862=VERTEX_POINT('',#18069);
#5863=VERTEX_POINT('',#18070);
#5864=VERTEX_POINT('',#18072);
#5865=VERTEX_POINT('',#18074);
#5866=VERTEX_POINT('',#18078);
#5867=VERTEX_POINT('',#18080);
#5868=VERTEX_POINT('',#18084);
#5869=VERTEX_POINT('',#18086);
#5870=VERTEX_POINT('',#18090);
#5871=VERTEX_POINT('',#18092);
#5872=VERTEX_POINT('',#18096);
#5873=VERTEX_POINT('',#18098);
#5874=VERTEX_POINT('',#18105);
#5875=VERTEX_POINT('',#18106);
#5876=VERTEX_POINT('',#18108);
#5877=VERTEX_POINT('',#18110);
#5878=VERTEX_POINT('',#18114);
#5879=VERTEX_POINT('',#18116);
#5880=VERTEX_POINT('',#18120);
#5881=VERTEX_POINT('',#18122);
#5882=VERTEX_POINT('',#18126);
#5883=VERTEX_POINT('',#18128);
#5884=VERTEX_POINT('',#18132);
#5885=VERTEX_POINT('',#18134);
#5886=VERTEX_POINT('',#18141);
#5887=VERTEX_POINT('',#18142);
#5888=VERTEX_POINT('',#18144);
#5889=VERTEX_POINT('',#18146);
#5890=VERTEX_POINT('',#18150);
#5891=VERTEX_POINT('',#18152);
#5892=VERTEX_POINT('',#18156);
#5893=VERTEX_POINT('',#18158);
#5894=VERTEX_POINT('',#18162);
#5895=VERTEX_POINT('',#18164);
#5896=VERTEX_POINT('',#18168);
#5897=VERTEX_POINT('',#18170);
#5898=VERTEX_POINT('',#18177);
#5899=VERTEX_POINT('',#18178);
#5900=VERTEX_POINT('',#18180);
#5901=VERTEX_POINT('',#18182);
#5902=VERTEX_POINT('',#18186);
#5903=VERTEX_POINT('',#18188);
#5904=VERTEX_POINT('',#18192);
#5905=VERTEX_POINT('',#18194);
#5906=VERTEX_POINT('',#18198);
#5907=VERTEX_POINT('',#18200);
#5908=VERTEX_POINT('',#18204);
#5909=VERTEX_POINT('',#18206);
#5910=VERTEX_POINT('',#18213);
#5911=VERTEX_POINT('',#18214);
#5912=VERTEX_POINT('',#18216);
#5913=VERTEX_POINT('',#18218);
#5914=VERTEX_POINT('',#18222);
#5915=VERTEX_POINT('',#18224);
#5916=VERTEX_POINT('',#18226);
#5917=VERTEX_POINT('',#18228);
#5918=VERTEX_POINT('',#18232);
#5919=VERTEX_POINT('',#18234);
#5920=VERTEX_POINT('',#18238);
#5921=VERTEX_POINT('',#18240);
#5922=VERTEX_POINT('',#18242);
#5923=VERTEX_POINT('',#18244);
#5924=VERTEX_POINT('',#18248);
#5925=VERTEX_POINT('',#18250);
#5926=VERTEX_POINT('',#18257);
#5927=VERTEX_POINT('',#18258);
#5928=VERTEX_POINT('',#18260);
#5929=VERTEX_POINT('',#18262);
#5930=VERTEX_POINT('',#18266);
#5931=VERTEX_POINT('',#18268);
#5932=VERTEX_POINT('',#18272);
#5933=VERTEX_POINT('',#18274);
#5934=VERTEX_POINT('',#18278);
#5935=VERTEX_POINT('',#18280);
#5936=VERTEX_POINT('',#18284);
#5937=VERTEX_POINT('',#18286);
#5938=VERTEX_POINT('',#18293);
#5939=VERTEX_POINT('',#18294);
#5940=VERTEX_POINT('',#18296);
#5941=VERTEX_POINT('',#18298);
#5942=VERTEX_POINT('',#18302);
#5943=VERTEX_POINT('',#18304);
#5944=VERTEX_POINT('',#18308);
#5945=VERTEX_POINT('',#18310);
#5946=VERTEX_POINT('',#18314);
#5947=VERTEX_POINT('',#18316);
#5948=VERTEX_POINT('',#18320);
#5949=VERTEX_POINT('',#18322);
#5950=VERTEX_POINT('',#18329);
#5951=VERTEX_POINT('',#18330);
#5952=VERTEX_POINT('',#18332);
#5953=VERTEX_POINT('',#18334);
#5954=VERTEX_POINT('',#18338);
#5955=VERTEX_POINT('',#18340);
#5956=VERTEX_POINT('',#18344);
#5957=VERTEX_POINT('',#18346);
#5958=VERTEX_POINT('',#18350);
#5959=VERTEX_POINT('',#18352);
#5960=VERTEX_POINT('',#18356);
#5961=VERTEX_POINT('',#18358);
#5962=VERTEX_POINT('',#18365);
#5963=VERTEX_POINT('',#18366);
#5964=VERTEX_POINT('',#18368);
#5965=VERTEX_POINT('',#18370);
#5966=VERTEX_POINT('',#18374);
#5967=VERTEX_POINT('',#18376);
#5968=VERTEX_POINT('',#18380);
#5969=VERTEX_POINT('',#18382);
#5970=VERTEX_POINT('',#18386);
#5971=VERTEX_POINT('',#18388);
#5972=VERTEX_POINT('',#18392);
#5973=VERTEX_POINT('',#18394);
#5974=VERTEX_POINT('',#18401);
#5975=VERTEX_POINT('',#18402);
#5976=VERTEX_POINT('',#18404);
#5977=VERTEX_POINT('',#18406);
#5978=VERTEX_POINT('',#18410);
#5979=VERTEX_POINT('',#18412);
#5980=VERTEX_POINT('',#18416);
#5981=VERTEX_POINT('',#18418);
#5982=VERTEX_POINT('',#18422);
#5983=VERTEX_POINT('',#18424);
#5984=VERTEX_POINT('',#18428);
#5985=VERTEX_POINT('',#18430);
#5986=VERTEX_POINT('',#18437);
#5987=VERTEX_POINT('',#18438);
#5988=VERTEX_POINT('',#18440);
#5989=VERTEX_POINT('',#18442);
#5990=VERTEX_POINT('',#18446);
#5991=VERTEX_POINT('',#18448);
#5992=VERTEX_POINT('',#18453);
#5993=VERTEX_POINT('',#18455);
#5994=VERTEX_POINT('',#18459);
#5995=VERTEX_POINT('',#18461);
#5996=VERTEX_POINT('',#18465);
#5997=VERTEX_POINT('',#18467);
#5998=VERTEX_POINT('',#18469);
#5999=VERTEX_POINT('',#18471);
#6000=VERTEX_POINT('',#18478);
#6001=VERTEX_POINT('',#18479);
#6002=VERTEX_POINT('',#18481);
#6003=VERTEX_POINT('',#18483);
#6004=VERTEX_POINT('',#18487);
#6005=VERTEX_POINT('',#18489);
#6006=VERTEX_POINT('',#18493);
#6007=VERTEX_POINT('',#18495);
#6008=VERTEX_POINT('',#18499);
#6009=VERTEX_POINT('',#18501);
#6010=VERTEX_POINT('',#18505);
#6011=VERTEX_POINT('',#18507);
#6012=VERTEX_POINT('',#18514);
#6013=VERTEX_POINT('',#18515);
#6014=VERTEX_POINT('',#18517);
#6015=VERTEX_POINT('',#18519);
#6016=VERTEX_POINT('',#18523);
#6017=VERTEX_POINT('',#18525);
#6018=VERTEX_POINT('',#18529);
#6019=VERTEX_POINT('',#18531);
#6020=VERTEX_POINT('',#18535);
#6021=VERTEX_POINT('',#18537);
#6022=VERTEX_POINT('',#18541);
#6023=VERTEX_POINT('',#18543);
#6024=VERTEX_POINT('',#18550);
#6025=VERTEX_POINT('',#18551);
#6026=VERTEX_POINT('',#18553);
#6027=VERTEX_POINT('',#18555);
#6028=VERTEX_POINT('',#18559);
#6029=VERTEX_POINT('',#18561);
#6030=VERTEX_POINT('',#18565);
#6031=VERTEX_POINT('',#18567);
#6032=VERTEX_POINT('',#18571);
#6033=VERTEX_POINT('',#18573);
#6034=VERTEX_POINT('',#18577);
#6035=VERTEX_POINT('',#18579);
#6036=VERTEX_POINT('',#18586);
#6037=VERTEX_POINT('',#18587);
#6038=VERTEX_POINT('',#18589);
#6039=VERTEX_POINT('',#18591);
#6040=VERTEX_POINT('',#18595);
#6041=VERTEX_POINT('',#18597);
#6042=VERTEX_POINT('',#18601);
#6043=VERTEX_POINT('',#18603);
#6044=VERTEX_POINT('',#18607);
#6045=VERTEX_POINT('',#18609);
#6046=VERTEX_POINT('',#18613);
#6047=VERTEX_POINT('',#18615);
#6048=VERTEX_POINT('',#18622);
#6049=VERTEX_POINT('',#18623);
#6050=VERTEX_POINT('',#18625);
#6051=VERTEX_POINT('',#18627);
#6052=VERTEX_POINT('',#18631);
#6053=VERTEX_POINT('',#18633);
#6054=VERTEX_POINT('',#18637);
#6055=VERTEX_POINT('',#18639);
#6056=VERTEX_POINT('',#18643);
#6057=VERTEX_POINT('',#18645);
#6058=VERTEX_POINT('',#18649);
#6059=VERTEX_POINT('',#18651);
#6060=VERTEX_POINT('',#18658);
#6061=VERTEX_POINT('',#18659);
#6062=VERTEX_POINT('',#18661);
#6063=VERTEX_POINT('',#18663);
#6064=VERTEX_POINT('',#18667);
#6065=VERTEX_POINT('',#18669);
#6066=VERTEX_POINT('',#18673);
#6067=VERTEX_POINT('',#18675);
#6068=VERTEX_POINT('',#18679);
#6069=VERTEX_POINT('',#18681);
#6070=VERTEX_POINT('',#18685);
#6071=VERTEX_POINT('',#18687);
#6072=VERTEX_POINT('',#18694);
#6073=VERTEX_POINT('',#18695);
#6074=VERTEX_POINT('',#18697);
#6075=VERTEX_POINT('',#18699);
#6076=VERTEX_POINT('',#18703);
#6077=VERTEX_POINT('',#18705);
#6078=VERTEX_POINT('',#18709);
#6079=VERTEX_POINT('',#18711);
#6080=VERTEX_POINT('',#18715);
#6081=VERTEX_POINT('',#18717);
#6082=VERTEX_POINT('',#18721);
#6083=VERTEX_POINT('',#18723);
#6084=VERTEX_POINT('',#18730);
#6085=VERTEX_POINT('',#18731);
#6086=VERTEX_POINT('',#18733);
#6087=VERTEX_POINT('',#18735);
#6088=VERTEX_POINT('',#18739);
#6089=VERTEX_POINT('',#18741);
#6090=VERTEX_POINT('',#18745);
#6091=VERTEX_POINT('',#18747);
#6092=VERTEX_POINT('',#18751);
#6093=VERTEX_POINT('',#18753);
#6094=VERTEX_POINT('',#18757);
#6095=VERTEX_POINT('',#18759);
#6096=VERTEX_POINT('',#18766);
#6097=VERTEX_POINT('',#18767);
#6098=VERTEX_POINT('',#18769);
#6099=VERTEX_POINT('',#18771);
#6100=VERTEX_POINT('',#18775);
#6101=VERTEX_POINT('',#18777);
#6102=VERTEX_POINT('',#18781);
#6103=VERTEX_POINT('',#18783);
#6104=VERTEX_POINT('',#18787);
#6105=VERTEX_POINT('',#18789);
#6106=VERTEX_POINT('',#18793);
#6107=VERTEX_POINT('',#18795);
#6108=VERTEX_POINT('',#18802);
#6109=VERTEX_POINT('',#18803);
#6110=VERTEX_POINT('',#18805);
#6111=VERTEX_POINT('',#18807);
#6112=VERTEX_POINT('',#18811);
#6113=VERTEX_POINT('',#18813);
#6114=VERTEX_POINT('',#18817);
#6115=VERTEX_POINT('',#18819);
#6116=VERTEX_POINT('',#18823);
#6117=VERTEX_POINT('',#18825);
#6118=VERTEX_POINT('',#18829);
#6119=VERTEX_POINT('',#18831);
#6120=VERTEX_POINT('',#18838);
#6121=VERTEX_POINT('',#18839);
#6122=VERTEX_POINT('',#18841);
#6123=VERTEX_POINT('',#18843);
#6124=VERTEX_POINT('',#18847);
#6125=VERTEX_POINT('',#18849);
#6126=VERTEX_POINT('',#18853);
#6127=VERTEX_POINT('',#18855);
#6128=VERTEX_POINT('',#18859);
#6129=VERTEX_POINT('',#18861);
#6130=VERTEX_POINT('',#18865);
#6131=VERTEX_POINT('',#18867);
#6132=VERTEX_POINT('',#18874);
#6133=VERTEX_POINT('',#18875);
#6134=VERTEX_POINT('',#18877);
#6135=VERTEX_POINT('',#18879);
#6136=VERTEX_POINT('',#18883);
#6137=VERTEX_POINT('',#18885);
#6138=VERTEX_POINT('',#18889);
#6139=VERTEX_POINT('',#18891);
#6140=VERTEX_POINT('',#18895);
#6141=VERTEX_POINT('',#18897);
#6142=VERTEX_POINT('',#18901);
#6143=VERTEX_POINT('',#18903);
#6144=VERTEX_POINT('',#18910);
#6145=VERTEX_POINT('',#18911);
#6146=VERTEX_POINT('',#18913);
#6147=VERTEX_POINT('',#18915);
#6148=VERTEX_POINT('',#18919);
#6149=VERTEX_POINT('',#18921);
#6150=VERTEX_POINT('',#18925);
#6151=VERTEX_POINT('',#18927);
#6152=VERTEX_POINT('',#18931);
#6153=VERTEX_POINT('',#18933);
#6154=VERTEX_POINT('',#18937);
#6155=VERTEX_POINT('',#18939);
#6156=VERTEX_POINT('',#18946);
#6157=VERTEX_POINT('',#18947);
#6158=VERTEX_POINT('',#18949);
#6159=VERTEX_POINT('',#18951);
#6160=VERTEX_POINT('',#18955);
#6161=VERTEX_POINT('',#18957);
#6162=VERTEX_POINT('',#18961);
#6163=VERTEX_POINT('',#18963);
#6164=VERTEX_POINT('',#18967);
#6165=VERTEX_POINT('',#18969);
#6166=VERTEX_POINT('',#18973);
#6167=VERTEX_POINT('',#18975);
#6168=VERTEX_POINT('',#18982);
#6169=VERTEX_POINT('',#18983);
#6170=VERTEX_POINT('',#18985);
#6171=VERTEX_POINT('',#18987);
#6172=VERTEX_POINT('',#18991);
#6173=VERTEX_POINT('',#18993);
#6174=VERTEX_POINT('',#18997);
#6175=VERTEX_POINT('',#18999);
#6176=VERTEX_POINT('',#19003);
#6177=VERTEX_POINT('',#19005);
#6178=VERTEX_POINT('',#19009);
#6179=VERTEX_POINT('',#19011);
#6180=VERTEX_POINT('',#19018);
#6181=VERTEX_POINT('',#19019);
#6182=VERTEX_POINT('',#19021);
#6183=VERTEX_POINT('',#19023);
#6184=VERTEX_POINT('',#19027);
#6185=VERTEX_POINT('',#19029);
#6186=VERTEX_POINT('',#19033);
#6187=VERTEX_POINT('',#19035);
#6188=VERTEX_POINT('',#19039);
#6189=VERTEX_POINT('',#19041);
#6190=VERTEX_POINT('',#19045);
#6191=VERTEX_POINT('',#19047);
#6192=VERTEX_POINT('',#19054);
#6193=VERTEX_POINT('',#19055);
#6194=VERTEX_POINT('',#19057);
#6195=VERTEX_POINT('',#19059);
#6196=VERTEX_POINT('',#19063);
#6197=VERTEX_POINT('',#19065);
#6198=VERTEX_POINT('',#19069);
#6199=VERTEX_POINT('',#19071);
#6200=VERTEX_POINT('',#19075);
#6201=VERTEX_POINT('',#19077);
#6202=VERTEX_POINT('',#19081);
#6203=VERTEX_POINT('',#19083);
#6204=VERTEX_POINT('',#19090);
#6205=VERTEX_POINT('',#19091);
#6206=VERTEX_POINT('',#19093);
#6207=VERTEX_POINT('',#19095);
#6208=VERTEX_POINT('',#19099);
#6209=VERTEX_POINT('',#19101);
#6210=VERTEX_POINT('',#19105);
#6211=VERTEX_POINT('',#19107);
#6212=VERTEX_POINT('',#19111);
#6213=VERTEX_POINT('',#19113);
#6214=VERTEX_POINT('',#19117);
#6215=VERTEX_POINT('',#19119);
#6216=VERTEX_POINT('',#19126);
#6217=VERTEX_POINT('',#19127);
#6218=VERTEX_POINT('',#19129);
#6219=VERTEX_POINT('',#19131);
#6220=VERTEX_POINT('',#19135);
#6221=VERTEX_POINT('',#19137);
#6222=VERTEX_POINT('',#19141);
#6223=VERTEX_POINT('',#19143);
#6224=VERTEX_POINT('',#19147);
#6225=VERTEX_POINT('',#19149);
#6226=VERTEX_POINT('',#19153);
#6227=VERTEX_POINT('',#19155);
#6228=VERTEX_POINT('',#19162);
#6229=VERTEX_POINT('',#19163);
#6230=VERTEX_POINT('',#19165);
#6231=VERTEX_POINT('',#19167);
#6232=VERTEX_POINT('',#19171);
#6233=VERTEX_POINT('',#19173);
#6234=VERTEX_POINT('',#19177);
#6235=VERTEX_POINT('',#19179);
#6236=VERTEX_POINT('',#19183);
#6237=VERTEX_POINT('',#19185);
#6238=VERTEX_POINT('',#19189);
#6239=VERTEX_POINT('',#19191);
#6240=VERTEX_POINT('',#19198);
#6241=VERTEX_POINT('',#19199);
#6242=VERTEX_POINT('',#19201);
#6243=VERTEX_POINT('',#19203);
#6244=VERTEX_POINT('',#19207);
#6245=VERTEX_POINT('',#19209);
#6246=VERTEX_POINT('',#19213);
#6247=VERTEX_POINT('',#19215);
#6248=VERTEX_POINT('',#19219);
#6249=VERTEX_POINT('',#19221);
#6250=VERTEX_POINT('',#19225);
#6251=VERTEX_POINT('',#19227);
#6252=VERTEX_POINT('',#19234);
#6253=VERTEX_POINT('',#19235);
#6254=VERTEX_POINT('',#19237);
#6255=VERTEX_POINT('',#19239);
#6256=VERTEX_POINT('',#19243);
#6257=VERTEX_POINT('',#19245);
#6258=VERTEX_POINT('',#19249);
#6259=VERTEX_POINT('',#19251);
#6260=VERTEX_POINT('',#19255);
#6261=VERTEX_POINT('',#19257);
#6262=VERTEX_POINT('',#19261);
#6263=VERTEX_POINT('',#19263);
#6264=VERTEX_POINT('',#19270);
#6265=VERTEX_POINT('',#19271);
#6266=VERTEX_POINT('',#19273);
#6267=VERTEX_POINT('',#19275);
#6268=VERTEX_POINT('',#19279);
#6269=VERTEX_POINT('',#19281);
#6270=VERTEX_POINT('',#19285);
#6271=VERTEX_POINT('',#19287);
#6272=VERTEX_POINT('',#19291);
#6273=VERTEX_POINT('',#19293);
#6274=VERTEX_POINT('',#19297);
#6275=VERTEX_POINT('',#19299);
#6276=VERTEX_POINT('',#19306);
#6277=VERTEX_POINT('',#19308);
#6278=VERTEX_POINT('',#19310);
#6279=VERTEX_POINT('',#19311);
#6280=VERTEX_POINT('',#19313);
#6281=VERTEX_POINT('',#19315);
#6282=VERTEX_POINT('',#19317);
#6283=VERTEX_POINT('',#19319);
#6284=VERTEX_POINT('',#19322);
#6285=VERTEX_POINT('',#19324);
#6286=VERTEX_POINT('',#19326);
#6287=VERTEX_POINT('',#19329);
#6288=VERTEX_POINT('',#19331);
#6289=VERTEX_POINT('',#19333);
#6290=VERTEX_POINT('',#19335);
#6291=VERTEX_POINT('',#19337);
#6292=VERTEX_POINT('',#19339);
#6293=VERTEX_POINT('',#19341);
#6294=VERTEX_POINT('',#19343);
#6295=VERTEX_POINT('',#19345);
#6296=VERTEX_POINT('',#19349);
#6297=VERTEX_POINT('',#19351);
#6298=VERTEX_POINT('',#19353);
#6299=VERTEX_POINT('',#19355);
#6300=VERTEX_POINT('',#19356);
#6301=VERTEX_POINT('',#19358);
#6302=VERTEX_POINT('',#19360);
#6303=VERTEX_POINT('',#19362);
#6304=VERTEX_POINT('',#19364);
#6305=VERTEX_POINT('',#19367);
#6306=VERTEX_POINT('',#19368);
#6307=VERTEX_POINT('',#19370);
#6308=VERTEX_POINT('',#19372);
#6309=VERTEX_POINT('',#19374);
#6310=VERTEX_POINT('',#19376);
#6311=VERTEX_POINT('',#19378);
#6312=VERTEX_POINT('',#19380);
#6313=VERTEX_POINT('',#19383);
#6314=VERTEX_POINT('',#19386);
#6315=VERTEX_POINT('',#19387);
#6316=VERTEX_POINT('',#19395);
#6317=VERTEX_POINT('',#19397);
#6318=VERTEX_POINT('',#19409);
#6319=VERTEX_POINT('',#19411);
#6320=VERTEX_POINT('',#19415);
#6321=VERTEX_POINT('',#19417);
#6322=VERTEX_POINT('',#19421);
#6323=VERTEX_POINT('',#19422);
#6324=VERTEX_POINT('',#19424);
#6325=VERTEX_POINT('',#19428);
#6326=VERTEX_POINT('',#19432);
#6327=VERTEX_POINT('',#19434);
#6328=VERTEX_POINT('',#19436);
#6329=VERTEX_POINT('',#19437);
#6330=VERTEX_POINT('',#19439);
#6331=VERTEX_POINT('',#19441);
#6332=VERTEX_POINT('',#19445);
#6333=VERTEX_POINT('',#19447);
#6334=VERTEX_POINT('',#19451);
#6335=VERTEX_POINT('',#19453);
#6336=LINE('',#16046,#7986);
#6337=LINE('',#16049,#7987);
#6338=LINE('',#16051,#7988);
#6339=LINE('',#16053,#7989);
#6340=LINE('',#16055,#7990);
#6341=LINE('',#16058,#7991);
#6342=LINE('',#16059,#7992);
#6343=LINE('',#16061,#7993);
#6344=LINE('',#16063,#7994);
#6345=LINE('',#16065,#7995);
#6346=LINE('',#16067,#7996);
#6347=LINE('',#16069,#7997);
#6348=LINE('',#16071,#7998);
#6349=LINE('',#16073,#7999);
#6350=LINE('',#16075,#8000);
#6351=LINE('',#16077,#8001);
#6352=LINE('',#16097,#8002);
#6353=LINE('',#16098,#8003);
#6354=LINE('',#16100,#8004);
#6355=LINE('',#16102,#8005);
#6356=LINE('',#16104,#8006);
#6357=LINE('',#16106,#8007);
#6358=LINE('',#16108,#8008);
#6359=LINE('',#16110,#8009);
#6360=LINE('',#16112,#8010);
#6361=LINE('',#16114,#8011);
#6362=LINE('',#16120,#8012);
#6363=LINE('',#16130,#8013);
#6364=LINE('',#16211,#8014);
#6365=LINE('',#16213,#8015);
#6366=LINE('',#16215,#8016);
#6367=LINE('',#16217,#8017);
#6368=LINE('',#16219,#8018);
#6369=LINE('',#16223,#8019);
#6370=LINE('',#16226,#8020);
#6371=LINE('',#16228,#8021);
#6372=LINE('',#16230,#8022);
#6373=LINE('',#16232,#8023);
#6374=LINE('',#16235,#8024);
#6375=LINE('',#16237,#8025);
#6376=LINE('',#16239,#8026);
#6377=LINE('',#16241,#8027);
#6378=LINE('',#16243,#8028);
#6379=LINE('',#16245,#8029);
#6380=LINE('',#16247,#8030);
#6381=LINE('',#16249,#8031);
#6382=LINE('',#16251,#8032);
#6383=LINE('',#16253,#8033);
#6384=LINE('',#16255,#8034);
#6385=LINE('',#16257,#8035);
#6386=LINE('',#16259,#8036);
#6387=LINE('',#16261,#8037);
#6388=LINE('',#16263,#8038);
#6389=LINE('',#16265,#8039);
#6390=LINE('',#16266,#8040);
#6391=LINE('',#16268,#8041);
#6392=LINE('',#16271,#8042);
#6393=LINE('',#16273,#8043);
#6394=LINE('',#16275,#8044);
#6395=LINE('',#16277,#8045);
#6396=LINE('',#16279,#8046);
#6397=LINE('',#16281,#8047);
#6398=LINE('',#16283,#8048);
#6399=LINE('',#16285,#8049);
#6400=LINE('',#16287,#8050);
#6401=LINE('',#16289,#8051);
#6402=LINE('',#16291,#8052);
#6403=LINE('',#16293,#8053);
#6404=LINE('',#16295,#8054);
#6405=LINE('',#16297,#8055);
#6406=LINE('',#16299,#8056);
#6407=LINE('',#16301,#8057);
#6408=LINE('',#16302,#8058);
#6409=LINE('',#16304,#8059);
#6410=LINE('',#16307,#8060);
#6411=LINE('',#16309,#8061);
#6412=LINE('',#16311,#8062);
#6413=LINE('',#16313,#8063);
#6414=LINE('',#16315,#8064);
#6415=LINE('',#16317,#8065);
#6416=LINE('',#16319,#8066);
#6417=LINE('',#16321,#8067);
#6418=LINE('',#16323,#8068);
#6419=LINE('',#16325,#8069);
#6420=LINE('',#16327,#8070);
#6421=LINE('',#16329,#8071);
#6422=LINE('',#16331,#8072);
#6423=LINE('',#16333,#8073);
#6424=LINE('',#16335,#8074);
#6425=LINE('',#16337,#8075);
#6426=LINE('',#16338,#8076);
#6427=LINE('',#16340,#8077);
#6428=LINE('',#16343,#8078);
#6429=LINE('',#16345,#8079);
#6430=LINE('',#16347,#8080);
#6431=LINE('',#16349,#8081);
#6432=LINE('',#16351,#8082);
#6433=LINE('',#16353,#8083);
#6434=LINE('',#16355,#8084);
#6435=LINE('',#16357,#8085);
#6436=LINE('',#16359,#8086);
#6437=LINE('',#16361,#8087);
#6438=LINE('',#16363,#8088);
#6439=LINE('',#16365,#8089);
#6440=LINE('',#16367,#8090);
#6441=LINE('',#16369,#8091);
#6442=LINE('',#16371,#8092);
#6443=LINE('',#16373,#8093);
#6444=LINE('',#16374,#8094);
#6445=LINE('',#16376,#8095);
#6446=LINE('',#16379,#8096);
#6447=LINE('',#16381,#8097);
#6448=LINE('',#16383,#8098);
#6449=LINE('',#16385,#8099);
#6450=LINE('',#16387,#8100);
#6451=LINE('',#16389,#8101);
#6452=LINE('',#16391,#8102);
#6453=LINE('',#16393,#8103);
#6454=LINE('',#16395,#8104);
#6455=LINE('',#16397,#8105);
#6456=LINE('',#16399,#8106);
#6457=LINE('',#16401,#8107);
#6458=LINE('',#16403,#8108);
#6459=LINE('',#16405,#8109);
#6460=LINE('',#16407,#8110);
#6461=LINE('',#16409,#8111);
#6462=LINE('',#16410,#8112);
#6463=LINE('',#16412,#8113);
#6464=LINE('',#16415,#8114);
#6465=LINE('',#16417,#8115);
#6466=LINE('',#16419,#8116);
#6467=LINE('',#16421,#8117);
#6468=LINE('',#16423,#8118);
#6469=LINE('',#16425,#8119);
#6470=LINE('',#16427,#8120);
#6471=LINE('',#16429,#8121);
#6472=LINE('',#16431,#8122);
#6473=LINE('',#16433,#8123);
#6474=LINE('',#16435,#8124);
#6475=LINE('',#16437,#8125);
#6476=LINE('',#16439,#8126);
#6477=LINE('',#16441,#8127);
#6478=LINE('',#16443,#8128);
#6479=LINE('',#16445,#8129);
#6480=LINE('',#16446,#8130);
#6481=LINE('',#16448,#8131);
#6482=LINE('',#16451,#8132);
#6483=LINE('',#16453,#8133);
#6484=LINE('',#16455,#8134);
#6485=LINE('',#16457,#8135);
#6486=LINE('',#16459,#8136);
#6487=LINE('',#16461,#8137);
#6488=LINE('',#16463,#8138);
#6489=LINE('',#16465,#8139);
#6490=LINE('',#16467,#8140);
#6491=LINE('',#16469,#8141);
#6492=LINE('',#16471,#8142);
#6493=LINE('',#16473,#8143);
#6494=LINE('',#16475,#8144);
#6495=LINE('',#16477,#8145);
#6496=LINE('',#16479,#8146);
#6497=LINE('',#16481,#8147);
#6498=LINE('',#16482,#8148);
#6499=LINE('',#16484,#8149);
#6500=LINE('',#16487,#8150);
#6501=LINE('',#16489,#8151);
#6502=LINE('',#16491,#8152);
#6503=LINE('',#16493,#8153);
#6504=LINE('',#16495,#8154);
#6505=LINE('',#16497,#8155);
#6506=LINE('',#16499,#8156);
#6507=LINE('',#16501,#8157);
#6508=LINE('',#16503,#8158);
#6509=LINE('',#16505,#8159);
#6510=LINE('',#16507,#8160);
#6511=LINE('',#16509,#8161);
#6512=LINE('',#16511,#8162);
#6513=LINE('',#16513,#8163);
#6514=LINE('',#16515,#8164);
#6515=LINE('',#16517,#8165);
#6516=LINE('',#16518,#8166);
#6517=LINE('',#16520,#8167);
#6518=LINE('',#16523,#8168);
#6519=LINE('',#16525,#8169);
#6520=LINE('',#16527,#8170);
#6521=LINE('',#16529,#8171);
#6522=LINE('',#16531,#8172);
#6523=LINE('',#16533,#8173);
#6524=LINE('',#16535,#8174);
#6525=LINE('',#16537,#8175);
#6526=LINE('',#16539,#8176);
#6527=LINE('',#16541,#8177);
#6528=LINE('',#16543,#8178);
#6529=LINE('',#16545,#8179);
#6530=LINE('',#16547,#8180);
#6531=LINE('',#16549,#8181);
#6532=LINE('',#16551,#8182);
#6533=LINE('',#16553,#8183);
#6534=LINE('',#16554,#8184);
#6535=LINE('',#16556,#8185);
#6536=LINE('',#16559,#8186);
#6537=LINE('',#16561,#8187);
#6538=LINE('',#16563,#8188);
#6539=LINE('',#16565,#8189);
#6540=LINE('',#16567,#8190);
#6541=LINE('',#16569,#8191);
#6542=LINE('',#16571,#8192);
#6543=LINE('',#16573,#8193);
#6544=LINE('',#16575,#8194);
#6545=LINE('',#16577,#8195);
#6546=LINE('',#16579,#8196);
#6547=LINE('',#16581,#8197);
#6548=LINE('',#16583,#8198);
#6549=LINE('',#16585,#8199);
#6550=LINE('',#16587,#8200);
#6551=LINE('',#16589,#8201);
#6552=LINE('',#16590,#8202);
#6553=LINE('',#16592,#8203);
#6554=LINE('',#16595,#8204);
#6555=LINE('',#16597,#8205);
#6556=LINE('',#16599,#8206);
#6557=LINE('',#16601,#8207);
#6558=LINE('',#16603,#8208);
#6559=LINE('',#16605,#8209);
#6560=LINE('',#16607,#8210);
#6561=LINE('',#16609,#8211);
#6562=LINE('',#16611,#8212);
#6563=LINE('',#16613,#8213);
#6564=LINE('',#16615,#8214);
#6565=LINE('',#16617,#8215);
#6566=LINE('',#16619,#8216);
#6567=LINE('',#16621,#8217);
#6568=LINE('',#16623,#8218);
#6569=LINE('',#16625,#8219);
#6570=LINE('',#16626,#8220);
#6571=LINE('',#16628,#8221);
#6572=LINE('',#16631,#8222);
#6573=LINE('',#16633,#8223);
#6574=LINE('',#16635,#8224);
#6575=LINE('',#16637,#8225);
#6576=LINE('',#16639,#8226);
#6577=LINE('',#16641,#8227);
#6578=LINE('',#16643,#8228);
#6579=LINE('',#16645,#8229);
#6580=LINE('',#16647,#8230);
#6581=LINE('',#16649,#8231);
#6582=LINE('',#16651,#8232);
#6583=LINE('',#16653,#8233);
#6584=LINE('',#16655,#8234);
#6585=LINE('',#16657,#8235);
#6586=LINE('',#16659,#8236);
#6587=LINE('',#16661,#8237);
#6588=LINE('',#16662,#8238);
#6589=LINE('',#16664,#8239);
#6590=LINE('',#16667,#8240);
#6591=LINE('',#16669,#8241);
#6592=LINE('',#16671,#8242);
#6593=LINE('',#16673,#8243);
#6594=LINE('',#16675,#8244);
#6595=LINE('',#16677,#8245);
#6596=LINE('',#16679,#8246);
#6597=LINE('',#16681,#8247);
#6598=LINE('',#16683,#8248);
#6599=LINE('',#16685,#8249);
#6600=LINE('',#16687,#8250);
#6601=LINE('',#16689,#8251);
#6602=LINE('',#16691,#8252);
#6603=LINE('',#16693,#8253);
#6604=LINE('',#16695,#8254);
#6605=LINE('',#16697,#8255);
#6606=LINE('',#16698,#8256);
#6607=LINE('',#16700,#8257);
#6608=LINE('',#16703,#8258);
#6609=LINE('',#16705,#8259);
#6610=LINE('',#16707,#8260);
#6611=LINE('',#16709,#8261);
#6612=LINE('',#16711,#8262);
#6613=LINE('',#16713,#8263);
#6614=LINE('',#16715,#8264);
#6615=LINE('',#16717,#8265);
#6616=LINE('',#16719,#8266);
#6617=LINE('',#16721,#8267);
#6618=LINE('',#16723,#8268);
#6619=LINE('',#16725,#8269);
#6620=LINE('',#16727,#8270);
#6621=LINE('',#16729,#8271);
#6622=LINE('',#16731,#8272);
#6623=LINE('',#16733,#8273);
#6624=LINE('',#16734,#8274);
#6625=LINE('',#16736,#8275);
#6626=LINE('',#16739,#8276);
#6627=LINE('',#16741,#8277);
#6628=LINE('',#16743,#8278);
#6629=LINE('',#16745,#8279);
#6630=LINE('',#16747,#8280);
#6631=LINE('',#16749,#8281);
#6632=LINE('',#16751,#8282);
#6633=LINE('',#16753,#8283);
#6634=LINE('',#16755,#8284);
#6635=LINE('',#16757,#8285);
#6636=LINE('',#16759,#8286);
#6637=LINE('',#16761,#8287);
#6638=LINE('',#16763,#8288);
#6639=LINE('',#16765,#8289);
#6640=LINE('',#16767,#8290);
#6641=LINE('',#16769,#8291);
#6642=LINE('',#16770,#8292);
#6643=LINE('',#16772,#8293);
#6644=LINE('',#16775,#8294);
#6645=LINE('',#16777,#8295);
#6646=LINE('',#16779,#8296);
#6647=LINE('',#16781,#8297);
#6648=LINE('',#16783,#8298);
#6649=LINE('',#16785,#8299);
#6650=LINE('',#16787,#8300);
#6651=LINE('',#16789,#8301);
#6652=LINE('',#16791,#8302);
#6653=LINE('',#16793,#8303);
#6654=LINE('',#16795,#8304);
#6655=LINE('',#16797,#8305);
#6656=LINE('',#16799,#8306);
#6657=LINE('',#16801,#8307);
#6658=LINE('',#16803,#8308);
#6659=LINE('',#16805,#8309);
#6660=LINE('',#16806,#8310);
#6661=LINE('',#16808,#8311);
#6662=LINE('',#16811,#8312);
#6663=LINE('',#16813,#8313);
#6664=LINE('',#16815,#8314);
#6665=LINE('',#16817,#8315);
#6666=LINE('',#16819,#8316);
#6667=LINE('',#16821,#8317);
#6668=LINE('',#16823,#8318);
#6669=LINE('',#16825,#8319);
#6670=LINE('',#16827,#8320);
#6671=LINE('',#16829,#8321);
#6672=LINE('',#16831,#8322);
#6673=LINE('',#16833,#8323);
#6674=LINE('',#16835,#8324);
#6675=LINE('',#16837,#8325);
#6676=LINE('',#16839,#8326);
#6677=LINE('',#16841,#8327);
#6678=LINE('',#16842,#8328);
#6679=LINE('',#16844,#8329);
#6680=LINE('',#16847,#8330);
#6681=LINE('',#16849,#8331);
#6682=LINE('',#16851,#8332);
#6683=LINE('',#16853,#8333);
#6684=LINE('',#16855,#8334);
#6685=LINE('',#16857,#8335);
#6686=LINE('',#16859,#8336);
#6687=LINE('',#16861,#8337);
#6688=LINE('',#16863,#8338);
#6689=LINE('',#16865,#8339);
#6690=LINE('',#16867,#8340);
#6691=LINE('',#16869,#8341);
#6692=LINE('',#16871,#8342);
#6693=LINE('',#16873,#8343);
#6694=LINE('',#16875,#8344);
#6695=LINE('',#16877,#8345);
#6696=LINE('',#16878,#8346);
#6697=LINE('',#16880,#8347);
#6698=LINE('',#16883,#8348);
#6699=LINE('',#16885,#8349);
#6700=LINE('',#16887,#8350);
#6701=LINE('',#16889,#8351);
#6702=LINE('',#16891,#8352);
#6703=LINE('',#16893,#8353);
#6704=LINE('',#16895,#8354);
#6705=LINE('',#16897,#8355);
#6706=LINE('',#16899,#8356);
#6707=LINE('',#16901,#8357);
#6708=LINE('',#16903,#8358);
#6709=LINE('',#16905,#8359);
#6710=LINE('',#16907,#8360);
#6711=LINE('',#16909,#8361);
#6712=LINE('',#16911,#8362);
#6713=LINE('',#16913,#8363);
#6714=LINE('',#16914,#8364);
#6715=LINE('',#16916,#8365);
#6716=LINE('',#16919,#8366);
#6717=LINE('',#16921,#8367);
#6718=LINE('',#16923,#8368);
#6719=LINE('',#16925,#8369);
#6720=LINE('',#16927,#8370);
#6721=LINE('',#16929,#8371);
#6722=LINE('',#16931,#8372);
#6723=LINE('',#16933,#8373);
#6724=LINE('',#16935,#8374);
#6725=LINE('',#16937,#8375);
#6726=LINE('',#16939,#8376);
#6727=LINE('',#16941,#8377);
#6728=LINE('',#16943,#8378);
#6729=LINE('',#16945,#8379);
#6730=LINE('',#16947,#8380);
#6731=LINE('',#16949,#8381);
#6732=LINE('',#16950,#8382);
#6733=LINE('',#16952,#8383);
#6734=LINE('',#16955,#8384);
#6735=LINE('',#16957,#8385);
#6736=LINE('',#16959,#8386);
#6737=LINE('',#16961,#8387);
#6738=LINE('',#16963,#8388);
#6739=LINE('',#16965,#8389);
#6740=LINE('',#16967,#8390);
#6741=LINE('',#16969,#8391);
#6742=LINE('',#16971,#8392);
#6743=LINE('',#16973,#8393);
#6744=LINE('',#16975,#8394);
#6745=LINE('',#16977,#8395);
#6746=LINE('',#16979,#8396);
#6747=LINE('',#16981,#8397);
#6748=LINE('',#16983,#8398);
#6749=LINE('',#16985,#8399);
#6750=LINE('',#16986,#8400);
#6751=LINE('',#16988,#8401);
#6752=LINE('',#16991,#8402);
#6753=LINE('',#16993,#8403);
#6754=LINE('',#16995,#8404);
#6755=LINE('',#16997,#8405);
#6756=LINE('',#16999,#8406);
#6757=LINE('',#17001,#8407);
#6758=LINE('',#17003,#8408);
#6759=LINE('',#17005,#8409);
#6760=LINE('',#17007,#8410);
#6761=LINE('',#17009,#8411);
#6762=LINE('',#17011,#8412);
#6763=LINE('',#17013,#8413);
#6764=LINE('',#17015,#8414);
#6765=LINE('',#17017,#8415);
#6766=LINE('',#17019,#8416);
#6767=LINE('',#17021,#8417);
#6768=LINE('',#17022,#8418);
#6769=LINE('',#17024,#8419);
#6770=LINE('',#17027,#8420);
#6771=LINE('',#17029,#8421);
#6772=LINE('',#17031,#8422);
#6773=LINE('',#17033,#8423);
#6774=LINE('',#17035,#8424);
#6775=LINE('',#17037,#8425);
#6776=LINE('',#17039,#8426);
#6777=LINE('',#17041,#8427);
#6778=LINE('',#17043,#8428);
#6779=LINE('',#17045,#8429);
#6780=LINE('',#17047,#8430);
#6781=LINE('',#17049,#8431);
#6782=LINE('',#17051,#8432);
#6783=LINE('',#17053,#8433);
#6784=LINE('',#17055,#8434);
#6785=LINE('',#17057,#8435);
#6786=LINE('',#17058,#8436);
#6787=LINE('',#17060,#8437);
#6788=LINE('',#17063,#8438);
#6789=LINE('',#17065,#8439);
#6790=LINE('',#17067,#8440);
#6791=LINE('',#17069,#8441);
#6792=LINE('',#17071,#8442);
#6793=LINE('',#17073,#8443);
#6794=LINE('',#17075,#8444);
#6795=LINE('',#17077,#8445);
#6796=LINE('',#17079,#8446);
#6797=LINE('',#17081,#8447);
#6798=LINE('',#17083,#8448);
#6799=LINE('',#17085,#8449);
#6800=LINE('',#17087,#8450);
#6801=LINE('',#17089,#8451);
#6802=LINE('',#17091,#8452);
#6803=LINE('',#17093,#8453);
#6804=LINE('',#17094,#8454);
#6805=LINE('',#17096,#8455);
#6806=LINE('',#17099,#8456);
#6807=LINE('',#17101,#8457);
#6808=LINE('',#17103,#8458);
#6809=LINE('',#17105,#8459);
#6810=LINE('',#17107,#8460);
#6811=LINE('',#17109,#8461);
#6812=LINE('',#17111,#8462);
#6813=LINE('',#17113,#8463);
#6814=LINE('',#17115,#8464);
#6815=LINE('',#17117,#8465);
#6816=LINE('',#17119,#8466);
#6817=LINE('',#17121,#8467);
#6818=LINE('',#17123,#8468);
#6819=LINE('',#17125,#8469);
#6820=LINE('',#17127,#8470);
#6821=LINE('',#17129,#8471);
#6822=LINE('',#17130,#8472);
#6823=LINE('',#17132,#8473);
#6824=LINE('',#17135,#8474);
#6825=LINE('',#17137,#8475);
#6826=LINE('',#17139,#8476);
#6827=LINE('',#17141,#8477);
#6828=LINE('',#17143,#8478);
#6829=LINE('',#17145,#8479);
#6830=LINE('',#17147,#8480);
#6831=LINE('',#17149,#8481);
#6832=LINE('',#17151,#8482);
#6833=LINE('',#17153,#8483);
#6834=LINE('',#17155,#8484);
#6835=LINE('',#17157,#8485);
#6836=LINE('',#17159,#8486);
#6837=LINE('',#17161,#8487);
#6838=LINE('',#17163,#8488);
#6839=LINE('',#17165,#8489);
#6840=LINE('',#17166,#8490);
#6841=LINE('',#17168,#8491);
#6842=LINE('',#17171,#8492);
#6843=LINE('',#17173,#8493);
#6844=LINE('',#17175,#8494);
#6845=LINE('',#17177,#8495);
#6846=LINE('',#17179,#8496);
#6847=LINE('',#17181,#8497);
#6848=LINE('',#17183,#8498);
#6849=LINE('',#17185,#8499);
#6850=LINE('',#17187,#8500);
#6851=LINE('',#17189,#8501);
#6852=LINE('',#17191,#8502);
#6853=LINE('',#17193,#8503);
#6854=LINE('',#17195,#8504);
#6855=LINE('',#17197,#8505);
#6856=LINE('',#17199,#8506);
#6857=LINE('',#17201,#8507);
#6858=LINE('',#17202,#8508);
#6859=LINE('',#17204,#8509);
#6860=LINE('',#17207,#8510);
#6861=LINE('',#17209,#8511);
#6862=LINE('',#17211,#8512);
#6863=LINE('',#17213,#8513);
#6864=LINE('',#17215,#8514);
#6865=LINE('',#17217,#8515);
#6866=LINE('',#17219,#8516);
#6867=LINE('',#17221,#8517);
#6868=LINE('',#17223,#8518);
#6869=LINE('',#17225,#8519);
#6870=LINE('',#17227,#8520);
#6871=LINE('',#17229,#8521);
#6872=LINE('',#17231,#8522);
#6873=LINE('',#17233,#8523);
#6874=LINE('',#17235,#8524);
#6875=LINE('',#17237,#8525);
#6876=LINE('',#17238,#8526);
#6877=LINE('',#17240,#8527);
#6878=LINE('',#17243,#8528);
#6879=LINE('',#17245,#8529);
#6880=LINE('',#17247,#8530);
#6881=LINE('',#17249,#8531);
#6882=LINE('',#17251,#8532);
#6883=LINE('',#17253,#8533);
#6884=LINE('',#17255,#8534);
#6885=LINE('',#17257,#8535);
#6886=LINE('',#17259,#8536);
#6887=LINE('',#17261,#8537);
#6888=LINE('',#17263,#8538);
#6889=LINE('',#17265,#8539);
#6890=LINE('',#17267,#8540);
#6891=LINE('',#17269,#8541);
#6892=LINE('',#17271,#8542);
#6893=LINE('',#17273,#8543);
#6894=LINE('',#17274,#8544);
#6895=LINE('',#17276,#8545);
#6896=LINE('',#17279,#8546);
#6897=LINE('',#17281,#8547);
#6898=LINE('',#17283,#8548);
#6899=LINE('',#17285,#8549);
#6900=LINE('',#17287,#8550);
#6901=LINE('',#17289,#8551);
#6902=LINE('',#17291,#8552);
#6903=LINE('',#17293,#8553);
#6904=LINE('',#17295,#8554);
#6905=LINE('',#17297,#8555);
#6906=LINE('',#17299,#8556);
#6907=LINE('',#17301,#8557);
#6908=LINE('',#17303,#8558);
#6909=LINE('',#17305,#8559);
#6910=LINE('',#17307,#8560);
#6911=LINE('',#17309,#8561);
#6912=LINE('',#17310,#8562);
#6913=LINE('',#17312,#8563);
#6914=LINE('',#17315,#8564);
#6915=LINE('',#17317,#8565);
#6916=LINE('',#17319,#8566);
#6917=LINE('',#17321,#8567);
#6918=LINE('',#17323,#8568);
#6919=LINE('',#17325,#8569);
#6920=LINE('',#17327,#8570);
#6921=LINE('',#17329,#8571);
#6922=LINE('',#17331,#8572);
#6923=LINE('',#17333,#8573);
#6924=LINE('',#17335,#8574);
#6925=LINE('',#17337,#8575);
#6926=LINE('',#17339,#8576);
#6927=LINE('',#17341,#8577);
#6928=LINE('',#17343,#8578);
#6929=LINE('',#17345,#8579);
#6930=LINE('',#17346,#8580);
#6931=LINE('',#17348,#8581);
#6932=LINE('',#17351,#8582);
#6933=LINE('',#17353,#8583);
#6934=LINE('',#17355,#8584);
#6935=LINE('',#17357,#8585);
#6936=LINE('',#17359,#8586);
#6937=LINE('',#17361,#8587);
#6938=LINE('',#17363,#8588);
#6939=LINE('',#17365,#8589);
#6940=LINE('',#17367,#8590);
#6941=LINE('',#17369,#8591);
#6942=LINE('',#17371,#8592);
#6943=LINE('',#17373,#8593);
#6944=LINE('',#17375,#8594);
#6945=LINE('',#17377,#8595);
#6946=LINE('',#17379,#8596);
#6947=LINE('',#17381,#8597);
#6948=LINE('',#17382,#8598);
#6949=LINE('',#17384,#8599);
#6950=LINE('',#17387,#8600);
#6951=LINE('',#17389,#8601);
#6952=LINE('',#17391,#8602);
#6953=LINE('',#17393,#8603);
#6954=LINE('',#17395,#8604);
#6955=LINE('',#17397,#8605);
#6956=LINE('',#17399,#8606);
#6957=LINE('',#17401,#8607);
#6958=LINE('',#17403,#8608);
#6959=LINE('',#17405,#8609);
#6960=LINE('',#17407,#8610);
#6961=LINE('',#17409,#8611);
#6962=LINE('',#17411,#8612);
#6963=LINE('',#17413,#8613);
#6964=LINE('',#17415,#8614);
#6965=LINE('',#17417,#8615);
#6966=LINE('',#17418,#8616);
#6967=LINE('',#17420,#8617);
#6968=LINE('',#17423,#8618);
#6969=LINE('',#17425,#8619);
#6970=LINE('',#17427,#8620);
#6971=LINE('',#17429,#8621);
#6972=LINE('',#17431,#8622);
#6973=LINE('',#17433,#8623);
#6974=LINE('',#17435,#8624);
#6975=LINE('',#17437,#8625);
#6976=LINE('',#17439,#8626);
#6977=LINE('',#17441,#8627);
#6978=LINE('',#17443,#8628);
#6979=LINE('',#17445,#8629);
#6980=LINE('',#17447,#8630);
#6981=LINE('',#17449,#8631);
#6982=LINE('',#17451,#8632);
#6983=LINE('',#17453,#8633);
#6984=LINE('',#17454,#8634);
#6985=LINE('',#17456,#8635);
#6986=LINE('',#17459,#8636);
#6987=LINE('',#17461,#8637);
#6988=LINE('',#17463,#8638);
#6989=LINE('',#17465,#8639);
#6990=LINE('',#17467,#8640);
#6991=LINE('',#17469,#8641);
#6992=LINE('',#17471,#8642);
#6993=LINE('',#17473,#8643);
#6994=LINE('',#17475,#8644);
#6995=LINE('',#17477,#8645);
#6996=LINE('',#17479,#8646);
#6997=LINE('',#17481,#8647);
#6998=LINE('',#17483,#8648);
#6999=LINE('',#17485,#8649);
#7000=LINE('',#17487,#8650);
#7001=LINE('',#17489,#8651);
#7002=LINE('',#17490,#8652);
#7003=LINE('',#17492,#8653);
#7004=LINE('',#17495,#8654);
#7005=LINE('',#17497,#8655);
#7006=LINE('',#17499,#8656);
#7007=LINE('',#17501,#8657);
#7008=LINE('',#17503,#8658);
#7009=LINE('',#17505,#8659);
#7010=LINE('',#17507,#8660);
#7011=LINE('',#17509,#8661);
#7012=LINE('',#17511,#8662);
#7013=LINE('',#17513,#8663);
#7014=LINE('',#17515,#8664);
#7015=LINE('',#17517,#8665);
#7016=LINE('',#17519,#8666);
#7017=LINE('',#17521,#8667);
#7018=LINE('',#17523,#8668);
#7019=LINE('',#17525,#8669);
#7020=LINE('',#17526,#8670);
#7021=LINE('',#17528,#8671);
#7022=LINE('',#17531,#8672);
#7023=LINE('',#17533,#8673);
#7024=LINE('',#17535,#8674);
#7025=LINE('',#17537,#8675);
#7026=LINE('',#17539,#8676);
#7027=LINE('',#17541,#8677);
#7028=LINE('',#17543,#8678);
#7029=LINE('',#17545,#8679);
#7030=LINE('',#17547,#8680);
#7031=LINE('',#17549,#8681);
#7032=LINE('',#17551,#8682);
#7033=LINE('',#17553,#8683);
#7034=LINE('',#17555,#8684);
#7035=LINE('',#17557,#8685);
#7036=LINE('',#17559,#8686);
#7037=LINE('',#17561,#8687);
#7038=LINE('',#17562,#8688);
#7039=LINE('',#17564,#8689);
#7040=LINE('',#17567,#8690);
#7041=LINE('',#17569,#8691);
#7042=LINE('',#17571,#8692);
#7043=LINE('',#17573,#8693);
#7044=LINE('',#17575,#8694);
#7045=LINE('',#17577,#8695);
#7046=LINE('',#17579,#8696);
#7047=LINE('',#17581,#8697);
#7048=LINE('',#17583,#8698);
#7049=LINE('',#17585,#8699);
#7050=LINE('',#17587,#8700);
#7051=LINE('',#17589,#8701);
#7052=LINE('',#17591,#8702);
#7053=LINE('',#17593,#8703);
#7054=LINE('',#17595,#8704);
#7055=LINE('',#17597,#8705);
#7056=LINE('',#17598,#8706);
#7057=LINE('',#17600,#8707);
#7058=LINE('',#17603,#8708);
#7059=LINE('',#17605,#8709);
#7060=LINE('',#17607,#8710);
#7061=LINE('',#17609,#8711);
#7062=LINE('',#17611,#8712);
#7063=LINE('',#17613,#8713);
#7064=LINE('',#17615,#8714);
#7065=LINE('',#17617,#8715);
#7066=LINE('',#17619,#8716);
#7067=LINE('',#17621,#8717);
#7068=LINE('',#17623,#8718);
#7069=LINE('',#17625,#8719);
#7070=LINE('',#17627,#8720);
#7071=LINE('',#17629,#8721);
#7072=LINE('',#17631,#8722);
#7073=LINE('',#17633,#8723);
#7074=LINE('',#17634,#8724);
#7075=LINE('',#17636,#8725);
#7076=LINE('',#17639,#8726);
#7077=LINE('',#17641,#8727);
#7078=LINE('',#17643,#8728);
#7079=LINE('',#17645,#8729);
#7080=LINE('',#17647,#8730);
#7081=LINE('',#17649,#8731);
#7082=LINE('',#17651,#8732);
#7083=LINE('',#17653,#8733);
#7084=LINE('',#17655,#8734);
#7085=LINE('',#17657,#8735);
#7086=LINE('',#17659,#8736);
#7087=LINE('',#17661,#8737);
#7088=LINE('',#17663,#8738);
#7089=LINE('',#17665,#8739);
#7090=LINE('',#17667,#8740);
#7091=LINE('',#17669,#8741);
#7092=LINE('',#17670,#8742);
#7093=LINE('',#17672,#8743);
#7094=LINE('',#17675,#8744);
#7095=LINE('',#17677,#8745);
#7096=LINE('',#17679,#8746);
#7097=LINE('',#17681,#8747);
#7098=LINE('',#17683,#8748);
#7099=LINE('',#17685,#8749);
#7100=LINE('',#17687,#8750);
#7101=LINE('',#17689,#8751);
#7102=LINE('',#17691,#8752);
#7103=LINE('',#17693,#8753);
#7104=LINE('',#17695,#8754);
#7105=LINE('',#17697,#8755);
#7106=LINE('',#17699,#8756);
#7107=LINE('',#17701,#8757);
#7108=LINE('',#17703,#8758);
#7109=LINE('',#17705,#8759);
#7110=LINE('',#17706,#8760);
#7111=LINE('',#17708,#8761);
#7112=LINE('',#17711,#8762);
#7113=LINE('',#17713,#8763);
#7114=LINE('',#17715,#8764);
#7115=LINE('',#17717,#8765);
#7116=LINE('',#17719,#8766);
#7117=LINE('',#17721,#8767);
#7118=LINE('',#17723,#8768);
#7119=LINE('',#17725,#8769);
#7120=LINE('',#17727,#8770);
#7121=LINE('',#17729,#8771);
#7122=LINE('',#17731,#8772);
#7123=LINE('',#17733,#8773);
#7124=LINE('',#17735,#8774);
#7125=LINE('',#17737,#8775);
#7126=LINE('',#17739,#8776);
#7127=LINE('',#17741,#8777);
#7128=LINE('',#17742,#8778);
#7129=LINE('',#17744,#8779);
#7130=LINE('',#17747,#8780);
#7131=LINE('',#17749,#8781);
#7132=LINE('',#17751,#8782);
#7133=LINE('',#17753,#8783);
#7134=LINE('',#17755,#8784);
#7135=LINE('',#17757,#8785);
#7136=LINE('',#17759,#8786);
#7137=LINE('',#17761,#8787);
#7138=LINE('',#17763,#8788);
#7139=LINE('',#17765,#8789);
#7140=LINE('',#17767,#8790);
#7141=LINE('',#17769,#8791);
#7142=LINE('',#17771,#8792);
#7143=LINE('',#17773,#8793);
#7144=LINE('',#17775,#8794);
#7145=LINE('',#17777,#8795);
#7146=LINE('',#17778,#8796);
#7147=LINE('',#17780,#8797);
#7148=LINE('',#17783,#8798);
#7149=LINE('',#17785,#8799);
#7150=LINE('',#17787,#8800);
#7151=LINE('',#17789,#8801);
#7152=LINE('',#17791,#8802);
#7153=LINE('',#17793,#8803);
#7154=LINE('',#17795,#8804);
#7155=LINE('',#17797,#8805);
#7156=LINE('',#17799,#8806);
#7157=LINE('',#17801,#8807);
#7158=LINE('',#17803,#8808);
#7159=LINE('',#17805,#8809);
#7160=LINE('',#17807,#8810);
#7161=LINE('',#17809,#8811);
#7162=LINE('',#17811,#8812);
#7163=LINE('',#17813,#8813);
#7164=LINE('',#17814,#8814);
#7165=LINE('',#17816,#8815);
#7166=LINE('',#17819,#8816);
#7167=LINE('',#17821,#8817);
#7168=LINE('',#17823,#8818);
#7169=LINE('',#17825,#8819);
#7170=LINE('',#17827,#8820);
#7171=LINE('',#17829,#8821);
#7172=LINE('',#17831,#8822);
#7173=LINE('',#17833,#8823);
#7174=LINE('',#17835,#8824);
#7175=LINE('',#17837,#8825);
#7176=LINE('',#17839,#8826);
#7177=LINE('',#17841,#8827);
#7178=LINE('',#17843,#8828);
#7179=LINE('',#17845,#8829);
#7180=LINE('',#17847,#8830);
#7181=LINE('',#17849,#8831);
#7182=LINE('',#17850,#8832);
#7183=LINE('',#17852,#8833);
#7184=LINE('',#17855,#8834);
#7185=LINE('',#17857,#8835);
#7186=LINE('',#17859,#8836);
#7187=LINE('',#17861,#8837);
#7188=LINE('',#17863,#8838);
#7189=LINE('',#17865,#8839);
#7190=LINE('',#17867,#8840);
#7191=LINE('',#17869,#8841);
#7192=LINE('',#17871,#8842);
#7193=LINE('',#17873,#8843);
#7194=LINE('',#17875,#8844);
#7195=LINE('',#17877,#8845);
#7196=LINE('',#17879,#8846);
#7197=LINE('',#17881,#8847);
#7198=LINE('',#17883,#8848);
#7199=LINE('',#17885,#8849);
#7200=LINE('',#17886,#8850);
#7201=LINE('',#17888,#8851);
#7202=LINE('',#17891,#8852);
#7203=LINE('',#17893,#8853);
#7204=LINE('',#17895,#8854);
#7205=LINE('',#17897,#8855);
#7206=LINE('',#17899,#8856);
#7207=LINE('',#17901,#8857);
#7208=LINE('',#17903,#8858);
#7209=LINE('',#17905,#8859);
#7210=LINE('',#17907,#8860);
#7211=LINE('',#17909,#8861);
#7212=LINE('',#17911,#8862);
#7213=LINE('',#17913,#8863);
#7214=LINE('',#17915,#8864);
#7215=LINE('',#17917,#8865);
#7216=LINE('',#17919,#8866);
#7217=LINE('',#17921,#8867);
#7218=LINE('',#17922,#8868);
#7219=LINE('',#17924,#8869);
#7220=LINE('',#17927,#8870);
#7221=LINE('',#17929,#8871);
#7222=LINE('',#17931,#8872);
#7223=LINE('',#17933,#8873);
#7224=LINE('',#17935,#8874);
#7225=LINE('',#17937,#8875);
#7226=LINE('',#17939,#8876);
#7227=LINE('',#17941,#8877);
#7228=LINE('',#17943,#8878);
#7229=LINE('',#17945,#8879);
#7230=LINE('',#17947,#8880);
#7231=LINE('',#17949,#8881);
#7232=LINE('',#17951,#8882);
#7233=LINE('',#17953,#8883);
#7234=LINE('',#17955,#8884);
#7235=LINE('',#17957,#8885);
#7236=LINE('',#17958,#8886);
#7237=LINE('',#17960,#8887);
#7238=LINE('',#17963,#8888);
#7239=LINE('',#17965,#8889);
#7240=LINE('',#17967,#8890);
#7241=LINE('',#17969,#8891);
#7242=LINE('',#17971,#8892);
#7243=LINE('',#17973,#8893);
#7244=LINE('',#17975,#8894);
#7245=LINE('',#17977,#8895);
#7246=LINE('',#17979,#8896);
#7247=LINE('',#17981,#8897);
#7248=LINE('',#17983,#8898);
#7249=LINE('',#17985,#8899);
#7250=LINE('',#17987,#8900);
#7251=LINE('',#17989,#8901);
#7252=LINE('',#17991,#8902);
#7253=LINE('',#17993,#8903);
#7254=LINE('',#17994,#8904);
#7255=LINE('',#17996,#8905);
#7256=LINE('',#17999,#8906);
#7257=LINE('',#18001,#8907);
#7258=LINE('',#18003,#8908);
#7259=LINE('',#18005,#8909);
#7260=LINE('',#18007,#8910);
#7261=LINE('',#18009,#8911);
#7262=LINE('',#18011,#8912);
#7263=LINE('',#18013,#8913);
#7264=LINE('',#18015,#8914);
#7265=LINE('',#18017,#8915);
#7266=LINE('',#18019,#8916);
#7267=LINE('',#18021,#8917);
#7268=LINE('',#18023,#8918);
#7269=LINE('',#18025,#8919);
#7270=LINE('',#18027,#8920);
#7271=LINE('',#18029,#8921);
#7272=LINE('',#18030,#8922);
#7273=LINE('',#18032,#8923);
#7274=LINE('',#18035,#8924);
#7275=LINE('',#18037,#8925);
#7276=LINE('',#18039,#8926);
#7277=LINE('',#18041,#8927);
#7278=LINE('',#18043,#8928);
#7279=LINE('',#18045,#8929);
#7280=LINE('',#18047,#8930);
#7281=LINE('',#18049,#8931);
#7282=LINE('',#18051,#8932);
#7283=LINE('',#18053,#8933);
#7284=LINE('',#18055,#8934);
#7285=LINE('',#18057,#8935);
#7286=LINE('',#18059,#8936);
#7287=LINE('',#18061,#8937);
#7288=LINE('',#18063,#8938);
#7289=LINE('',#18065,#8939);
#7290=LINE('',#18066,#8940);
#7291=LINE('',#18068,#8941);
#7292=LINE('',#18071,#8942);
#7293=LINE('',#18073,#8943);
#7294=LINE('',#18075,#8944);
#7295=LINE('',#18077,#8945);
#7296=LINE('',#18079,#8946);
#7297=LINE('',#18081,#8947);
#7298=LINE('',#18083,#8948);
#7299=LINE('',#18085,#8949);
#7300=LINE('',#18087,#8950);
#7301=LINE('',#18089,#8951);
#7302=LINE('',#18091,#8952);
#7303=LINE('',#18093,#8953);
#7304=LINE('',#18095,#8954);
#7305=LINE('',#18097,#8955);
#7306=LINE('',#18099,#8956);
#7307=LINE('',#18101,#8957);
#7308=LINE('',#18102,#8958);
#7309=LINE('',#18104,#8959);
#7310=LINE('',#18107,#8960);
#7311=LINE('',#18109,#8961);
#7312=LINE('',#18111,#8962);
#7313=LINE('',#18113,#8963);
#7314=LINE('',#18115,#8964);
#7315=LINE('',#18117,#8965);
#7316=LINE('',#18119,#8966);
#7317=LINE('',#18121,#8967);
#7318=LINE('',#18123,#8968);
#7319=LINE('',#18125,#8969);
#7320=LINE('',#18127,#8970);
#7321=LINE('',#18129,#8971);
#7322=LINE('',#18131,#8972);
#7323=LINE('',#18133,#8973);
#7324=LINE('',#18135,#8974);
#7325=LINE('',#18137,#8975);
#7326=LINE('',#18138,#8976);
#7327=LINE('',#18140,#8977);
#7328=LINE('',#18143,#8978);
#7329=LINE('',#18145,#8979);
#7330=LINE('',#18147,#8980);
#7331=LINE('',#18149,#8981);
#7332=LINE('',#18151,#8982);
#7333=LINE('',#18153,#8983);
#7334=LINE('',#18155,#8984);
#7335=LINE('',#18157,#8985);
#7336=LINE('',#18159,#8986);
#7337=LINE('',#18161,#8987);
#7338=LINE('',#18163,#8988);
#7339=LINE('',#18165,#8989);
#7340=LINE('',#18167,#8990);
#7341=LINE('',#18169,#8991);
#7342=LINE('',#18171,#8992);
#7343=LINE('',#18173,#8993);
#7344=LINE('',#18174,#8994);
#7345=LINE('',#18176,#8995);
#7346=LINE('',#18179,#8996);
#7347=LINE('',#18181,#8997);
#7348=LINE('',#18183,#8998);
#7349=LINE('',#18185,#8999);
#7350=LINE('',#18187,#9000);
#7351=LINE('',#18189,#9001);
#7352=LINE('',#18191,#9002);
#7353=LINE('',#18193,#9003);
#7354=LINE('',#18195,#9004);
#7355=LINE('',#18197,#9005);
#7356=LINE('',#18199,#9006);
#7357=LINE('',#18201,#9007);
#7358=LINE('',#18203,#9008);
#7359=LINE('',#18205,#9009);
#7360=LINE('',#18207,#9010);
#7361=LINE('',#18209,#9011);
#7362=LINE('',#18210,#9012);
#7363=LINE('',#18212,#9013);
#7364=LINE('',#18215,#9014);
#7365=LINE('',#18217,#9015);
#7366=LINE('',#18219,#9016);
#7367=LINE('',#18221,#9017);
#7368=LINE('',#18223,#9018);
#7369=LINE('',#18225,#9019);
#7370=LINE('',#18227,#9020);
#7371=LINE('',#18229,#9021);
#7372=LINE('',#18231,#9022);
#7373=LINE('',#18233,#9023);
#7374=LINE('',#18235,#9024);
#7375=LINE('',#18237,#9025);
#7376=LINE('',#18239,#9026);
#7377=LINE('',#18241,#9027);
#7378=LINE('',#18243,#9028);
#7379=LINE('',#18245,#9029);
#7380=LINE('',#18247,#9030);
#7381=LINE('',#18249,#9031);
#7382=LINE('',#18251,#9032);
#7383=LINE('',#18253,#9033);
#7384=LINE('',#18254,#9034);
#7385=LINE('',#18256,#9035);
#7386=LINE('',#18259,#9036);
#7387=LINE('',#18261,#9037);
#7388=LINE('',#18263,#9038);
#7389=LINE('',#18265,#9039);
#7390=LINE('',#18267,#9040);
#7391=LINE('',#18269,#9041);
#7392=LINE('',#18271,#9042);
#7393=LINE('',#18273,#9043);
#7394=LINE('',#18275,#9044);
#7395=LINE('',#18277,#9045);
#7396=LINE('',#18279,#9046);
#7397=LINE('',#18281,#9047);
#7398=LINE('',#18283,#9048);
#7399=LINE('',#18285,#9049);
#7400=LINE('',#18287,#9050);
#7401=LINE('',#18289,#9051);
#7402=LINE('',#18290,#9052);
#7403=LINE('',#18292,#9053);
#7404=LINE('',#18295,#9054);
#7405=LINE('',#18297,#9055);
#7406=LINE('',#18299,#9056);
#7407=LINE('',#18301,#9057);
#7408=LINE('',#18303,#9058);
#7409=LINE('',#18305,#9059);
#7410=LINE('',#18307,#9060);
#7411=LINE('',#18309,#9061);
#7412=LINE('',#18311,#9062);
#7413=LINE('',#18313,#9063);
#7414=LINE('',#18315,#9064);
#7415=LINE('',#18317,#9065);
#7416=LINE('',#18319,#9066);
#7417=LINE('',#18321,#9067);
#7418=LINE('',#18323,#9068);
#7419=LINE('',#18325,#9069);
#7420=LINE('',#18326,#9070);
#7421=LINE('',#18328,#9071);
#7422=LINE('',#18331,#9072);
#7423=LINE('',#18333,#9073);
#7424=LINE('',#18335,#9074);
#7425=LINE('',#18337,#9075);
#7426=LINE('',#18339,#9076);
#7427=LINE('',#18341,#9077);
#7428=LINE('',#18343,#9078);
#7429=LINE('',#18345,#9079);
#7430=LINE('',#18347,#9080);
#7431=LINE('',#18349,#9081);
#7432=LINE('',#18351,#9082);
#7433=LINE('',#18353,#9083);
#7434=LINE('',#18355,#9084);
#7435=LINE('',#18357,#9085);
#7436=LINE('',#18359,#9086);
#7437=LINE('',#18361,#9087);
#7438=LINE('',#18362,#9088);
#7439=LINE('',#18364,#9089);
#7440=LINE('',#18367,#9090);
#7441=LINE('',#18369,#9091);
#7442=LINE('',#18371,#9092);
#7443=LINE('',#18373,#9093);
#7444=LINE('',#18375,#9094);
#7445=LINE('',#18377,#9095);
#7446=LINE('',#18379,#9096);
#7447=LINE('',#18381,#9097);
#7448=LINE('',#18383,#9098);
#7449=LINE('',#18385,#9099);
#7450=LINE('',#18387,#9100);
#7451=LINE('',#18389,#9101);
#7452=LINE('',#18391,#9102);
#7453=LINE('',#18393,#9103);
#7454=LINE('',#18395,#9104);
#7455=LINE('',#18397,#9105);
#7456=LINE('',#18398,#9106);
#7457=LINE('',#18400,#9107);
#7458=LINE('',#18403,#9108);
#7459=LINE('',#18405,#9109);
#7460=LINE('',#18407,#9110);
#7461=LINE('',#18409,#9111);
#7462=LINE('',#18411,#9112);
#7463=LINE('',#18413,#9113);
#7464=LINE('',#18415,#9114);
#7465=LINE('',#18417,#9115);
#7466=LINE('',#18419,#9116);
#7467=LINE('',#18421,#9117);
#7468=LINE('',#18423,#9118);
#7469=LINE('',#18425,#9119);
#7470=LINE('',#18427,#9120);
#7471=LINE('',#18429,#9121);
#7472=LINE('',#18431,#9122);
#7473=LINE('',#18433,#9123);
#7474=LINE('',#18434,#9124);
#7475=LINE('',#18436,#9125);
#7476=LINE('',#18439,#9126);
#7477=LINE('',#18441,#9127);
#7478=LINE('',#18443,#9128);
#7479=LINE('',#18445,#9129);
#7480=LINE('',#18447,#9130);
#7481=LINE('',#18449,#9131);
#7482=LINE('',#18450,#9132);
#7483=LINE('',#18452,#9133);
#7484=LINE('',#18454,#9134);
#7485=LINE('',#18456,#9135);
#7486=LINE('',#18458,#9136);
#7487=LINE('',#18460,#9137);
#7488=LINE('',#18462,#9138);
#7489=LINE('',#18464,#9139);
#7490=LINE('',#18466,#9140);
#7491=LINE('',#18468,#9141);
#7492=LINE('',#18470,#9142);
#7493=LINE('',#18472,#9143);
#7494=LINE('',#18474,#9144);
#7495=LINE('',#18475,#9145);
#7496=LINE('',#18477,#9146);
#7497=LINE('',#18480,#9147);
#7498=LINE('',#18482,#9148);
#7499=LINE('',#18484,#9149);
#7500=LINE('',#18486,#9150);
#7501=LINE('',#18488,#9151);
#7502=LINE('',#18490,#9152);
#7503=LINE('',#18492,#9153);
#7504=LINE('',#18494,#9154);
#7505=LINE('',#18496,#9155);
#7506=LINE('',#18498,#9156);
#7507=LINE('',#18500,#9157);
#7508=LINE('',#18502,#9158);
#7509=LINE('',#18504,#9159);
#7510=LINE('',#18506,#9160);
#7511=LINE('',#18508,#9161);
#7512=LINE('',#18510,#9162);
#7513=LINE('',#18511,#9163);
#7514=LINE('',#18513,#9164);
#7515=LINE('',#18516,#9165);
#7516=LINE('',#18518,#9166);
#7517=LINE('',#18520,#9167);
#7518=LINE('',#18522,#9168);
#7519=LINE('',#18524,#9169);
#7520=LINE('',#18526,#9170);
#7521=LINE('',#18528,#9171);
#7522=LINE('',#18530,#9172);
#7523=LINE('',#18532,#9173);
#7524=LINE('',#18534,#9174);
#7525=LINE('',#18536,#9175);
#7526=LINE('',#18538,#9176);
#7527=LINE('',#18540,#9177);
#7528=LINE('',#18542,#9178);
#7529=LINE('',#18544,#9179);
#7530=LINE('',#18546,#9180);
#7531=LINE('',#18547,#9181);
#7532=LINE('',#18549,#9182);
#7533=LINE('',#18552,#9183);
#7534=LINE('',#18554,#9184);
#7535=LINE('',#18556,#9185);
#7536=LINE('',#18558,#9186);
#7537=LINE('',#18560,#9187);
#7538=LINE('',#18562,#9188);
#7539=LINE('',#18564,#9189);
#7540=LINE('',#18566,#9190);
#7541=LINE('',#18568,#9191);
#7542=LINE('',#18570,#9192);
#7543=LINE('',#18572,#9193);
#7544=LINE('',#18574,#9194);
#7545=LINE('',#18576,#9195);
#7546=LINE('',#18578,#9196);
#7547=LINE('',#18580,#9197);
#7548=LINE('',#18582,#9198);
#7549=LINE('',#18583,#9199);
#7550=LINE('',#18585,#9200);
#7551=LINE('',#18588,#9201);
#7552=LINE('',#18590,#9202);
#7553=LINE('',#18592,#9203);
#7554=LINE('',#18594,#9204);
#7555=LINE('',#18596,#9205);
#7556=LINE('',#18598,#9206);
#7557=LINE('',#18600,#9207);
#7558=LINE('',#18602,#9208);
#7559=LINE('',#18604,#9209);
#7560=LINE('',#18606,#9210);
#7561=LINE('',#18608,#9211);
#7562=LINE('',#18610,#9212);
#7563=LINE('',#18612,#9213);
#7564=LINE('',#18614,#9214);
#7565=LINE('',#18616,#9215);
#7566=LINE('',#18618,#9216);
#7567=LINE('',#18619,#9217);
#7568=LINE('',#18621,#9218);
#7569=LINE('',#18624,#9219);
#7570=LINE('',#18626,#9220);
#7571=LINE('',#18628,#9221);
#7572=LINE('',#18630,#9222);
#7573=LINE('',#18632,#9223);
#7574=LINE('',#18634,#9224);
#7575=LINE('',#18636,#9225);
#7576=LINE('',#18638,#9226);
#7577=LINE('',#18640,#9227);
#7578=LINE('',#18642,#9228);
#7579=LINE('',#18644,#9229);
#7580=LINE('',#18646,#9230);
#7581=LINE('',#18648,#9231);
#7582=LINE('',#18650,#9232);
#7583=LINE('',#18652,#9233);
#7584=LINE('',#18654,#9234);
#7585=LINE('',#18655,#9235);
#7586=LINE('',#18657,#9236);
#7587=LINE('',#18660,#9237);
#7588=LINE('',#18662,#9238);
#7589=LINE('',#18664,#9239);
#7590=LINE('',#18666,#9240);
#7591=LINE('',#18668,#9241);
#7592=LINE('',#18670,#9242);
#7593=LINE('',#18672,#9243);
#7594=LINE('',#18674,#9244);
#7595=LINE('',#18676,#9245);
#7596=LINE('',#18678,#9246);
#7597=LINE('',#18680,#9247);
#7598=LINE('',#18682,#9248);
#7599=LINE('',#18684,#9249);
#7600=LINE('',#18686,#9250);
#7601=LINE('',#18688,#9251);
#7602=LINE('',#18690,#9252);
#7603=LINE('',#18691,#9253);
#7604=LINE('',#18693,#9254);
#7605=LINE('',#18696,#9255);
#7606=LINE('',#18698,#9256);
#7607=LINE('',#18700,#9257);
#7608=LINE('',#18702,#9258);
#7609=LINE('',#18704,#9259);
#7610=LINE('',#18706,#9260);
#7611=LINE('',#18708,#9261);
#7612=LINE('',#18710,#9262);
#7613=LINE('',#18712,#9263);
#7614=LINE('',#18714,#9264);
#7615=LINE('',#18716,#9265);
#7616=LINE('',#18718,#9266);
#7617=LINE('',#18720,#9267);
#7618=LINE('',#18722,#9268);
#7619=LINE('',#18724,#9269);
#7620=LINE('',#18726,#9270);
#7621=LINE('',#18727,#9271);
#7622=LINE('',#18729,#9272);
#7623=LINE('',#18732,#9273);
#7624=LINE('',#18734,#9274);
#7625=LINE('',#18736,#9275);
#7626=LINE('',#18738,#9276);
#7627=LINE('',#18740,#9277);
#7628=LINE('',#18742,#9278);
#7629=LINE('',#18744,#9279);
#7630=LINE('',#18746,#9280);
#7631=LINE('',#18748,#9281);
#7632=LINE('',#18750,#9282);
#7633=LINE('',#18752,#9283);
#7634=LINE('',#18754,#9284);
#7635=LINE('',#18756,#9285);
#7636=LINE('',#18758,#9286);
#7637=LINE('',#18760,#9287);
#7638=LINE('',#18762,#9288);
#7639=LINE('',#18763,#9289);
#7640=LINE('',#18765,#9290);
#7641=LINE('',#18768,#9291);
#7642=LINE('',#18770,#9292);
#7643=LINE('',#18772,#9293);
#7644=LINE('',#18774,#9294);
#7645=LINE('',#18776,#9295);
#7646=LINE('',#18778,#9296);
#7647=LINE('',#18780,#9297);
#7648=LINE('',#18782,#9298);
#7649=LINE('',#18784,#9299);
#7650=LINE('',#18786,#9300);
#7651=LINE('',#18788,#9301);
#7652=LINE('',#18790,#9302);
#7653=LINE('',#18792,#9303);
#7654=LINE('',#18794,#9304);
#7655=LINE('',#18796,#9305);
#7656=LINE('',#18798,#9306);
#7657=LINE('',#18799,#9307);
#7658=LINE('',#18801,#9308);
#7659=LINE('',#18804,#9309);
#7660=LINE('',#18806,#9310);
#7661=LINE('',#18808,#9311);
#7662=LINE('',#18810,#9312);
#7663=LINE('',#18812,#9313);
#7664=LINE('',#18814,#9314);
#7665=LINE('',#18816,#9315);
#7666=LINE('',#18818,#9316);
#7667=LINE('',#18820,#9317);
#7668=LINE('',#18822,#9318);
#7669=LINE('',#18824,#9319);
#7670=LINE('',#18826,#9320);
#7671=LINE('',#18828,#9321);
#7672=LINE('',#18830,#9322);
#7673=LINE('',#18832,#9323);
#7674=LINE('',#18834,#9324);
#7675=LINE('',#18835,#9325);
#7676=LINE('',#18837,#9326);
#7677=LINE('',#18840,#9327);
#7678=LINE('',#18842,#9328);
#7679=LINE('',#18844,#9329);
#7680=LINE('',#18846,#9330);
#7681=LINE('',#18848,#9331);
#7682=LINE('',#18850,#9332);
#7683=LINE('',#18852,#9333);
#7684=LINE('',#18854,#9334);
#7685=LINE('',#18856,#9335);
#7686=LINE('',#18858,#9336);
#7687=LINE('',#18860,#9337);
#7688=LINE('',#18862,#9338);
#7689=LINE('',#18864,#9339);
#7690=LINE('',#18866,#9340);
#7691=LINE('',#18868,#9341);
#7692=LINE('',#18870,#9342);
#7693=LINE('',#18871,#9343);
#7694=LINE('',#18873,#9344);
#7695=LINE('',#18876,#9345);
#7696=LINE('',#18878,#9346);
#7697=LINE('',#18880,#9347);
#7698=LINE('',#18882,#9348);
#7699=LINE('',#18884,#9349);
#7700=LINE('',#18886,#9350);
#7701=LINE('',#18888,#9351);
#7702=LINE('',#18890,#9352);
#7703=LINE('',#18892,#9353);
#7704=LINE('',#18894,#9354);
#7705=LINE('',#18896,#9355);
#7706=LINE('',#18898,#9356);
#7707=LINE('',#18900,#9357);
#7708=LINE('',#18902,#9358);
#7709=LINE('',#18904,#9359);
#7710=LINE('',#18906,#9360);
#7711=LINE('',#18907,#9361);
#7712=LINE('',#18909,#9362);
#7713=LINE('',#18912,#9363);
#7714=LINE('',#18914,#9364);
#7715=LINE('',#18916,#9365);
#7716=LINE('',#18918,#9366);
#7717=LINE('',#18920,#9367);
#7718=LINE('',#18922,#9368);
#7719=LINE('',#18924,#9369);
#7720=LINE('',#18926,#9370);
#7721=LINE('',#18928,#9371);
#7722=LINE('',#18930,#9372);
#7723=LINE('',#18932,#9373);
#7724=LINE('',#18934,#9374);
#7725=LINE('',#18936,#9375);
#7726=LINE('',#18938,#9376);
#7727=LINE('',#18940,#9377);
#7728=LINE('',#18942,#9378);
#7729=LINE('',#18943,#9379);
#7730=LINE('',#18945,#9380);
#7731=LINE('',#18948,#9381);
#7732=LINE('',#18950,#9382);
#7733=LINE('',#18952,#9383);
#7734=LINE('',#18954,#9384);
#7735=LINE('',#18956,#9385);
#7736=LINE('',#18958,#9386);
#7737=LINE('',#18960,#9387);
#7738=LINE('',#18962,#9388);
#7739=LINE('',#18964,#9389);
#7740=LINE('',#18966,#9390);
#7741=LINE('',#18968,#9391);
#7742=LINE('',#18970,#9392);
#7743=LINE('',#18972,#9393);
#7744=LINE('',#18974,#9394);
#7745=LINE('',#18976,#9395);
#7746=LINE('',#18978,#9396);
#7747=LINE('',#18979,#9397);
#7748=LINE('',#18981,#9398);
#7749=LINE('',#18984,#9399);
#7750=LINE('',#18986,#9400);
#7751=LINE('',#18988,#9401);
#7752=LINE('',#18990,#9402);
#7753=LINE('',#18992,#9403);
#7754=LINE('',#18994,#9404);
#7755=LINE('',#18996,#9405);
#7756=LINE('',#18998,#9406);
#7757=LINE('',#19000,#9407);
#7758=LINE('',#19002,#9408);
#7759=LINE('',#19004,#9409);
#7760=LINE('',#19006,#9410);
#7761=LINE('',#19008,#9411);
#7762=LINE('',#19010,#9412);
#7763=LINE('',#19012,#9413);
#7764=LINE('',#19014,#9414);
#7765=LINE('',#19015,#9415);
#7766=LINE('',#19017,#9416);
#7767=LINE('',#19020,#9417);
#7768=LINE('',#19022,#9418);
#7769=LINE('',#19024,#9419);
#7770=LINE('',#19026,#9420);
#7771=LINE('',#19028,#9421);
#7772=LINE('',#19030,#9422);
#7773=LINE('',#19032,#9423);
#7774=LINE('',#19034,#9424);
#7775=LINE('',#19036,#9425);
#7776=LINE('',#19038,#9426);
#7777=LINE('',#19040,#9427);
#7778=LINE('',#19042,#9428);
#7779=LINE('',#19044,#9429);
#7780=LINE('',#19046,#9430);
#7781=LINE('',#19048,#9431);
#7782=LINE('',#19050,#9432);
#7783=LINE('',#19051,#9433);
#7784=LINE('',#19053,#9434);
#7785=LINE('',#19056,#9435);
#7786=LINE('',#19058,#9436);
#7787=LINE('',#19060,#9437);
#7788=LINE('',#19062,#9438);
#7789=LINE('',#19064,#9439);
#7790=LINE('',#19066,#9440);
#7791=LINE('',#19068,#9441);
#7792=LINE('',#19070,#9442);
#7793=LINE('',#19072,#9443);
#7794=LINE('',#19074,#9444);
#7795=LINE('',#19076,#9445);
#7796=LINE('',#19078,#9446);
#7797=LINE('',#19080,#9447);
#7798=LINE('',#19082,#9448);
#7799=LINE('',#19084,#9449);
#7800=LINE('',#19086,#9450);
#7801=LINE('',#19087,#9451);
#7802=LINE('',#19089,#9452);
#7803=LINE('',#19092,#9453);
#7804=LINE('',#19094,#9454);
#7805=LINE('',#19096,#9455);
#7806=LINE('',#19098,#9456);
#7807=LINE('',#19100,#9457);
#7808=LINE('',#19102,#9458);
#7809=LINE('',#19104,#9459);
#7810=LINE('',#19106,#9460);
#7811=LINE('',#19108,#9461);
#7812=LINE('',#19110,#9462);
#7813=LINE('',#19112,#9463);
#7814=LINE('',#19114,#9464);
#7815=LINE('',#19116,#9465);
#7816=LINE('',#19118,#9466);
#7817=LINE('',#19120,#9467);
#7818=LINE('',#19122,#9468);
#7819=LINE('',#19123,#9469);
#7820=LINE('',#19125,#9470);
#7821=LINE('',#19128,#9471);
#7822=LINE('',#19130,#9472);
#7823=LINE('',#19132,#9473);
#7824=LINE('',#19134,#9474);
#7825=LINE('',#19136,#9475);
#7826=LINE('',#19138,#9476);
#7827=LINE('',#19140,#9477);
#7828=LINE('',#19142,#9478);
#7829=LINE('',#19144,#9479);
#7830=LINE('',#19146,#9480);
#7831=LINE('',#19148,#9481);
#7832=LINE('',#19150,#9482);
#7833=LINE('',#19152,#9483);
#7834=LINE('',#19154,#9484);
#7835=LINE('',#19156,#9485);
#7836=LINE('',#19158,#9486);
#7837=LINE('',#19159,#9487);
#7838=LINE('',#19161,#9488);
#7839=LINE('',#19164,#9489);
#7840=LINE('',#19166,#9490);
#7841=LINE('',#19168,#9491);
#7842=LINE('',#19170,#9492);
#7843=LINE('',#19172,#9493);
#7844=LINE('',#19174,#9494);
#7845=LINE('',#19176,#9495);
#7846=LINE('',#19178,#9496);
#7847=LINE('',#19180,#9497);
#7848=LINE('',#19182,#9498);
#7849=LINE('',#19184,#9499);
#7850=LINE('',#19186,#9500);
#7851=LINE('',#19188,#9501);
#7852=LINE('',#19190,#9502);
#7853=LINE('',#19192,#9503);
#7854=LINE('',#19194,#9504);
#7855=LINE('',#19195,#9505);
#7856=LINE('',#19197,#9506);
#7857=LINE('',#19200,#9507);
#7858=LINE('',#19202,#9508);
#7859=LINE('',#19204,#9509);
#7860=LINE('',#19206,#9510);
#7861=LINE('',#19208,#9511);
#7862=LINE('',#19210,#9512);
#7863=LINE('',#19212,#9513);
#7864=LINE('',#19214,#9514);
#7865=LINE('',#19216,#9515);
#7866=LINE('',#19218,#9516);
#7867=LINE('',#19220,#9517);
#7868=LINE('',#19222,#9518);
#7869=LINE('',#19224,#9519);
#7870=LINE('',#19226,#9520);
#7871=LINE('',#19228,#9521);
#7872=LINE('',#19230,#9522);
#7873=LINE('',#19231,#9523);
#7874=LINE('',#19233,#9524);
#7875=LINE('',#19236,#9525);
#7876=LINE('',#19238,#9526);
#7877=LINE('',#19240,#9527);
#7878=LINE('',#19242,#9528);
#7879=LINE('',#19244,#9529);
#7880=LINE('',#19246,#9530);
#7881=LINE('',#19248,#9531);
#7882=LINE('',#19250,#9532);
#7883=LINE('',#19252,#9533);
#7884=LINE('',#19254,#9534);
#7885=LINE('',#19256,#9535);
#7886=LINE('',#19258,#9536);
#7887=LINE('',#19260,#9537);
#7888=LINE('',#19262,#9538);
#7889=LINE('',#19264,#9539);
#7890=LINE('',#19266,#9540);
#7891=LINE('',#19267,#9541);
#7892=LINE('',#19269,#9542);
#7893=LINE('',#19272,#9543);
#7894=LINE('',#19274,#9544);
#7895=LINE('',#19276,#9545);
#7896=LINE('',#19278,#9546);
#7897=LINE('',#19280,#9547);
#7898=LINE('',#19282,#9548);
#7899=LINE('',#19284,#9549);
#7900=LINE('',#19286,#9550);
#7901=LINE('',#19288,#9551);
#7902=LINE('',#19290,#9552);
#7903=LINE('',#19292,#9553);
#7904=LINE('',#19294,#9554);
#7905=LINE('',#19296,#9555);
#7906=LINE('',#19298,#9556);
#7907=LINE('',#19300,#9557);
#7908=LINE('',#19302,#9558);
#7909=LINE('',#19303,#9559);
#7910=LINE('',#19309,#9560);
#7911=LINE('',#19312,#9561);
#7912=LINE('',#19314,#9562);
#7913=LINE('',#19316,#9563);
#7914=LINE('',#19318,#9564);
#7915=LINE('',#19320,#9565);
#7916=LINE('',#19325,#9566);
#7917=LINE('',#19327,#9567);
#7918=LINE('',#19328,#9568);
#7919=LINE('',#19330,#9569);
#7920=LINE('',#19332,#9570);
#7921=LINE('',#19334,#9571);
#7922=LINE('',#19336,#9572);
#7923=LINE('',#19338,#9573);
#7924=LINE('',#19340,#9574);
#7925=LINE('',#19342,#9575);
#7926=LINE('',#19344,#9576);
#7927=LINE('',#19346,#9577);
#7928=LINE('',#19354,#9578);
#7929=LINE('',#19357,#9579);
#7930=LINE('',#19359,#9580);
#7931=LINE('',#19361,#9581);
#7932=LINE('',#19363,#9582);
#7933=LINE('',#19365,#9583);
#7934=LINE('',#19366,#9584);
#7935=LINE('',#19369,#9585);
#7936=LINE('',#19371,#9586);
#7937=LINE('',#19373,#9587);
#7938=LINE('',#19375,#9588);
#7939=LINE('',#19377,#9589);
#7940=LINE('',#19379,#9590);
#7941=LINE('',#19381,#9591);
#7942=LINE('',#19385,#9592);
#7943=LINE('',#19388,#9593);
#7944=LINE('',#19389,#9594);
#7945=LINE('',#19391,#9595);
#7946=LINE('',#19392,#9596);
#7947=LINE('',#19394,#9597);
#7948=LINE('',#19396,#9598);
#7949=LINE('',#19398,#9599);
#7950=LINE('',#19400,#9600);
#7951=LINE('',#19401,#9601);
#7952=LINE('',#19403,#9602);
#7953=LINE('',#19406,#9603);
#7954=LINE('',#19408,#9604);
#7955=LINE('',#19410,#9605);
#7956=LINE('',#19412,#9606);
#7957=LINE('',#19414,#9607);
#7958=LINE('',#19416,#9608);
#7959=LINE('',#19418,#9609);
#7960=LINE('',#19420,#9610);
#7961=LINE('',#19425,#9611);
#7962=LINE('',#19426,#9612);
#7963=LINE('',#19427,#9613);
#7964=LINE('',#19435,#9614);
#7965=LINE('',#19438,#9615);
#7966=LINE('',#19440,#9616);
#7967=LINE('',#19442,#9617);
#7968=LINE('',#19444,#9618);
#7969=LINE('',#19446,#9619);
#7970=LINE('',#19448,#9620);
#7971=LINE('',#19450,#9621);
#7972=LINE('',#19452,#9622);
#7973=LINE('',#19454,#9623);
#7974=LINE('',#19456,#9624);
#7975=LINE('',#19460,#9625);
#7976=LINE('',#19461,#9626);
#7977=LINE('',#19463,#9627);
#7978=LINE('',#19465,#9628);
#7979=LINE('',#19468,#9629);
#7980=LINE('',#19469,#9630);
#7981=LINE('',#19471,#9631);
#7982=LINE('',#19473,#9632);
#7983=LINE('',#19475,#9633);
#7984=LINE('',#19477,#9634);
#7985=LINE('',#19484,#9635);
#7986=VECTOR('',#13106,1.);
#7987=VECTOR('',#13107,1.);
#7988=VECTOR('',#13108,1.);
#7989=VECTOR('',#13109,1.);
#7990=VECTOR('',#13112,1.);
#7991=VECTOR('',#13113,1.);
#7992=VECTOR('',#13114,1.);
#7993=VECTOR('',#13115,1.);
#7994=VECTOR('',#13116,1.);
#7995=VECTOR('',#13117,1.);
#7996=VECTOR('',#13120,1.);
#7997=VECTOR('',#13121,1.);
#7998=VECTOR('',#13122,1.);
#7999=VECTOR('',#13123,1.);
#8000=VECTOR('',#13124,1.);
#8001=VECTOR('',#13125,1.);
#8002=VECTOR('',#13146,1.);
#8003=VECTOR('',#13147,1.);
#8004=VECTOR('',#13150,1.);
#8005=VECTOR('',#13151,1.);
#8006=VECTOR('',#13152,1.);
#8007=VECTOR('',#13153,1.);
#8008=VECTOR('',#13154,1.);
#8009=VECTOR('',#13157,1.);
#8010=VECTOR('',#13158,1.);
#8011=VECTOR('',#13159,1.);
#8012=VECTOR('',#13166,1.);
#8013=VECTOR('',#13177,1.);
#8014=VECTOR('',#13296,1.);
#8015=VECTOR('',#13297,1.);
#8016=VECTOR('',#13300,1.);
#8017=VECTOR('',#13301,1.);
#8018=VECTOR('',#13304,1.);
#8019=VECTOR('',#13311,1.);
#8020=VECTOR('',#13312,1.);
#8021=VECTOR('',#13313,1.);
#8022=VECTOR('',#13314,1.);
#8023=VECTOR('',#13317,1.);
#8024=VECTOR('',#13318,1.);
#8025=VECTOR('',#13319,1.);
#8026=VECTOR('',#13320,1.);
#8027=VECTOR('',#13323,1.);
#8028=VECTOR('',#13324,1.);
#8029=VECTOR('',#13325,1.);
#8030=VECTOR('',#13328,1.);
#8031=VECTOR('',#13329,1.);
#8032=VECTOR('',#13330,1.);
#8033=VECTOR('',#13333,1.);
#8034=VECTOR('',#13334,1.);
#8035=VECTOR('',#13335,1.);
#8036=VECTOR('',#13338,1.);
#8037=VECTOR('',#13339,1.);
#8038=VECTOR('',#13340,1.);
#8039=VECTOR('',#13343,1.);
#8040=VECTOR('',#13344,1.);
#8041=VECTOR('',#13347,1.);
#8042=VECTOR('',#13348,1.);
#8043=VECTOR('',#13349,1.);
#8044=VECTOR('',#13350,1.);
#8045=VECTOR('',#13353,1.);
#8046=VECTOR('',#13354,1.);
#8047=VECTOR('',#13355,1.);
#8048=VECTOR('',#13358,1.);
#8049=VECTOR('',#13359,1.);
#8050=VECTOR('',#13360,1.);
#8051=VECTOR('',#13363,1.);
#8052=VECTOR('',#13364,1.);
#8053=VECTOR('',#13365,1.);
#8054=VECTOR('',#13368,1.);
#8055=VECTOR('',#13369,1.);
#8056=VECTOR('',#13370,1.);
#8057=VECTOR('',#13373,1.);
#8058=VECTOR('',#13374,1.);
#8059=VECTOR('',#13377,1.);
#8060=VECTOR('',#13378,1.);
#8061=VECTOR('',#13379,1.);
#8062=VECTOR('',#13380,1.);
#8063=VECTOR('',#13383,1.);
#8064=VECTOR('',#13384,1.);
#8065=VECTOR('',#13385,1.);
#8066=VECTOR('',#13388,1.);
#8067=VECTOR('',#13389,1.);
#8068=VECTOR('',#13390,1.);
#8069=VECTOR('',#13393,1.);
#8070=VECTOR('',#13394,1.);
#8071=VECTOR('',#13395,1.);
#8072=VECTOR('',#13398,1.);
#8073=VECTOR('',#13399,1.);
#8074=VECTOR('',#13400,1.);
#8075=VECTOR('',#13403,1.);
#8076=VECTOR('',#13404,1.);
#8077=VECTOR('',#13407,1.);
#8078=VECTOR('',#13408,1.);
#8079=VECTOR('',#13409,1.);
#8080=VECTOR('',#13410,1.);
#8081=VECTOR('',#13413,1.);
#8082=VECTOR('',#13414,1.);
#8083=VECTOR('',#13415,1.);
#8084=VECTOR('',#13418,1.);
#8085=VECTOR('',#13419,1.);
#8086=VECTOR('',#13420,1.);
#8087=VECTOR('',#13423,1.);
#8088=VECTOR('',#13424,1.);
#8089=VECTOR('',#13425,1.);
#8090=VECTOR('',#13428,1.);
#8091=VECTOR('',#13429,1.);
#8092=VECTOR('',#13430,1.);
#8093=VECTOR('',#13433,1.);
#8094=VECTOR('',#13434,1.);
#8095=VECTOR('',#13437,1.);
#8096=VECTOR('',#13438,1.);
#8097=VECTOR('',#13439,1.);
#8098=VECTOR('',#13440,1.);
#8099=VECTOR('',#13443,1.);
#8100=VECTOR('',#13444,1.);
#8101=VECTOR('',#13445,1.);
#8102=VECTOR('',#13448,1.);
#8103=VECTOR('',#13449,1.);
#8104=VECTOR('',#13450,1.);
#8105=VECTOR('',#13453,1.);
#8106=VECTOR('',#13454,1.);
#8107=VECTOR('',#13455,1.);
#8108=VECTOR('',#13458,1.);
#8109=VECTOR('',#13459,1.);
#8110=VECTOR('',#13460,1.);
#8111=VECTOR('',#13463,1.);
#8112=VECTOR('',#13464,1.);
#8113=VECTOR('',#13467,1.);
#8114=VECTOR('',#13468,1.);
#8115=VECTOR('',#13469,1.);
#8116=VECTOR('',#13470,1.);
#8117=VECTOR('',#13473,1.);
#8118=VECTOR('',#13474,1.);
#8119=VECTOR('',#13475,1.);
#8120=VECTOR('',#13478,1.);
#8121=VECTOR('',#13479,1.);
#8122=VECTOR('',#13480,1.);
#8123=VECTOR('',#13483,1.);
#8124=VECTOR('',#13484,1.);
#8125=VECTOR('',#13485,1.);
#8126=VECTOR('',#13488,1.);
#8127=VECTOR('',#13489,1.);
#8128=VECTOR('',#13490,1.);
#8129=VECTOR('',#13493,1.);
#8130=VECTOR('',#13494,1.);
#8131=VECTOR('',#13497,1.);
#8132=VECTOR('',#13498,1.);
#8133=VECTOR('',#13499,1.);
#8134=VECTOR('',#13500,1.);
#8135=VECTOR('',#13503,1.);
#8136=VECTOR('',#13504,1.);
#8137=VECTOR('',#13505,1.);
#8138=VECTOR('',#13508,1.);
#8139=VECTOR('',#13509,1.);
#8140=VECTOR('',#13510,1.);
#8141=VECTOR('',#13513,1.);
#8142=VECTOR('',#13514,1.);
#8143=VECTOR('',#13515,1.);
#8144=VECTOR('',#13518,1.);
#8145=VECTOR('',#13519,1.);
#8146=VECTOR('',#13520,1.);
#8147=VECTOR('',#13523,1.);
#8148=VECTOR('',#13524,1.);
#8149=VECTOR('',#13527,1.);
#8150=VECTOR('',#13528,1.);
#8151=VECTOR('',#13529,1.);
#8152=VECTOR('',#13530,1.);
#8153=VECTOR('',#13533,1.);
#8154=VECTOR('',#13534,1.);
#8155=VECTOR('',#13535,1.);
#8156=VECTOR('',#13538,1.);
#8157=VECTOR('',#13539,1.);
#8158=VECTOR('',#13540,1.);
#8159=VECTOR('',#13543,1.);
#8160=VECTOR('',#13544,1.);
#8161=VECTOR('',#13545,1.);
#8162=VECTOR('',#13548,1.);
#8163=VECTOR('',#13549,1.);
#8164=VECTOR('',#13550,1.);
#8165=VECTOR('',#13553,1.);
#8166=VECTOR('',#13554,1.);
#8167=VECTOR('',#13557,1.);
#8168=VECTOR('',#13558,1.);
#8169=VECTOR('',#13559,1.);
#8170=VECTOR('',#13560,1.);
#8171=VECTOR('',#13563,1.);
#8172=VECTOR('',#13564,1.);
#8173=VECTOR('',#13565,1.);
#8174=VECTOR('',#13568,1.);
#8175=VECTOR('',#13569,1.);
#8176=VECTOR('',#13570,1.);
#8177=VECTOR('',#13573,1.);
#8178=VECTOR('',#13574,1.);
#8179=VECTOR('',#13575,1.);
#8180=VECTOR('',#13578,1.);
#8181=VECTOR('',#13579,1.);
#8182=VECTOR('',#13580,1.);
#8183=VECTOR('',#13583,1.);
#8184=VECTOR('',#13584,1.);
#8185=VECTOR('',#13587,1.);
#8186=VECTOR('',#13588,1.);
#8187=VECTOR('',#13589,1.);
#8188=VECTOR('',#13590,1.);
#8189=VECTOR('',#13593,1.);
#8190=VECTOR('',#13594,1.);
#8191=VECTOR('',#13595,1.);
#8192=VECTOR('',#13598,1.);
#8193=VECTOR('',#13599,1.);
#8194=VECTOR('',#13600,1.);
#8195=VECTOR('',#13603,1.);
#8196=VECTOR('',#13604,1.);
#8197=VECTOR('',#13605,1.);
#8198=VECTOR('',#13608,1.);
#8199=VECTOR('',#13609,1.);
#8200=VECTOR('',#13610,1.);
#8201=VECTOR('',#13613,1.);
#8202=VECTOR('',#13614,1.);
#8203=VECTOR('',#13617,1.);
#8204=VECTOR('',#13618,1.);
#8205=VECTOR('',#13619,1.);
#8206=VECTOR('',#13620,1.);
#8207=VECTOR('',#13623,1.);
#8208=VECTOR('',#13624,1.);
#8209=VECTOR('',#13625,1.);
#8210=VECTOR('',#13628,1.);
#8211=VECTOR('',#13629,1.);
#8212=VECTOR('',#13630,1.);
#8213=VECTOR('',#13633,1.);
#8214=VECTOR('',#13634,1.);
#8215=VECTOR('',#13635,1.);
#8216=VECTOR('',#13638,1.);
#8217=VECTOR('',#13639,1.);
#8218=VECTOR('',#13640,1.);
#8219=VECTOR('',#13643,1.);
#8220=VECTOR('',#13644,1.);
#8221=VECTOR('',#13647,1.);
#8222=VECTOR('',#13648,1.);
#8223=VECTOR('',#13649,1.);
#8224=VECTOR('',#13650,1.);
#8225=VECTOR('',#13653,1.);
#8226=VECTOR('',#13654,1.);
#8227=VECTOR('',#13655,1.);
#8228=VECTOR('',#13658,1.);
#8229=VECTOR('',#13659,1.);
#8230=VECTOR('',#13660,1.);
#8231=VECTOR('',#13663,1.);
#8232=VECTOR('',#13664,1.);
#8233=VECTOR('',#13665,1.);
#8234=VECTOR('',#13668,1.);
#8235=VECTOR('',#13669,1.);
#8236=VECTOR('',#13670,1.);
#8237=VECTOR('',#13673,1.);
#8238=VECTOR('',#13674,1.);
#8239=VECTOR('',#13677,1.);
#8240=VECTOR('',#13678,1.);
#8241=VECTOR('',#13679,1.);
#8242=VECTOR('',#13680,1.);
#8243=VECTOR('',#13683,1.);
#8244=VECTOR('',#13684,1.);
#8245=VECTOR('',#13685,1.);
#8246=VECTOR('',#13688,1.);
#8247=VECTOR('',#13689,1.);
#8248=VECTOR('',#13690,1.);
#8249=VECTOR('',#13693,1.);
#8250=VECTOR('',#13694,1.);
#8251=VECTOR('',#13695,1.);
#8252=VECTOR('',#13698,1.);
#8253=VECTOR('',#13699,1.);
#8254=VECTOR('',#13700,1.);
#8255=VECTOR('',#13703,1.);
#8256=VECTOR('',#13704,1.);
#8257=VECTOR('',#13707,1.);
#8258=VECTOR('',#13708,1.);
#8259=VECTOR('',#13709,1.);
#8260=VECTOR('',#13710,1.);
#8261=VECTOR('',#13713,1.);
#8262=VECTOR('',#13714,1.);
#8263=VECTOR('',#13715,1.);
#8264=VECTOR('',#13718,1.);
#8265=VECTOR('',#13719,1.);
#8266=VECTOR('',#13720,1.);
#8267=VECTOR('',#13723,1.);
#8268=VECTOR('',#13724,1.);
#8269=VECTOR('',#13725,1.);
#8270=VECTOR('',#13728,1.);
#8271=VECTOR('',#13729,1.);
#8272=VECTOR('',#13730,1.);
#8273=VECTOR('',#13733,1.);
#8274=VECTOR('',#13734,1.);
#8275=VECTOR('',#13737,1.);
#8276=VECTOR('',#13738,1.);
#8277=VECTOR('',#13739,1.);
#8278=VECTOR('',#13740,1.);
#8279=VECTOR('',#13743,1.);
#8280=VECTOR('',#13744,1.);
#8281=VECTOR('',#13745,1.);
#8282=VECTOR('',#13748,1.);
#8283=VECTOR('',#13749,1.);
#8284=VECTOR('',#13750,1.);
#8285=VECTOR('',#13753,1.);
#8286=VECTOR('',#13754,1.);
#8287=VECTOR('',#13755,1.);
#8288=VECTOR('',#13758,1.);
#8289=VECTOR('',#13759,1.);
#8290=VECTOR('',#13760,1.);
#8291=VECTOR('',#13763,1.);
#8292=VECTOR('',#13764,1.);
#8293=VECTOR('',#13767,1.);
#8294=VECTOR('',#13768,1.);
#8295=VECTOR('',#13769,1.);
#8296=VECTOR('',#13770,1.);
#8297=VECTOR('',#13773,1.);
#8298=VECTOR('',#13774,1.);
#8299=VECTOR('',#13775,1.);
#8300=VECTOR('',#13778,1.);
#8301=VECTOR('',#13779,1.);
#8302=VECTOR('',#13780,1.);
#8303=VECTOR('',#13783,1.);
#8304=VECTOR('',#13784,1.);
#8305=VECTOR('',#13785,1.);
#8306=VECTOR('',#13788,1.);
#8307=VECTOR('',#13789,1.);
#8308=VECTOR('',#13790,1.);
#8309=VECTOR('',#13793,1.);
#8310=VECTOR('',#13794,1.);
#8311=VECTOR('',#13797,1.);
#8312=VECTOR('',#13798,1.);
#8313=VECTOR('',#13799,1.);
#8314=VECTOR('',#13800,1.);
#8315=VECTOR('',#13803,1.);
#8316=VECTOR('',#13804,1.);
#8317=VECTOR('',#13805,1.);
#8318=VECTOR('',#13808,1.);
#8319=VECTOR('',#13809,1.);
#8320=VECTOR('',#13810,1.);
#8321=VECTOR('',#13813,1.);
#8322=VECTOR('',#13814,1.);
#8323=VECTOR('',#13815,1.);
#8324=VECTOR('',#13818,1.);
#8325=VECTOR('',#13819,1.);
#8326=VECTOR('',#13820,1.);
#8327=VECTOR('',#13823,1.);
#8328=VECTOR('',#13824,1.);
#8329=VECTOR('',#13827,1.);
#8330=VECTOR('',#13828,1.);
#8331=VECTOR('',#13829,1.);
#8332=VECTOR('',#13830,1.);
#8333=VECTOR('',#13833,1.);
#8334=VECTOR('',#13834,1.);
#8335=VECTOR('',#13835,1.);
#8336=VECTOR('',#13838,1.);
#8337=VECTOR('',#13839,1.);
#8338=VECTOR('',#13840,1.);
#8339=VECTOR('',#13843,1.);
#8340=VECTOR('',#13844,1.);
#8341=VECTOR('',#13845,1.);
#8342=VECTOR('',#13848,1.);
#8343=VECTOR('',#13849,1.);
#8344=VECTOR('',#13850,1.);
#8345=VECTOR('',#13853,1.);
#8346=VECTOR('',#13854,1.);
#8347=VECTOR('',#13857,1.);
#8348=VECTOR('',#13858,1.);
#8349=VECTOR('',#13859,1.);
#8350=VECTOR('',#13860,1.);
#8351=VECTOR('',#13863,1.);
#8352=VECTOR('',#13864,1.);
#8353=VECTOR('',#13865,1.);
#8354=VECTOR('',#13868,1.);
#8355=VECTOR('',#13869,1.);
#8356=VECTOR('',#13870,1.);
#8357=VECTOR('',#13873,1.);
#8358=VECTOR('',#13874,1.);
#8359=VECTOR('',#13875,1.);
#8360=VECTOR('',#13878,1.);
#8361=VECTOR('',#13879,1.);
#8362=VECTOR('',#13880,1.);
#8363=VECTOR('',#13883,1.);
#8364=VECTOR('',#13884,1.);
#8365=VECTOR('',#13887,1.);
#8366=VECTOR('',#13888,1.);
#8367=VECTOR('',#13889,1.);
#8368=VECTOR('',#13890,1.);
#8369=VECTOR('',#13893,1.);
#8370=VECTOR('',#13894,1.);
#8371=VECTOR('',#13895,1.);
#8372=VECTOR('',#13898,1.);
#8373=VECTOR('',#13899,1.);
#8374=VECTOR('',#13900,1.);
#8375=VECTOR('',#13903,1.);
#8376=VECTOR('',#13904,1.);
#8377=VECTOR('',#13905,1.);
#8378=VECTOR('',#13908,1.);
#8379=VECTOR('',#13909,1.);
#8380=VECTOR('',#13910,1.);
#8381=VECTOR('',#13913,1.);
#8382=VECTOR('',#13914,1.);
#8383=VECTOR('',#13917,1.);
#8384=VECTOR('',#13918,1.);
#8385=VECTOR('',#13919,1.);
#8386=VECTOR('',#13920,1.);
#8387=VECTOR('',#13923,1.);
#8388=VECTOR('',#13924,1.);
#8389=VECTOR('',#13925,1.);
#8390=VECTOR('',#13928,1.);
#8391=VECTOR('',#13929,1.);
#8392=VECTOR('',#13930,1.);
#8393=VECTOR('',#13933,1.);
#8394=VECTOR('',#13934,1.);
#8395=VECTOR('',#13935,1.);
#8396=VECTOR('',#13938,1.);
#8397=VECTOR('',#13939,1.);
#8398=VECTOR('',#13940,1.);
#8399=VECTOR('',#13943,1.);
#8400=VECTOR('',#13944,1.);
#8401=VECTOR('',#13947,1.);
#8402=VECTOR('',#13948,1.);
#8403=VECTOR('',#13949,1.);
#8404=VECTOR('',#13950,1.);
#8405=VECTOR('',#13953,1.);
#8406=VECTOR('',#13954,1.);
#8407=VECTOR('',#13955,1.);
#8408=VECTOR('',#13958,1.);
#8409=VECTOR('',#13959,1.);
#8410=VECTOR('',#13960,1.);
#8411=VECTOR('',#13963,1.);
#8412=VECTOR('',#13964,1.);
#8413=VECTOR('',#13965,1.);
#8414=VECTOR('',#13968,1.);
#8415=VECTOR('',#13969,1.);
#8416=VECTOR('',#13970,1.);
#8417=VECTOR('',#13973,1.);
#8418=VECTOR('',#13974,1.);
#8419=VECTOR('',#13977,1.);
#8420=VECTOR('',#13978,1.);
#8421=VECTOR('',#13979,1.);
#8422=VECTOR('',#13980,1.);
#8423=VECTOR('',#13983,1.);
#8424=VECTOR('',#13984,1.);
#8425=VECTOR('',#13985,1.);
#8426=VECTOR('',#13988,1.);
#8427=VECTOR('',#13989,1.);
#8428=VECTOR('',#13990,1.);
#8429=VECTOR('',#13993,1.);
#8430=VECTOR('',#13994,1.);
#8431=VECTOR('',#13995,1.);
#8432=VECTOR('',#13998,1.);
#8433=VECTOR('',#13999,1.);
#8434=VECTOR('',#14000,1.);
#8435=VECTOR('',#14003,1.);
#8436=VECTOR('',#14004,1.);
#8437=VECTOR('',#14007,1.);
#8438=VECTOR('',#14008,1.);
#8439=VECTOR('',#14009,1.);
#8440=VECTOR('',#14010,1.);
#8441=VECTOR('',#14013,1.);
#8442=VECTOR('',#14014,1.);
#8443=VECTOR('',#14015,1.);
#8444=VECTOR('',#14018,1.);
#8445=VECTOR('',#14019,1.);
#8446=VECTOR('',#14020,1.);
#8447=VECTOR('',#14023,1.);
#8448=VECTOR('',#14024,1.);
#8449=VECTOR('',#14025,1.);
#8450=VECTOR('',#14028,1.);
#8451=VECTOR('',#14029,1.);
#8452=VECTOR('',#14030,1.);
#8453=VECTOR('',#14033,1.);
#8454=VECTOR('',#14034,1.);
#8455=VECTOR('',#14037,1.);
#8456=VECTOR('',#14038,1.);
#8457=VECTOR('',#14039,1.);
#8458=VECTOR('',#14040,1.);
#8459=VECTOR('',#14043,1.);
#8460=VECTOR('',#14044,1.);
#8461=VECTOR('',#14045,1.);
#8462=VECTOR('',#14048,1.);
#8463=VECTOR('',#14049,1.);
#8464=VECTOR('',#14050,1.);
#8465=VECTOR('',#14053,1.);
#8466=VECTOR('',#14054,1.);
#8467=VECTOR('',#14055,1.);
#8468=VECTOR('',#14058,1.);
#8469=VECTOR('',#14059,1.);
#8470=VECTOR('',#14060,1.);
#8471=VECTOR('',#14063,1.);
#8472=VECTOR('',#14064,1.);
#8473=VECTOR('',#14067,1.);
#8474=VECTOR('',#14068,1.);
#8475=VECTOR('',#14069,1.);
#8476=VECTOR('',#14070,1.);
#8477=VECTOR('',#14073,1.);
#8478=VECTOR('',#14074,1.);
#8479=VECTOR('',#14075,1.);
#8480=VECTOR('',#14078,1.);
#8481=VECTOR('',#14079,1.);
#8482=VECTOR('',#14080,1.);
#8483=VECTOR('',#14083,1.);
#8484=VECTOR('',#14084,1.);
#8485=VECTOR('',#14085,1.);
#8486=VECTOR('',#14088,1.);
#8487=VECTOR('',#14089,1.);
#8488=VECTOR('',#14090,1.);
#8489=VECTOR('',#14093,1.);
#8490=VECTOR('',#14094,1.);
#8491=VECTOR('',#14097,1.);
#8492=VECTOR('',#14098,1.);
#8493=VECTOR('',#14099,1.);
#8494=VECTOR('',#14100,1.);
#8495=VECTOR('',#14103,1.);
#8496=VECTOR('',#14104,1.);
#8497=VECTOR('',#14105,1.);
#8498=VECTOR('',#14108,1.);
#8499=VECTOR('',#14109,1.);
#8500=VECTOR('',#14110,1.);
#8501=VECTOR('',#14113,1.);
#8502=VECTOR('',#14114,1.);
#8503=VECTOR('',#14115,1.);
#8504=VECTOR('',#14118,1.);
#8505=VECTOR('',#14119,1.);
#8506=VECTOR('',#14120,1.);
#8507=VECTOR('',#14123,1.);
#8508=VECTOR('',#14124,1.);
#8509=VECTOR('',#14127,1.);
#8510=VECTOR('',#14128,1.);
#8511=VECTOR('',#14129,1.);
#8512=VECTOR('',#14130,1.);
#8513=VECTOR('',#14133,1.);
#8514=VECTOR('',#14134,1.);
#8515=VECTOR('',#14135,1.);
#8516=VECTOR('',#14138,1.);
#8517=VECTOR('',#14139,1.);
#8518=VECTOR('',#14140,1.);
#8519=VECTOR('',#14143,1.);
#8520=VECTOR('',#14144,1.);
#8521=VECTOR('',#14145,1.);
#8522=VECTOR('',#14148,1.);
#8523=VECTOR('',#14149,1.);
#8524=VECTOR('',#14150,1.);
#8525=VECTOR('',#14153,1.);
#8526=VECTOR('',#14154,1.);
#8527=VECTOR('',#14157,1.);
#8528=VECTOR('',#14158,1.);
#8529=VECTOR('',#14159,1.);
#8530=VECTOR('',#14160,1.);
#8531=VECTOR('',#14163,1.);
#8532=VECTOR('',#14164,1.);
#8533=VECTOR('',#14165,1.);
#8534=VECTOR('',#14168,1.);
#8535=VECTOR('',#14169,1.);
#8536=VECTOR('',#14170,1.);
#8537=VECTOR('',#14173,1.);
#8538=VECTOR('',#14174,1.);
#8539=VECTOR('',#14175,1.);
#8540=VECTOR('',#14178,1.);
#8541=VECTOR('',#14179,1.);
#8542=VECTOR('',#14180,1.);
#8543=VECTOR('',#14183,1.);
#8544=VECTOR('',#14184,1.);
#8545=VECTOR('',#14187,1.);
#8546=VECTOR('',#14188,1.);
#8547=VECTOR('',#14189,1.);
#8548=VECTOR('',#14190,1.);
#8549=VECTOR('',#14193,1.);
#8550=VECTOR('',#14194,1.);
#8551=VECTOR('',#14195,1.);
#8552=VECTOR('',#14198,1.);
#8553=VECTOR('',#14199,1.);
#8554=VECTOR('',#14200,1.);
#8555=VECTOR('',#14203,1.);
#8556=VECTOR('',#14204,1.);
#8557=VECTOR('',#14205,1.);
#8558=VECTOR('',#14208,1.);
#8559=VECTOR('',#14209,1.);
#8560=VECTOR('',#14210,1.);
#8561=VECTOR('',#14213,1.);
#8562=VECTOR('',#14214,1.);
#8563=VECTOR('',#14217,1.);
#8564=VECTOR('',#14218,1.);
#8565=VECTOR('',#14219,1.);
#8566=VECTOR('',#14220,1.);
#8567=VECTOR('',#14223,1.);
#8568=VECTOR('',#14224,1.);
#8569=VECTOR('',#14225,1.);
#8570=VECTOR('',#14228,1.);
#8571=VECTOR('',#14229,1.);
#8572=VECTOR('',#14230,1.);
#8573=VECTOR('',#14233,1.);
#8574=VECTOR('',#14234,1.);
#8575=VECTOR('',#14235,1.);
#8576=VECTOR('',#14238,1.);
#8577=VECTOR('',#14239,1.);
#8578=VECTOR('',#14240,1.);
#8579=VECTOR('',#14243,1.);
#8580=VECTOR('',#14244,1.);
#8581=VECTOR('',#14247,1.);
#8582=VECTOR('',#14248,1.);
#8583=VECTOR('',#14249,1.);
#8584=VECTOR('',#14250,1.);
#8585=VECTOR('',#14253,1.);
#8586=VECTOR('',#14254,1.);
#8587=VECTOR('',#14255,1.);
#8588=VECTOR('',#14258,1.);
#8589=VECTOR('',#14259,1.);
#8590=VECTOR('',#14260,1.);
#8591=VECTOR('',#14263,1.);
#8592=VECTOR('',#14264,1.);
#8593=VECTOR('',#14265,1.);
#8594=VECTOR('',#14268,1.);
#8595=VECTOR('',#14269,1.);
#8596=VECTOR('',#14270,1.);
#8597=VECTOR('',#14273,1.);
#8598=VECTOR('',#14274,1.);
#8599=VECTOR('',#14277,1.);
#8600=VECTOR('',#14278,1.);
#8601=VECTOR('',#14279,1.);
#8602=VECTOR('',#14280,1.);
#8603=VECTOR('',#14283,1.);
#8604=VECTOR('',#14284,1.);
#8605=VECTOR('',#14285,1.);
#8606=VECTOR('',#14288,1.);
#8607=VECTOR('',#14289,1.);
#8608=VECTOR('',#14290,1.);
#8609=VECTOR('',#14293,1.);
#8610=VECTOR('',#14294,1.);
#8611=VECTOR('',#14295,1.);
#8612=VECTOR('',#14298,1.);
#8613=VECTOR('',#14299,1.);
#8614=VECTOR('',#14300,1.);
#8615=VECTOR('',#14303,1.);
#8616=VECTOR('',#14304,1.);
#8617=VECTOR('',#14307,1.);
#8618=VECTOR('',#14308,1.);
#8619=VECTOR('',#14309,1.);
#8620=VECTOR('',#14310,1.);
#8621=VECTOR('',#14313,1.);
#8622=VECTOR('',#14314,1.);
#8623=VECTOR('',#14315,1.);
#8624=VECTOR('',#14318,1.);
#8625=VECTOR('',#14319,1.);
#8626=VECTOR('',#14320,1.);
#8627=VECTOR('',#14323,1.);
#8628=VECTOR('',#14324,1.);
#8629=VECTOR('',#14325,1.);
#8630=VECTOR('',#14328,1.);
#8631=VECTOR('',#14329,1.);
#8632=VECTOR('',#14330,1.);
#8633=VECTOR('',#14333,1.);
#8634=VECTOR('',#14334,1.);
#8635=VECTOR('',#14337,1.);
#8636=VECTOR('',#14338,1.);
#8637=VECTOR('',#14339,1.);
#8638=VECTOR('',#14340,1.);
#8639=VECTOR('',#14343,1.);
#8640=VECTOR('',#14344,1.);
#8641=VECTOR('',#14345,1.);
#8642=VECTOR('',#14348,1.);
#8643=VECTOR('',#14349,1.);
#8644=VECTOR('',#14350,1.);
#8645=VECTOR('',#14353,1.);
#8646=VECTOR('',#14354,1.);
#8647=VECTOR('',#14355,1.);
#8648=VECTOR('',#14358,1.);
#8649=VECTOR('',#14359,1.);
#8650=VECTOR('',#14360,1.);
#8651=VECTOR('',#14363,1.);
#8652=VECTOR('',#14364,1.);
#8653=VECTOR('',#14367,1.);
#8654=VECTOR('',#14368,1.);
#8655=VECTOR('',#14369,1.);
#8656=VECTOR('',#14370,1.);
#8657=VECTOR('',#14373,1.);
#8658=VECTOR('',#14374,1.);
#8659=VECTOR('',#14375,1.);
#8660=VECTOR('',#14378,1.);
#8661=VECTOR('',#14379,1.);
#8662=VECTOR('',#14380,1.);
#8663=VECTOR('',#14383,1.);
#8664=VECTOR('',#14384,1.);
#8665=VECTOR('',#14385,1.);
#8666=VECTOR('',#14388,1.);
#8667=VECTOR('',#14389,1.);
#8668=VECTOR('',#14390,1.);
#8669=VECTOR('',#14393,1.);
#8670=VECTOR('',#14394,1.);
#8671=VECTOR('',#14397,1.);
#8672=VECTOR('',#14398,1.);
#8673=VECTOR('',#14399,1.);
#8674=VECTOR('',#14400,1.);
#8675=VECTOR('',#14403,1.);
#8676=VECTOR('',#14404,1.);
#8677=VECTOR('',#14405,1.);
#8678=VECTOR('',#14408,1.);
#8679=VECTOR('',#14409,1.);
#8680=VECTOR('',#14410,1.);
#8681=VECTOR('',#14413,1.);
#8682=VECTOR('',#14414,1.);
#8683=VECTOR('',#14415,1.);
#8684=VECTOR('',#14418,1.);
#8685=VECTOR('',#14419,1.);
#8686=VECTOR('',#14420,1.);
#8687=VECTOR('',#14423,1.);
#8688=VECTOR('',#14424,1.);
#8689=VECTOR('',#14427,1.);
#8690=VECTOR('',#14428,1.);
#8691=VECTOR('',#14429,1.);
#8692=VECTOR('',#14430,1.);
#8693=VECTOR('',#14433,1.);
#8694=VECTOR('',#14434,1.);
#8695=VECTOR('',#14435,1.);
#8696=VECTOR('',#14438,1.);
#8697=VECTOR('',#14439,1.);
#8698=VECTOR('',#14440,1.);
#8699=VECTOR('',#14443,1.);
#8700=VECTOR('',#14444,1.);
#8701=VECTOR('',#14445,1.);
#8702=VECTOR('',#14448,1.);
#8703=VECTOR('',#14449,1.);
#8704=VECTOR('',#14450,1.);
#8705=VECTOR('',#14453,1.);
#8706=VECTOR('',#14454,1.);
#8707=VECTOR('',#14457,1.);
#8708=VECTOR('',#14458,1.);
#8709=VECTOR('',#14459,1.);
#8710=VECTOR('',#14460,1.);
#8711=VECTOR('',#14463,1.);
#8712=VECTOR('',#14464,1.);
#8713=VECTOR('',#14465,1.);
#8714=VECTOR('',#14468,1.);
#8715=VECTOR('',#14469,1.);
#8716=VECTOR('',#14470,1.);
#8717=VECTOR('',#14473,1.);
#8718=VECTOR('',#14474,1.);
#8719=VECTOR('',#14475,1.);
#8720=VECTOR('',#14478,1.);
#8721=VECTOR('',#14479,1.);
#8722=VECTOR('',#14480,1.);
#8723=VECTOR('',#14483,1.);
#8724=VECTOR('',#14484,1.);
#8725=VECTOR('',#14487,1.);
#8726=VECTOR('',#14488,1.);
#8727=VECTOR('',#14489,1.);
#8728=VECTOR('',#14490,1.);
#8729=VECTOR('',#14493,1.);
#8730=VECTOR('',#14494,1.);
#8731=VECTOR('',#14495,1.);
#8732=VECTOR('',#14498,1.);
#8733=VECTOR('',#14499,1.);
#8734=VECTOR('',#14500,1.);
#8735=VECTOR('',#14503,1.);
#8736=VECTOR('',#14504,1.);
#8737=VECTOR('',#14505,1.);
#8738=VECTOR('',#14508,1.);
#8739=VECTOR('',#14509,1.);
#8740=VECTOR('',#14510,1.);
#8741=VECTOR('',#14513,1.);
#8742=VECTOR('',#14514,1.);
#8743=VECTOR('',#14517,1.);
#8744=VECTOR('',#14518,1.);
#8745=VECTOR('',#14519,1.);
#8746=VECTOR('',#14520,1.);
#8747=VECTOR('',#14523,1.);
#8748=VECTOR('',#14524,1.);
#8749=VECTOR('',#14525,1.);
#8750=VECTOR('',#14528,1.);
#8751=VECTOR('',#14529,1.);
#8752=VECTOR('',#14530,1.);
#8753=VECTOR('',#14533,1.);
#8754=VECTOR('',#14534,1.);
#8755=VECTOR('',#14535,1.);
#8756=VECTOR('',#14538,1.);
#8757=VECTOR('',#14539,1.);
#8758=VECTOR('',#14540,1.);
#8759=VECTOR('',#14543,1.);
#8760=VECTOR('',#14544,1.);
#8761=VECTOR('',#14547,1.);
#8762=VECTOR('',#14548,1.);
#8763=VECTOR('',#14549,1.);
#8764=VECTOR('',#14550,1.);
#8765=VECTOR('',#14553,1.);
#8766=VECTOR('',#14554,1.);
#8767=VECTOR('',#14555,1.);
#8768=VECTOR('',#14558,1.);
#8769=VECTOR('',#14559,1.);
#8770=VECTOR('',#14560,1.);
#8771=VECTOR('',#14563,1.);
#8772=VECTOR('',#14564,1.);
#8773=VECTOR('',#14565,1.);
#8774=VECTOR('',#14568,1.);
#8775=VECTOR('',#14569,1.);
#8776=VECTOR('',#14570,1.);
#8777=VECTOR('',#14573,1.);
#8778=VECTOR('',#14574,1.);
#8779=VECTOR('',#14577,1.);
#8780=VECTOR('',#14578,1.);
#8781=VECTOR('',#14579,1.);
#8782=VECTOR('',#14580,1.);
#8783=VECTOR('',#14583,1.);
#8784=VECTOR('',#14584,1.);
#8785=VECTOR('',#14585,1.);
#8786=VECTOR('',#14588,1.);
#8787=VECTOR('',#14589,1.);
#8788=VECTOR('',#14590,1.);
#8789=VECTOR('',#14593,1.);
#8790=VECTOR('',#14594,1.);
#8791=VECTOR('',#14595,1.);
#8792=VECTOR('',#14598,1.);
#8793=VECTOR('',#14599,1.);
#8794=VECTOR('',#14600,1.);
#8795=VECTOR('',#14603,1.);
#8796=VECTOR('',#14604,1.);
#8797=VECTOR('',#14607,1.);
#8798=VECTOR('',#14608,1.);
#8799=VECTOR('',#14609,1.);
#8800=VECTOR('',#14610,1.);
#8801=VECTOR('',#14613,1.);
#8802=VECTOR('',#14614,1.);
#8803=VECTOR('',#14615,1.);
#8804=VECTOR('',#14618,1.);
#8805=VECTOR('',#14619,1.);
#8806=VECTOR('',#14620,1.);
#8807=VECTOR('',#14623,1.);
#8808=VECTOR('',#14624,1.);
#8809=VECTOR('',#14625,1.);
#8810=VECTOR('',#14628,1.);
#8811=VECTOR('',#14629,1.);
#8812=VECTOR('',#14630,1.);
#8813=VECTOR('',#14633,1.);
#8814=VECTOR('',#14634,1.);
#8815=VECTOR('',#14637,1.);
#8816=VECTOR('',#14638,1.);
#8817=VECTOR('',#14639,1.);
#8818=VECTOR('',#14640,1.);
#8819=VECTOR('',#14643,1.);
#8820=VECTOR('',#14644,1.);
#8821=VECTOR('',#14645,1.);
#8822=VECTOR('',#14648,1.);
#8823=VECTOR('',#14649,1.);
#8824=VECTOR('',#14650,1.);
#8825=VECTOR('',#14653,1.);
#8826=VECTOR('',#14654,1.);
#8827=VECTOR('',#14655,1.);
#8828=VECTOR('',#14658,1.);
#8829=VECTOR('',#14659,1.);
#8830=VECTOR('',#14660,1.);
#8831=VECTOR('',#14663,1.);
#8832=VECTOR('',#14664,1.);
#8833=VECTOR('',#14667,1.);
#8834=VECTOR('',#14668,1.);
#8835=VECTOR('',#14669,1.);
#8836=VECTOR('',#14670,1.);
#8837=VECTOR('',#14673,1.);
#8838=VECTOR('',#14674,1.);
#8839=VECTOR('',#14675,1.);
#8840=VECTOR('',#14678,1.);
#8841=VECTOR('',#14679,1.);
#8842=VECTOR('',#14680,1.);
#8843=VECTOR('',#14683,1.);
#8844=VECTOR('',#14684,1.);
#8845=VECTOR('',#14685,1.);
#8846=VECTOR('',#14688,1.);
#8847=VECTOR('',#14689,1.);
#8848=VECTOR('',#14690,1.);
#8849=VECTOR('',#14693,1.);
#8850=VECTOR('',#14694,1.);
#8851=VECTOR('',#14697,1.);
#8852=VECTOR('',#14698,1.);
#8853=VECTOR('',#14699,1.);
#8854=VECTOR('',#14700,1.);
#8855=VECTOR('',#14703,1.);
#8856=VECTOR('',#14704,1.);
#8857=VECTOR('',#14705,1.);
#8858=VECTOR('',#14708,1.);
#8859=VECTOR('',#14709,1.);
#8860=VECTOR('',#14710,1.);
#8861=VECTOR('',#14713,1.);
#8862=VECTOR('',#14714,1.);
#8863=VECTOR('',#14715,1.);
#8864=VECTOR('',#14718,1.);
#8865=VECTOR('',#14719,1.);
#8866=VECTOR('',#14720,1.);
#8867=VECTOR('',#14723,1.);
#8868=VECTOR('',#14724,1.);
#8869=VECTOR('',#14727,1.);
#8870=VECTOR('',#14728,1.);
#8871=VECTOR('',#14729,1.);
#8872=VECTOR('',#14730,1.);
#8873=VECTOR('',#14733,1.);
#8874=VECTOR('',#14734,1.);
#8875=VECTOR('',#14735,1.);
#8876=VECTOR('',#14738,1.);
#8877=VECTOR('',#14739,1.);
#8878=VECTOR('',#14740,1.);
#8879=VECTOR('',#14743,1.);
#8880=VECTOR('',#14744,1.);
#8881=VECTOR('',#14745,1.);
#8882=VECTOR('',#14748,1.);
#8883=VECTOR('',#14749,1.);
#8884=VECTOR('',#14750,1.);
#8885=VECTOR('',#14753,1.);
#8886=VECTOR('',#14754,1.);
#8887=VECTOR('',#14757,1.);
#8888=VECTOR('',#14758,1.);
#8889=VECTOR('',#14759,1.);
#8890=VECTOR('',#14760,1.);
#8891=VECTOR('',#14763,1.);
#8892=VECTOR('',#14764,1.);
#8893=VECTOR('',#14765,1.);
#8894=VECTOR('',#14768,1.);
#8895=VECTOR('',#14769,1.);
#8896=VECTOR('',#14770,1.);
#8897=VECTOR('',#14773,1.);
#8898=VECTOR('',#14774,1.);
#8899=VECTOR('',#14775,1.);
#8900=VECTOR('',#14778,1.);
#8901=VECTOR('',#14779,1.);
#8902=VECTOR('',#14780,1.);
#8903=VECTOR('',#14783,1.);
#8904=VECTOR('',#14784,1.);
#8905=VECTOR('',#14787,1.);
#8906=VECTOR('',#14788,1.);
#8907=VECTOR('',#14789,1.);
#8908=VECTOR('',#14790,1.);
#8909=VECTOR('',#14793,1.);
#8910=VECTOR('',#14794,1.);
#8911=VECTOR('',#14795,1.);
#8912=VECTOR('',#14798,1.);
#8913=VECTOR('',#14799,1.);
#8914=VECTOR('',#14800,1.);
#8915=VECTOR('',#14803,1.);
#8916=VECTOR('',#14804,1.);
#8917=VECTOR('',#14805,1.);
#8918=VECTOR('',#14808,1.);
#8919=VECTOR('',#14809,1.);
#8920=VECTOR('',#14810,1.);
#8921=VECTOR('',#14813,1.);
#8922=VECTOR('',#14814,1.);
#8923=VECTOR('',#14817,1.);
#8924=VECTOR('',#14818,1.);
#8925=VECTOR('',#14819,1.);
#8926=VECTOR('',#14820,1.);
#8927=VECTOR('',#14823,1.);
#8928=VECTOR('',#14824,1.);
#8929=VECTOR('',#14825,1.);
#8930=VECTOR('',#14828,1.);
#8931=VECTOR('',#14829,1.);
#8932=VECTOR('',#14830,1.);
#8933=VECTOR('',#14833,1.);
#8934=VECTOR('',#14834,1.);
#8935=VECTOR('',#14835,1.);
#8936=VECTOR('',#14838,1.);
#8937=VECTOR('',#14839,1.);
#8938=VECTOR('',#14840,1.);
#8939=VECTOR('',#14843,1.);
#8940=VECTOR('',#14844,1.);
#8941=VECTOR('',#14847,1.);
#8942=VECTOR('',#14848,1.);
#8943=VECTOR('',#14849,1.);
#8944=VECTOR('',#14850,1.);
#8945=VECTOR('',#14853,1.);
#8946=VECTOR('',#14854,1.);
#8947=VECTOR('',#14855,1.);
#8948=VECTOR('',#14858,1.);
#8949=VECTOR('',#14859,1.);
#8950=VECTOR('',#14860,1.);
#8951=VECTOR('',#14863,1.);
#8952=VECTOR('',#14864,1.);
#8953=VECTOR('',#14865,1.);
#8954=VECTOR('',#14868,1.);
#8955=VECTOR('',#14869,1.);
#8956=VECTOR('',#14870,1.);
#8957=VECTOR('',#14873,1.);
#8958=VECTOR('',#14874,1.);
#8959=VECTOR('',#14877,1.);
#8960=VECTOR('',#14878,1.);
#8961=VECTOR('',#14879,1.);
#8962=VECTOR('',#14880,1.);
#8963=VECTOR('',#14883,1.);
#8964=VECTOR('',#14884,1.);
#8965=VECTOR('',#14885,1.);
#8966=VECTOR('',#14888,1.);
#8967=VECTOR('',#14889,1.);
#8968=VECTOR('',#14890,1.);
#8969=VECTOR('',#14893,1.);
#8970=VECTOR('',#14894,1.);
#8971=VECTOR('',#14895,1.);
#8972=VECTOR('',#14898,1.);
#8973=VECTOR('',#14899,1.);
#8974=VECTOR('',#14900,1.);
#8975=VECTOR('',#14903,1.);
#8976=VECTOR('',#14904,1.);
#8977=VECTOR('',#14907,1.);
#8978=VECTOR('',#14908,1.);
#8979=VECTOR('',#14909,1.);
#8980=VECTOR('',#14910,1.);
#8981=VECTOR('',#14913,1.);
#8982=VECTOR('',#14914,1.);
#8983=VECTOR('',#14915,1.);
#8984=VECTOR('',#14918,1.);
#8985=VECTOR('',#14919,1.);
#8986=VECTOR('',#14920,1.);
#8987=VECTOR('',#14923,1.);
#8988=VECTOR('',#14924,1.);
#8989=VECTOR('',#14925,1.);
#8990=VECTOR('',#14928,1.);
#8991=VECTOR('',#14929,1.);
#8992=VECTOR('',#14930,1.);
#8993=VECTOR('',#14933,1.);
#8994=VECTOR('',#14934,1.);
#8995=VECTOR('',#14937,1.);
#8996=VECTOR('',#14938,1.);
#8997=VECTOR('',#14939,1.);
#8998=VECTOR('',#14940,1.);
#8999=VECTOR('',#14943,1.);
#9000=VECTOR('',#14944,1.);
#9001=VECTOR('',#14945,1.);
#9002=VECTOR('',#14948,1.);
#9003=VECTOR('',#14949,1.);
#9004=VECTOR('',#14950,1.);
#9005=VECTOR('',#14953,1.);
#9006=VECTOR('',#14954,1.);
#9007=VECTOR('',#14955,1.);
#9008=VECTOR('',#14958,1.);
#9009=VECTOR('',#14959,1.);
#9010=VECTOR('',#14960,1.);
#9011=VECTOR('',#14963,1.);
#9012=VECTOR('',#14964,1.);
#9013=VECTOR('',#14967,1.);
#9014=VECTOR('',#14968,1.);
#9015=VECTOR('',#14969,1.);
#9016=VECTOR('',#14970,1.);
#9017=VECTOR('',#14973,1.);
#9018=VECTOR('',#14974,1.);
#9019=VECTOR('',#14975,1.);
#9020=VECTOR('',#14976,1.);
#9021=VECTOR('',#14977,1.);
#9022=VECTOR('',#14980,1.);
#9023=VECTOR('',#14981,1.);
#9024=VECTOR('',#14982,1.);
#9025=VECTOR('',#14985,1.);
#9026=VECTOR('',#14986,1.);
#9027=VECTOR('',#14987,1.);
#9028=VECTOR('',#14988,1.);
#9029=VECTOR('',#14989,1.);
#9030=VECTOR('',#14992,1.);
#9031=VECTOR('',#14993,1.);
#9032=VECTOR('',#14994,1.);
#9033=VECTOR('',#14997,1.);
#9034=VECTOR('',#14998,1.);
#9035=VECTOR('',#15001,1.);
#9036=VECTOR('',#15002,1.);
#9037=VECTOR('',#15003,1.);
#9038=VECTOR('',#15004,1.);
#9039=VECTOR('',#15007,1.);
#9040=VECTOR('',#15008,1.);
#9041=VECTOR('',#15009,1.);
#9042=VECTOR('',#15012,1.);
#9043=VECTOR('',#15013,1.);
#9044=VECTOR('',#15014,1.);
#9045=VECTOR('',#15017,1.);
#9046=VECTOR('',#15018,1.);
#9047=VECTOR('',#15019,1.);
#9048=VECTOR('',#15022,1.);
#9049=VECTOR('',#15023,1.);
#9050=VECTOR('',#15024,1.);
#9051=VECTOR('',#15027,1.);
#9052=VECTOR('',#15028,1.);
#9053=VECTOR('',#15031,1.);
#9054=VECTOR('',#15032,1.);
#9055=VECTOR('',#15033,1.);
#9056=VECTOR('',#15034,1.);
#9057=VECTOR('',#15037,1.);
#9058=VECTOR('',#15038,1.);
#9059=VECTOR('',#15039,1.);
#9060=VECTOR('',#15042,1.);
#9061=VECTOR('',#15043,1.);
#9062=VECTOR('',#15044,1.);
#9063=VECTOR('',#15047,1.);
#9064=VECTOR('',#15048,1.);
#9065=VECTOR('',#15049,1.);
#9066=VECTOR('',#15052,1.);
#9067=VECTOR('',#15053,1.);
#9068=VECTOR('',#15054,1.);
#9069=VECTOR('',#15057,1.);
#9070=VECTOR('',#15058,1.);
#9071=VECTOR('',#15061,1.);
#9072=VECTOR('',#15062,1.);
#9073=VECTOR('',#15063,1.);
#9074=VECTOR('',#15064,1.);
#9075=VECTOR('',#15067,1.);
#9076=VECTOR('',#15068,1.);
#9077=VECTOR('',#15069,1.);
#9078=VECTOR('',#15072,1.);
#9079=VECTOR('',#15073,1.);
#9080=VECTOR('',#15074,1.);
#9081=VECTOR('',#15077,1.);
#9082=VECTOR('',#15078,1.);
#9083=VECTOR('',#15079,1.);
#9084=VECTOR('',#15082,1.);
#9085=VECTOR('',#15083,1.);
#9086=VECTOR('',#15084,1.);
#9087=VECTOR('',#15087,1.);
#9088=VECTOR('',#15088,1.);
#9089=VECTOR('',#15091,1.);
#9090=VECTOR('',#15092,1.);
#9091=VECTOR('',#15093,1.);
#9092=VECTOR('',#15094,1.);
#9093=VECTOR('',#15097,1.);
#9094=VECTOR('',#15098,1.);
#9095=VECTOR('',#15099,1.);
#9096=VECTOR('',#15102,1.);
#9097=VECTOR('',#15103,1.);
#9098=VECTOR('',#15104,1.);
#9099=VECTOR('',#15107,1.);
#9100=VECTOR('',#15108,1.);
#9101=VECTOR('',#15109,1.);
#9102=VECTOR('',#15112,1.);
#9103=VECTOR('',#15113,1.);
#9104=VECTOR('',#15114,1.);
#9105=VECTOR('',#15117,1.);
#9106=VECTOR('',#15118,1.);
#9107=VECTOR('',#15121,1.);
#9108=VECTOR('',#15122,1.);
#9109=VECTOR('',#15123,1.);
#9110=VECTOR('',#15124,1.);
#9111=VECTOR('',#15127,1.);
#9112=VECTOR('',#15128,1.);
#9113=VECTOR('',#15129,1.);
#9114=VECTOR('',#15132,1.);
#9115=VECTOR('',#15133,1.);
#9116=VECTOR('',#15134,1.);
#9117=VECTOR('',#15137,1.);
#9118=VECTOR('',#15138,1.);
#9119=VECTOR('',#15139,1.);
#9120=VECTOR('',#15142,1.);
#9121=VECTOR('',#15143,1.);
#9122=VECTOR('',#15144,1.);
#9123=VECTOR('',#15147,1.);
#9124=VECTOR('',#15148,1.);
#9125=VECTOR('',#15151,1.);
#9126=VECTOR('',#15152,1.);
#9127=VECTOR('',#15153,1.);
#9128=VECTOR('',#15154,1.);
#9129=VECTOR('',#15157,1.);
#9130=VECTOR('',#15158,1.);
#9131=VECTOR('',#15159,1.);
#9132=VECTOR('',#15160,1.);
#9133=VECTOR('',#15163,1.);
#9134=VECTOR('',#15164,1.);
#9135=VECTOR('',#15165,1.);
#9136=VECTOR('',#15168,1.);
#9137=VECTOR('',#15169,1.);
#9138=VECTOR('',#15170,1.);
#9139=VECTOR('',#15173,1.);
#9140=VECTOR('',#15174,1.);
#9141=VECTOR('',#15175,1.);
#9142=VECTOR('',#15176,1.);
#9143=VECTOR('',#15177,1.);
#9144=VECTOR('',#15180,1.);
#9145=VECTOR('',#15181,1.);
#9146=VECTOR('',#15184,1.);
#9147=VECTOR('',#15185,1.);
#9148=VECTOR('',#15186,1.);
#9149=VECTOR('',#15187,1.);
#9150=VECTOR('',#15190,1.);
#9151=VECTOR('',#15191,1.);
#9152=VECTOR('',#15192,1.);
#9153=VECTOR('',#15195,1.);
#9154=VECTOR('',#15196,1.);
#9155=VECTOR('',#15197,1.);
#9156=VECTOR('',#15200,1.);
#9157=VECTOR('',#15201,1.);
#9158=VECTOR('',#15202,1.);
#9159=VECTOR('',#15205,1.);
#9160=VECTOR('',#15206,1.);
#9161=VECTOR('',#15207,1.);
#9162=VECTOR('',#15210,1.);
#9163=VECTOR('',#15211,1.);
#9164=VECTOR('',#15214,1.);
#9165=VECTOR('',#15215,1.);
#9166=VECTOR('',#15216,1.);
#9167=VECTOR('',#15217,1.);
#9168=VECTOR('',#15220,1.);
#9169=VECTOR('',#15221,1.);
#9170=VECTOR('',#15222,1.);
#9171=VECTOR('',#15225,1.);
#9172=VECTOR('',#15226,1.);
#9173=VECTOR('',#15227,1.);
#9174=VECTOR('',#15230,1.);
#9175=VECTOR('',#15231,1.);
#9176=VECTOR('',#15232,1.);
#9177=VECTOR('',#15235,1.);
#9178=VECTOR('',#15236,1.);
#9179=VECTOR('',#15237,1.);
#9180=VECTOR('',#15240,1.);
#9181=VECTOR('',#15241,1.);
#9182=VECTOR('',#15244,1.);
#9183=VECTOR('',#15245,1.);
#9184=VECTOR('',#15246,1.);
#9185=VECTOR('',#15247,1.);
#9186=VECTOR('',#15250,1.);
#9187=VECTOR('',#15251,1.);
#9188=VECTOR('',#15252,1.);
#9189=VECTOR('',#15255,1.);
#9190=VECTOR('',#15256,1.);
#9191=VECTOR('',#15257,1.);
#9192=VECTOR('',#15260,1.);
#9193=VECTOR('',#15261,1.);
#9194=VECTOR('',#15262,1.);
#9195=VECTOR('',#15265,1.);
#9196=VECTOR('',#15266,1.);
#9197=VECTOR('',#15267,1.);
#9198=VECTOR('',#15270,1.);
#9199=VECTOR('',#15271,1.);
#9200=VECTOR('',#15274,1.);
#9201=VECTOR('',#15275,1.);
#9202=VECTOR('',#15276,1.);
#9203=VECTOR('',#15277,1.);
#9204=VECTOR('',#15280,1.);
#9205=VECTOR('',#15281,1.);
#9206=VECTOR('',#15282,1.);
#9207=VECTOR('',#15285,1.);
#9208=VECTOR('',#15286,1.);
#9209=VECTOR('',#15287,1.);
#9210=VECTOR('',#15290,1.);
#9211=VECTOR('',#15291,1.);
#9212=VECTOR('',#15292,1.);
#9213=VECTOR('',#15295,1.);
#9214=VECTOR('',#15296,1.);
#9215=VECTOR('',#15297,1.);
#9216=VECTOR('',#15300,1.);
#9217=VECTOR('',#15301,1.);
#9218=VECTOR('',#15304,1.);
#9219=VECTOR('',#15305,1.);
#9220=VECTOR('',#15306,1.);
#9221=VECTOR('',#15307,1.);
#9222=VECTOR('',#15310,1.);
#9223=VECTOR('',#15311,1.);
#9224=VECTOR('',#15312,1.);
#9225=VECTOR('',#15315,1.);
#9226=VECTOR('',#15316,1.);
#9227=VECTOR('',#15317,1.);
#9228=VECTOR('',#15320,1.);
#9229=VECTOR('',#15321,1.);
#9230=VECTOR('',#15322,1.);
#9231=VECTOR('',#15325,1.);
#9232=VECTOR('',#15326,1.);
#9233=VECTOR('',#15327,1.);
#9234=VECTOR('',#15330,1.);
#9235=VECTOR('',#15331,1.);
#9236=VECTOR('',#15334,1.);
#9237=VECTOR('',#15335,1.);
#9238=VECTOR('',#15336,1.);
#9239=VECTOR('',#15337,1.);
#9240=VECTOR('',#15340,1.);
#9241=VECTOR('',#15341,1.);
#9242=VECTOR('',#15342,1.);
#9243=VECTOR('',#15345,1.);
#9244=VECTOR('',#15346,1.);
#9245=VECTOR('',#15347,1.);
#9246=VECTOR('',#15350,1.);
#9247=VECTOR('',#15351,1.);
#9248=VECTOR('',#15352,1.);
#9249=VECTOR('',#15355,1.);
#9250=VECTOR('',#15356,1.);
#9251=VECTOR('',#15357,1.);
#9252=VECTOR('',#15360,1.);
#9253=VECTOR('',#15361,1.);
#9254=VECTOR('',#15364,1.);
#9255=VECTOR('',#15365,1.);
#9256=VECTOR('',#15366,1.);
#9257=VECTOR('',#15367,1.);
#9258=VECTOR('',#15370,1.);
#9259=VECTOR('',#15371,1.);
#9260=VECTOR('',#15372,1.);
#9261=VECTOR('',#15375,1.);
#9262=VECTOR('',#15376,1.);
#9263=VECTOR('',#15377,1.);
#9264=VECTOR('',#15380,1.);
#9265=VECTOR('',#15381,1.);
#9266=VECTOR('',#15382,1.);
#9267=VECTOR('',#15385,1.);
#9268=VECTOR('',#15386,1.);
#9269=VECTOR('',#15387,1.);
#9270=VECTOR('',#15390,1.);
#9271=VECTOR('',#15391,1.);
#9272=VECTOR('',#15394,1.);
#9273=VECTOR('',#15395,1.);
#9274=VECTOR('',#15396,1.);
#9275=VECTOR('',#15397,1.);
#9276=VECTOR('',#15400,1.);
#9277=VECTOR('',#15401,1.);
#9278=VECTOR('',#15402,1.);
#9279=VECTOR('',#15405,1.);
#9280=VECTOR('',#15406,1.);
#9281=VECTOR('',#15407,1.);
#9282=VECTOR('',#15410,1.);
#9283=VECTOR('',#15411,1.);
#9284=VECTOR('',#15412,1.);
#9285=VECTOR('',#15415,1.);
#9286=VECTOR('',#15416,1.);
#9287=VECTOR('',#15417,1.);
#9288=VECTOR('',#15420,1.);
#9289=VECTOR('',#15421,1.);
#9290=VECTOR('',#15424,1.);
#9291=VECTOR('',#15425,1.);
#9292=VECTOR('',#15426,1.);
#9293=VECTOR('',#15427,1.);
#9294=VECTOR('',#15430,1.);
#9295=VECTOR('',#15431,1.);
#9296=VECTOR('',#15432,1.);
#9297=VECTOR('',#15435,1.);
#9298=VECTOR('',#15436,1.);
#9299=VECTOR('',#15437,1.);
#9300=VECTOR('',#15440,1.);
#9301=VECTOR('',#15441,1.);
#9302=VECTOR('',#15442,1.);
#9303=VECTOR('',#15445,1.);
#9304=VECTOR('',#15446,1.);
#9305=VECTOR('',#15447,1.);
#9306=VECTOR('',#15450,1.);
#9307=VECTOR('',#15451,1.);
#9308=VECTOR('',#15454,1.);
#9309=VECTOR('',#15455,1.);
#9310=VECTOR('',#15456,1.);
#9311=VECTOR('',#15457,1.);
#9312=VECTOR('',#15460,1.);
#9313=VECTOR('',#15461,1.);
#9314=VECTOR('',#15462,1.);
#9315=VECTOR('',#15465,1.);
#9316=VECTOR('',#15466,1.);
#9317=VECTOR('',#15467,1.);
#9318=VECTOR('',#15470,1.);
#9319=VECTOR('',#15471,1.);
#9320=VECTOR('',#15472,1.);
#9321=VECTOR('',#15475,1.);
#9322=VECTOR('',#15476,1.);
#9323=VECTOR('',#15477,1.);
#9324=VECTOR('',#15480,1.);
#9325=VECTOR('',#15481,1.);
#9326=VECTOR('',#15484,1.);
#9327=VECTOR('',#15485,1.);
#9328=VECTOR('',#15486,1.);
#9329=VECTOR('',#15487,1.);
#9330=VECTOR('',#15490,1.);
#9331=VECTOR('',#15491,1.);
#9332=VECTOR('',#15492,1.);
#9333=VECTOR('',#15495,1.);
#9334=VECTOR('',#15496,1.);
#9335=VECTOR('',#15497,1.);
#9336=VECTOR('',#15500,1.);
#9337=VECTOR('',#15501,1.);
#9338=VECTOR('',#15502,1.);
#9339=VECTOR('',#15505,1.);
#9340=VECTOR('',#15506,1.);
#9341=VECTOR('',#15507,1.);
#9342=VECTOR('',#15510,1.);
#9343=VECTOR('',#15511,1.);
#9344=VECTOR('',#15514,1.);
#9345=VECTOR('',#15515,1.);
#9346=VECTOR('',#15516,1.);
#9347=VECTOR('',#15517,1.);
#9348=VECTOR('',#15520,1.);
#9349=VECTOR('',#15521,1.);
#9350=VECTOR('',#15522,1.);
#9351=VECTOR('',#15525,1.);
#9352=VECTOR('',#15526,1.);
#9353=VECTOR('',#15527,1.);
#9354=VECTOR('',#15530,1.);
#9355=VECTOR('',#15531,1.);
#9356=VECTOR('',#15532,1.);
#9357=VECTOR('',#15535,1.);
#9358=VECTOR('',#15536,1.);
#9359=VECTOR('',#15537,1.);
#9360=VECTOR('',#15540,1.);
#9361=VECTOR('',#15541,1.);
#9362=VECTOR('',#15544,1.);
#9363=VECTOR('',#15545,1.);
#9364=VECTOR('',#15546,1.);
#9365=VECTOR('',#15547,1.);
#9366=VECTOR('',#15550,1.);
#9367=VECTOR('',#15551,1.);
#9368=VECTOR('',#15552,1.);
#9369=VECTOR('',#15555,1.);
#9370=VECTOR('',#15556,1.);
#9371=VECTOR('',#15557,1.);
#9372=VECTOR('',#15560,1.);
#9373=VECTOR('',#15561,1.);
#9374=VECTOR('',#15562,1.);
#9375=VECTOR('',#15565,1.);
#9376=VECTOR('',#15566,1.);
#9377=VECTOR('',#15567,1.);
#9378=VECTOR('',#15570,1.);
#9379=VECTOR('',#15571,1.);
#9380=VECTOR('',#15574,1.);
#9381=VECTOR('',#15575,1.);
#9382=VECTOR('',#15576,1.);
#9383=VECTOR('',#15577,1.);
#9384=VECTOR('',#15580,1.);
#9385=VECTOR('',#15581,1.);
#9386=VECTOR('',#15582,1.);
#9387=VECTOR('',#15585,1.);
#9388=VECTOR('',#15586,1.);
#9389=VECTOR('',#15587,1.);
#9390=VECTOR('',#15590,1.);
#9391=VECTOR('',#15591,1.);
#9392=VECTOR('',#15592,1.);
#9393=VECTOR('',#15595,1.);
#9394=VECTOR('',#15596,1.);
#9395=VECTOR('',#15597,1.);
#9396=VECTOR('',#15600,1.);
#9397=VECTOR('',#15601,1.);
#9398=VECTOR('',#15604,1.);
#9399=VECTOR('',#15605,1.);
#9400=VECTOR('',#15606,1.);
#9401=VECTOR('',#15607,1.);
#9402=VECTOR('',#15610,1.);
#9403=VECTOR('',#15611,1.);
#9404=VECTOR('',#15612,1.);
#9405=VECTOR('',#15615,1.);
#9406=VECTOR('',#15616,1.);
#9407=VECTOR('',#15617,1.);
#9408=VECTOR('',#15620,1.);
#9409=VECTOR('',#15621,1.);
#9410=VECTOR('',#15622,1.);
#9411=VECTOR('',#15625,1.);
#9412=VECTOR('',#15626,1.);
#9413=VECTOR('',#15627,1.);
#9414=VECTOR('',#15630,1.);
#9415=VECTOR('',#15631,1.);
#9416=VECTOR('',#15634,1.);
#9417=VECTOR('',#15635,1.);
#9418=VECTOR('',#15636,1.);
#9419=VECTOR('',#15637,1.);
#9420=VECTOR('',#15640,1.);
#9421=VECTOR('',#15641,1.);
#9422=VECTOR('',#15642,1.);
#9423=VECTOR('',#15645,1.);
#9424=VECTOR('',#15646,1.);
#9425=VECTOR('',#15647,1.);
#9426=VECTOR('',#15650,1.);
#9427=VECTOR('',#15651,1.);
#9428=VECTOR('',#15652,1.);
#9429=VECTOR('',#15655,1.);
#9430=VECTOR('',#15656,1.);
#9431=VECTOR('',#15657,1.);
#9432=VECTOR('',#15660,1.);
#9433=VECTOR('',#15661,1.);
#9434=VECTOR('',#15664,1.);
#9435=VECTOR('',#15665,1.);
#9436=VECTOR('',#15666,1.);
#9437=VECTOR('',#15667,1.);
#9438=VECTOR('',#15670,1.);
#9439=VECTOR('',#15671,1.);
#9440=VECTOR('',#15672,1.);
#9441=VECTOR('',#15675,1.);
#9442=VECTOR('',#15676,1.);
#9443=VECTOR('',#15677,1.);
#9444=VECTOR('',#15680,1.);
#9445=VECTOR('',#15681,1.);
#9446=VECTOR('',#15682,1.);
#9447=VECTOR('',#15685,1.);
#9448=VECTOR('',#15686,1.);
#9449=VECTOR('',#15687,1.);
#9450=VECTOR('',#15690,1.);
#9451=VECTOR('',#15691,1.);
#9452=VECTOR('',#15694,1.);
#9453=VECTOR('',#15695,1.);
#9454=VECTOR('',#15696,1.);
#9455=VECTOR('',#15697,1.);
#9456=VECTOR('',#15700,1.);
#9457=VECTOR('',#15701,1.);
#9458=VECTOR('',#15702,1.);
#9459=VECTOR('',#15705,1.);
#9460=VECTOR('',#15706,1.);
#9461=VECTOR('',#15707,1.);
#9462=VECTOR('',#15710,1.);
#9463=VECTOR('',#15711,1.);
#9464=VECTOR('',#15712,1.);
#9465=VECTOR('',#15715,1.);
#9466=VECTOR('',#15716,1.);
#9467=VECTOR('',#15717,1.);
#9468=VECTOR('',#15720,1.);
#9469=VECTOR('',#15721,1.);
#9470=VECTOR('',#15724,1.);
#9471=VECTOR('',#15725,1.);
#9472=VECTOR('',#15726,1.);
#9473=VECTOR('',#15727,1.);
#9474=VECTOR('',#15730,1.);
#9475=VECTOR('',#15731,1.);
#9476=VECTOR('',#15732,1.);
#9477=VECTOR('',#15735,1.);
#9478=VECTOR('',#15736,1.);
#9479=VECTOR('',#15737,1.);
#9480=VECTOR('',#15740,1.);
#9481=VECTOR('',#15741,1.);
#9482=VECTOR('',#15742,1.);
#9483=VECTOR('',#15745,1.);
#9484=VECTOR('',#15746,1.);
#9485=VECTOR('',#15747,1.);
#9486=VECTOR('',#15750,1.);
#9487=VECTOR('',#15751,1.);
#9488=VECTOR('',#15754,1.);
#9489=VECTOR('',#15755,1.);
#9490=VECTOR('',#15756,1.);
#9491=VECTOR('',#15757,1.);
#9492=VECTOR('',#15760,1.);
#9493=VECTOR('',#15761,1.);
#9494=VECTOR('',#15762,1.);
#9495=VECTOR('',#15765,1.);
#9496=VECTOR('',#15766,1.);
#9497=VECTOR('',#15767,1.);
#9498=VECTOR('',#15770,1.);
#9499=VECTOR('',#15771,1.);
#9500=VECTOR('',#15772,1.);
#9501=VECTOR('',#15775,1.);
#9502=VECTOR('',#15776,1.);
#9503=VECTOR('',#15777,1.);
#9504=VECTOR('',#15780,1.);
#9505=VECTOR('',#15781,1.);
#9506=VECTOR('',#15784,1.);
#9507=VECTOR('',#15785,1.);
#9508=VECTOR('',#15786,1.);
#9509=VECTOR('',#15787,1.);
#9510=VECTOR('',#15790,1.);
#9511=VECTOR('',#15791,1.);
#9512=VECTOR('',#15792,1.);
#9513=VECTOR('',#15795,1.);
#9514=VECTOR('',#15796,1.);
#9515=VECTOR('',#15797,1.);
#9516=VECTOR('',#15800,1.);
#9517=VECTOR('',#15801,1.);
#9518=VECTOR('',#15802,1.);
#9519=VECTOR('',#15805,1.);
#9520=VECTOR('',#15806,1.);
#9521=VECTOR('',#15807,1.);
#9522=VECTOR('',#15810,1.);
#9523=VECTOR('',#15811,1.);
#9524=VECTOR('',#15814,1.);
#9525=VECTOR('',#15815,1.);
#9526=VECTOR('',#15816,1.);
#9527=VECTOR('',#15817,1.);
#9528=VECTOR('',#15820,1.);
#9529=VECTOR('',#15821,1.);
#9530=VECTOR('',#15822,1.);
#9531=VECTOR('',#15825,1.);
#9532=VECTOR('',#15826,1.);
#9533=VECTOR('',#15827,1.);
#9534=VECTOR('',#15830,1.);
#9535=VECTOR('',#15831,1.);
#9536=VECTOR('',#15832,1.);
#9537=VECTOR('',#15835,1.);
#9538=VECTOR('',#15836,1.);
#9539=VECTOR('',#15837,1.);
#9540=VECTOR('',#15840,1.);
#9541=VECTOR('',#15841,1.);
#9542=VECTOR('',#15844,1.);
#9543=VECTOR('',#15845,1.);
#9544=VECTOR('',#15846,1.);
#9545=VECTOR('',#15847,1.);
#9546=VECTOR('',#15850,1.);
#9547=VECTOR('',#15851,1.);
#9548=VECTOR('',#15852,1.);
#9549=VECTOR('',#15855,1.);
#9550=VECTOR('',#15856,1.);
#9551=VECTOR('',#15857,1.);
#9552=VECTOR('',#15860,1.);
#9553=VECTOR('',#15861,1.);
#9554=VECTOR('',#15862,1.);
#9555=VECTOR('',#15865,1.);
#9556=VECTOR('',#15866,1.);
#9557=VECTOR('',#15867,1.);
#9558=VECTOR('',#15870,1.);
#9559=VECTOR('',#15871,1.);
#9560=VECTOR('',#15878,1.);
#9561=VECTOR('',#15879,1.);
#9562=VECTOR('',#15880,1.);
#9563=VECTOR('',#15881,1.);
#9564=VECTOR('',#15882,1.);
#9565=VECTOR('',#15883,1.);
#9566=VECTOR('',#15888,1.);
#9567=VECTOR('',#15889,1.);
#9568=VECTOR('',#15890,1.);
#9569=VECTOR('',#15891,1.);
#9570=VECTOR('',#15892,1.);
#9571=VECTOR('',#15893,1.);
#9572=VECTOR('',#15894,1.);
#9573=VECTOR('',#15895,1.);
#9574=VECTOR('',#15896,1.);
#9575=VECTOR('',#15897,1.);
#9576=VECTOR('',#15898,1.);
#9577=VECTOR('',#15899,1.);
#9578=VECTOR('',#15908,1.);
#9579=VECTOR('',#15909,1.);
#9580=VECTOR('',#15910,1.);
#9581=VECTOR('',#15911,1.);
#9582=VECTOR('',#15912,1.);
#9583=VECTOR('',#15913,1.);
#9584=VECTOR('',#15914,1.);
#9585=VECTOR('',#15915,1.);
#9586=VECTOR('',#15916,1.);
#9587=VECTOR('',#15917,1.);
#9588=VECTOR('',#15918,1.);
#9589=VECTOR('',#15919,1.);
#9590=VECTOR('',#15920,1.);
#9591=VECTOR('',#15921,1.);
#9592=VECTOR('',#15926,1.);
#9593=VECTOR('',#15927,1.);
#9594=VECTOR('',#15928,1.);
#9595=VECTOR('',#15931,1.);
#9596=VECTOR('',#15932,1.);
#9597=VECTOR('',#15935,1.);
#9598=VECTOR('',#15936,1.);
#9599=VECTOR('',#15937,1.);
#9600=VECTOR('',#15940,1.);
#9601=VECTOR('',#15941,1.);
#9602=VECTOR('',#15944,1.);
#9603=VECTOR('',#15949,1.);
#9604=VECTOR('',#15952,1.);
#9605=VECTOR('',#15953,1.);
#9606=VECTOR('',#15954,1.);
#9607=VECTOR('',#15957,1.);
#9608=VECTOR('',#15958,1.);
#9609=VECTOR('',#15959,1.);
#9610=VECTOR('',#15962,1.);
#9611=VECTOR('',#15965,1.);
#9612=VECTOR('',#15966,1.);
#9613=VECTOR('',#15967,1.);
#9614=VECTOR('',#15976,1.);
#9615=VECTOR('',#15977,1.);
#9616=VECTOR('',#15978,1.);
#9617=VECTOR('',#15979,1.);
#9618=VECTOR('',#15982,1.);
#9619=VECTOR('',#15983,1.);
#9620=VECTOR('',#15984,1.);
#9621=VECTOR('',#15987,1.);
#9622=VECTOR('',#15988,1.);
#9623=VECTOR('',#15989,1.);
#9624=VECTOR('',#15992,1.);
#9625=VECTOR('',#15999,1.);
#9626=VECTOR('',#16000,1.);
#9627=VECTOR('',#16003,1.);
#9628=VECTOR('',#16006,1.);
#9629=VECTOR('',#16011,1.);
#9630=VECTOR('',#16012,1.);
#9631=VECTOR('',#16015,1.);
#9632=VECTOR('',#16018,1.);
#9633=VECTOR('',#16021,1.);
#9634=VECTOR('',#16024,1.);
#9635=VECTOR('',#16037,1.);
#9636=EDGE_LOOP('',(#88,#89,#90,#91));
#9637=EDGE_LOOP('',(#92,#93,#94,#95,#96,#97,#98));
#9638=EDGE_LOOP('',(#99,#100,#101,#102,#103,#104,#105));
#9639=EDGE_LOOP('',(#106));
#9640=EDGE_LOOP('',(#107));
#9641=EDGE_LOOP('',(#108));
#9642=EDGE_LOOP('',(#109));
#9643=EDGE_LOOP('',(#110));
#9644=EDGE_LOOP('',(#111));
#9645=EDGE_LOOP('',(#112));
#9646=EDGE_LOOP('',(#113));
#9647=EDGE_LOOP('',(#114));
#9648=EDGE_LOOP('',(#115,#116,#117,#118));
#9649=EDGE_LOOP('',(#119,#120,#121,#122,#123,#124,#125,#126));
#9650=EDGE_LOOP('',(#127,#128,#129,#130));
#9651=EDGE_LOOP('',(#131));
#9652=EDGE_LOOP('',(#132));
#9653=EDGE_LOOP('',(#133,#134,#135,#136));
#9654=EDGE_LOOP('',(#137));
#9655=EDGE_LOOP('',(#138));
#9656=EDGE_LOOP('',(#139));
#9657=EDGE_LOOP('',(#140));
#9658=EDGE_LOOP('',(#141,#142,#143,#144));
#9659=EDGE_LOOP('',(#145));
#9660=EDGE_LOOP('',(#146));
#9661=EDGE_LOOP('',(#147));
#9662=EDGE_LOOP('',(#148,#149,#150,#151));
#9663=EDGE_LOOP('',(#152));
#9664=EDGE_LOOP('',(#153));
#9665=EDGE_LOOP('',(#154));
#9666=EDGE_LOOP('',(#155));
#9667=EDGE_LOOP('',(#156));
#9668=EDGE_LOOP('',(#157));
#9669=EDGE_LOOP('',(#158));
#9670=EDGE_LOOP('',(#159));
#9671=EDGE_LOOP('',(#160));
#9672=EDGE_LOOP('',(#161));
#9673=EDGE_LOOP('',(#162));
#9674=EDGE_LOOP('',(#163));
#9675=EDGE_LOOP('',(#164));
#9676=EDGE_LOOP('',(#165));
#9677=EDGE_LOOP('',(#166));
#9678=EDGE_LOOP('',(#167));
#9679=EDGE_LOOP('',(#168));
#9680=EDGE_LOOP('',(#169));
#9681=EDGE_LOOP('',(#170));
#9682=EDGE_LOOP('',(#171));
#9683=EDGE_LOOP('',(#172));
#9684=EDGE_LOOP('',(#173));
#9685=EDGE_LOOP('',(#174));
#9686=EDGE_LOOP('',(#175));
#9687=EDGE_LOOP('',(#176));
#9688=EDGE_LOOP('',(#177));
#9689=EDGE_LOOP('',(#178));
#9690=EDGE_LOOP('',(#179));
#9691=EDGE_LOOP('',(#180));
#9692=EDGE_LOOP('',(#181));
#9693=EDGE_LOOP('',(#182));
#9694=EDGE_LOOP('',(#183));
#9695=EDGE_LOOP('',(#184));
#9696=EDGE_LOOP('',(#185));
#9697=EDGE_LOOP('',(#186));
#9698=EDGE_LOOP('',(#187));
#9699=EDGE_LOOP('',(#188));
#9700=EDGE_LOOP('',(#189));
#9701=EDGE_LOOP('',(#190));
#9702=EDGE_LOOP('',(#191));
#9703=EDGE_LOOP('',(#192));
#9704=EDGE_LOOP('',(#193));
#9705=EDGE_LOOP('',(#194));
#9706=EDGE_LOOP('',(#195));
#9707=EDGE_LOOP('',(#196));
#9708=EDGE_LOOP('',(#197));
#9709=EDGE_LOOP('',(#198));
#9710=EDGE_LOOP('',(#199));
#9711=EDGE_LOOP('',(#200));
#9712=EDGE_LOOP('',(#201));
#9713=EDGE_LOOP('',(#202));
#9714=EDGE_LOOP('',(#203));
#9715=EDGE_LOOP('',(#204));
#9716=EDGE_LOOP('',(#205));
#9717=EDGE_LOOP('',(#206,#207,#208,#209));
#9718=EDGE_LOOP('',(#210,#211,#212,#213));
#9719=EDGE_LOOP('',(#214,#215,#216,#217));
#9720=EDGE_LOOP('',(#218,#219,#220,#221,#222,#223,#224,#225));
#9721=EDGE_LOOP('',(#226,#227,#228,#229));
#9722=EDGE_LOOP('',(#230,#231,#232,#233));
#9723=EDGE_LOOP('',(#234,#235,#236,#237));
#9724=EDGE_LOOP('',(#238,#239,#240,#241));
#9725=EDGE_LOOP('',(#242,#243,#244,#245));
#9726=EDGE_LOOP('',(#246,#247,#248,#249));
#9727=EDGE_LOOP('',(#250,#251,#252,#253));
#9728=EDGE_LOOP('',(#254,#255,#256,#257));
#9729=EDGE_LOOP('',(#258,#259,#260,#261));
#9730=EDGE_LOOP('',(#262,#263,#264,#265));
#9731=EDGE_LOOP('',(#266,#267,#268,#269));
#9732=EDGE_LOOP('',(#270,#271,#272,#273));
#9733=EDGE_LOOP('',(#274,#275,#276,#277));
#9734=EDGE_LOOP('',(#278,#279,#280,#281));
#9735=EDGE_LOOP('',(#282,#283,#284,#285));
#9736=EDGE_LOOP('',(#286,#287,#288,#289));
#9737=EDGE_LOOP('',(#290,#291,#292,#293));
#9738=EDGE_LOOP('',(#294,#295,#296,#297));
#9739=EDGE_LOOP('',(#298,#299,#300,#301));
#9740=EDGE_LOOP('',(#302,#303,#304,#305));
#9741=EDGE_LOOP('',(#306,#307,#308,#309));
#9742=EDGE_LOOP('',(#310,#311,#312,#313));
#9743=EDGE_LOOP('',(#314,#315,#316,#317));
#9744=EDGE_LOOP('',(#318,#319,#320,#321));
#9745=EDGE_LOOP('',(#322,#323,#324,#325));
#9746=EDGE_LOOP('',(#326,#327,#328,#329));
#9747=EDGE_LOOP('',(#330,#331,#332,#333));
#9748=EDGE_LOOP('',(#334,#335,#336,#337));
#9749=EDGE_LOOP('',(#338,#339,#340,#341));
#9750=EDGE_LOOP('',(#342,#343,#344,#345));
#9751=EDGE_LOOP('',(#346,#347,#348,#349));
#9752=EDGE_LOOP('',(#350,#351,#352,#353));
#9753=EDGE_LOOP('',(#354,#355,#356,#357));
#9754=EDGE_LOOP('',(#358,#359,#360,#361));
#9755=EDGE_LOOP('',(#362,#363,#364,#365));
#9756=EDGE_LOOP('',(#366,#367,#368,#369));
#9757=EDGE_LOOP('',(#370,#371,#372,#373));
#9758=EDGE_LOOP('',(#374,#375,#376,#377));
#9759=EDGE_LOOP('',(#378,#379,#380,#381));
#9760=EDGE_LOOP('',(#382,#383,#384,#385));
#9761=EDGE_LOOP('',(#386,#387,#388,#389));
#9762=EDGE_LOOP('',(#390,#391,#392,#393));
#9763=EDGE_LOOP('',(#394,#395,#396,#397));
#9764=EDGE_LOOP('',(#398,#399,#400,#401));
#9765=EDGE_LOOP('',(#402,#403,#404,#405));
#9766=EDGE_LOOP('',(#406,#407,#408,#409));
#9767=EDGE_LOOP('',(#410,#411,#412,#413));
#9768=EDGE_LOOP('',(#414,#415,#416,#417));
#9769=EDGE_LOOP('',(#418,#419,#420,#421));
#9770=EDGE_LOOP('',(#422,#423,#424,#425));
#9771=EDGE_LOOP('',(#426,#427,#428,#429));
#9772=EDGE_LOOP('',(#430,#431,#432,#433));
#9773=EDGE_LOOP('',(#434,#435,#436,#437));
#9774=EDGE_LOOP('',(#438,#439,#440,#441));
#9775=EDGE_LOOP('',(#442,#443,#444,#445));
#9776=EDGE_LOOP('',(#446,#447,#448,#449));
#9777=EDGE_LOOP('',(#450,#451,#452,#453));
#9778=EDGE_LOOP('',(#454,#455,#456,#457));
#9779=EDGE_LOOP('',(#458,#459,#460,#461));
#9780=EDGE_LOOP('',(#462,#463,#464,#465));
#9781=EDGE_LOOP('',(#466,#467,#468,#469));
#9782=EDGE_LOOP('',(#470,#471,#472,#473));
#9783=EDGE_LOOP('',(#474,#475,#476,#477));
#9784=EDGE_LOOP('',(#478,#479,#480,#481));
#9785=EDGE_LOOP('',(#482,#483,#484,#485));
#9786=EDGE_LOOP('',(#486,#487,#488,#489));
#9787=EDGE_LOOP('',(#490,#491,#492,#493));
#9788=EDGE_LOOP('',(#494,#495,#496,#497));
#9789=EDGE_LOOP('',(#498,#499,#500,#501));
#9790=EDGE_LOOP('',(#502,#503,#504,#505));
#9791=EDGE_LOOP('',(#506,#507,#508,#509));
#9792=EDGE_LOOP('',(#510,#511,#512,#513));
#9793=EDGE_LOOP('',(#514,#515,#516,#517));
#9794=EDGE_LOOP('',(#518,#519,#520,#521));
#9795=EDGE_LOOP('',(#522,#523,#524,#525));
#9796=EDGE_LOOP('',(#526,#527,#528,#529));
#9797=EDGE_LOOP('',(#530,#531,#532,#533));
#9798=EDGE_LOOP('',(#534,#535,#536,#537));
#9799=EDGE_LOOP('',(#538,#539,#540,#541));
#9800=EDGE_LOOP('',(#542,#543,#544,#545));
#9801=EDGE_LOOP('',(#546,#547,#548,#549));
#9802=EDGE_LOOP('',(#550,#551,#552,#553));
#9803=EDGE_LOOP('',(#554,#555,#556,#557));
#9804=EDGE_LOOP('',(#558,#559,#560,#561));
#9805=EDGE_LOOP('',(#562,#563,#564,#565));
#9806=EDGE_LOOP('',(#566,#567,#568,#569));
#9807=EDGE_LOOP('',(#570,#571,#572,#573));
#9808=EDGE_LOOP('',(#574,#575,#576,#577));
#9809=EDGE_LOOP('',(#578,#579,#580,#581));
#9810=EDGE_LOOP('',(#582,#583,#584,#585));
#9811=EDGE_LOOP('',(#586,#587,#588,#589));
#9812=EDGE_LOOP('',(#590,#591,#592,#593));
#9813=EDGE_LOOP('',(#594,#595,#596,#597));
#9814=EDGE_LOOP('',(#598,#599,#600,#601));
#9815=EDGE_LOOP('',(#602,#603,#604,#605));
#9816=EDGE_LOOP('',(#606,#607,#608,#609));
#9817=EDGE_LOOP('',(#610,#611,#612,#613));
#9818=EDGE_LOOP('',(#614,#615,#616,#617));
#9819=EDGE_LOOP('',(#618,#619,#620,#621));
#9820=EDGE_LOOP('',(#622,#623,#624,#625));
#9821=EDGE_LOOP('',(#626,#627,#628,#629));
#9822=EDGE_LOOP('',(#630,#631,#632,#633));
#9823=EDGE_LOOP('',(#634,#635,#636,#637));
#9824=EDGE_LOOP('',(#638,#639,#640,#641));
#9825=EDGE_LOOP('',(#642,#643,#644,#645));
#9826=EDGE_LOOP('',(#646,#647,#648,#649));
#9827=EDGE_LOOP('',(#650,#651,#652,#653));
#9828=EDGE_LOOP('',(#654,#655,#656,#657));
#9829=EDGE_LOOP('',(#658,#659,#660,#661));
#9830=EDGE_LOOP('',(#662,#663,#664,#665));
#9831=EDGE_LOOP('',(#666,#667,#668,#669));
#9832=EDGE_LOOP('',(#670,#671,#672,#673));
#9833=EDGE_LOOP('',(#674,#675,#676,#677));
#9834=EDGE_LOOP('',(#678,#679,#680,#681));
#9835=EDGE_LOOP('',(#682,#683,#684,#685));
#9836=EDGE_LOOP('',(#686,#687,#688,#689));
#9837=EDGE_LOOP('',(#690,#691,#692,#693));
#9838=EDGE_LOOP('',(#694,#695,#696,#697));
#9839=EDGE_LOOP('',(#698,#699,#700,#701));
#9840=EDGE_LOOP('',(#702,#703,#704,#705));
#9841=EDGE_LOOP('',(#706,#707,#708,#709));
#9842=EDGE_LOOP('',(#710,#711,#712,#713));
#9843=EDGE_LOOP('',(#714,#715,#716,#717));
#9844=EDGE_LOOP('',(#718,#719,#720,#721));
#9845=EDGE_LOOP('',(#722,#723,#724,#725));
#9846=EDGE_LOOP('',(#726,#727,#728,#729));
#9847=EDGE_LOOP('',(#730,#731,#732,#733));
#9848=EDGE_LOOP('',(#734,#735,#736,#737));
#9849=EDGE_LOOP('',(#738,#739,#740,#741));
#9850=EDGE_LOOP('',(#742,#743,#744,#745));
#9851=EDGE_LOOP('',(#746,#747,#748,#749));
#9852=EDGE_LOOP('',(#750,#751,#752,#753));
#9853=EDGE_LOOP('',(#754,#755,#756,#757));
#9854=EDGE_LOOP('',(#758,#759,#760,#761));
#9855=EDGE_LOOP('',(#762,#763,#764,#765));
#9856=EDGE_LOOP('',(#766,#767,#768,#769));
#9857=EDGE_LOOP('',(#770,#771,#772,#773));
#9858=EDGE_LOOP('',(#774,#775,#776,#777));
#9859=EDGE_LOOP('',(#778,#779,#780,#781));
#9860=EDGE_LOOP('',(#782,#783,#784,#785));
#9861=EDGE_LOOP('',(#786,#787,#788,#789));
#9862=EDGE_LOOP('',(#790,#791,#792,#793));
#9863=EDGE_LOOP('',(#794,#795,#796,#797));
#9864=EDGE_LOOP('',(#798,#799,#800,#801));
#9865=EDGE_LOOP('',(#802,#803,#804,#805));
#9866=EDGE_LOOP('',(#806,#807,#808,#809));
#9867=EDGE_LOOP('',(#810,#811,#812,#813));
#9868=EDGE_LOOP('',(#814,#815,#816,#817));
#9869=EDGE_LOOP('',(#818,#819,#820,#821));
#9870=EDGE_LOOP('',(#822,#823,#824,#825));
#9871=EDGE_LOOP('',(#826,#827,#828,#829));
#9872=EDGE_LOOP('',(#830,#831,#832,#833));
#9873=EDGE_LOOP('',(#834,#835,#836,#837));
#9874=EDGE_LOOP('',(#838,#839,#840,#841));
#9875=EDGE_LOOP('',(#842,#843,#844,#845));
#9876=EDGE_LOOP('',(#846,#847,#848,#849));
#9877=EDGE_LOOP('',(#850,#851,#852,#853));
#9878=EDGE_LOOP('',(#854,#855,#856,#857));
#9879=EDGE_LOOP('',(#858,#859,#860,#861));
#9880=EDGE_LOOP('',(#862,#863,#864,#865));
#9881=EDGE_LOOP('',(#866,#867,#868,#869));
#9882=EDGE_LOOP('',(#870,#871,#872,#873));
#9883=EDGE_LOOP('',(#874,#875,#876,#877));
#9884=EDGE_LOOP('',(#878,#879,#880,#881));
#9885=EDGE_LOOP('',(#882,#883,#884,#885));
#9886=EDGE_LOOP('',(#886,#887,#888,#889));
#9887=EDGE_LOOP('',(#890,#891,#892,#893));
#9888=EDGE_LOOP('',(#894,#895,#896,#897));
#9889=EDGE_LOOP('',(#898,#899,#900,#901));
#9890=EDGE_LOOP('',(#902,#903,#904,#905));
#9891=EDGE_LOOP('',(#906,#907,#908,#909));
#9892=EDGE_LOOP('',(#910,#911,#912,#913));
#9893=EDGE_LOOP('',(#914,#915,#916,#917));
#9894=EDGE_LOOP('',(#918,#919,#920,#921));
#9895=EDGE_LOOP('',(#922,#923,#924,#925));
#9896=EDGE_LOOP('',(#926,#927,#928,#929));
#9897=EDGE_LOOP('',(#930,#931,#932,#933));
#9898=EDGE_LOOP('',(#934,#935,#936,#937));
#9899=EDGE_LOOP('',(#938,#939,#940,#941));
#9900=EDGE_LOOP('',(#942,#943,#944,#945));
#9901=EDGE_LOOP('',(#946,#947,#948,#949));
#9902=EDGE_LOOP('',(#950,#951,#952,#953));
#9903=EDGE_LOOP('',(#954,#955,#956,#957));
#9904=EDGE_LOOP('',(#958,#959,#960,#961));
#9905=EDGE_LOOP('',(#962,#963,#964,#965));
#9906=EDGE_LOOP('',(#966,#967,#968,#969));
#9907=EDGE_LOOP('',(#970,#971,#972,#973));
#9908=EDGE_LOOP('',(#974,#975,#976,#977));
#9909=EDGE_LOOP('',(#978,#979,#980,#981));
#9910=EDGE_LOOP('',(#982,#983,#984,#985));
#9911=EDGE_LOOP('',(#986,#987,#988,#989));
#9912=EDGE_LOOP('',(#990,#991,#992,#993));
#9913=EDGE_LOOP('',(#994,#995,#996,#997));
#9914=EDGE_LOOP('',(#998,#999,#1000,#1001));
#9915=EDGE_LOOP('',(#1002,#1003,#1004,#1005));
#9916=EDGE_LOOP('',(#1006,#1007,#1008,#1009));
#9917=EDGE_LOOP('',(#1010,#1011,#1012,#1013));
#9918=EDGE_LOOP('',(#1014,#1015,#1016,#1017));
#9919=EDGE_LOOP('',(#1018,#1019,#1020,#1021));
#9920=EDGE_LOOP('',(#1022,#1023,#1024,#1025));
#9921=EDGE_LOOP('',(#1026,#1027,#1028,#1029));
#9922=EDGE_LOOP('',(#1030,#1031,#1032,#1033));
#9923=EDGE_LOOP('',(#1034,#1035,#1036,#1037));
#9924=EDGE_LOOP('',(#1038,#1039,#1040,#1041));
#9925=EDGE_LOOP('',(#1042,#1043,#1044,#1045));
#9926=EDGE_LOOP('',(#1046,#1047,#1048,#1049));
#9927=EDGE_LOOP('',(#1050,#1051,#1052,#1053));
#9928=EDGE_LOOP('',(#1054,#1055,#1056,#1057));
#9929=EDGE_LOOP('',(#1058,#1059,#1060,#1061));
#9930=EDGE_LOOP('',(#1062,#1063,#1064,#1065));
#9931=EDGE_LOOP('',(#1066,#1067,#1068,#1069));
#9932=EDGE_LOOP('',(#1070,#1071,#1072,#1073));
#9933=EDGE_LOOP('',(#1074,#1075,#1076,#1077));
#9934=EDGE_LOOP('',(#1078,#1079,#1080,#1081));
#9935=EDGE_LOOP('',(#1082,#1083,#1084,#1085));
#9936=EDGE_LOOP('',(#1086,#1087,#1088,#1089));
#9937=EDGE_LOOP('',(#1090,#1091,#1092,#1093));
#9938=EDGE_LOOP('',(#1094,#1095,#1096,#1097));
#9939=EDGE_LOOP('',(#1098,#1099,#1100,#1101));
#9940=EDGE_LOOP('',(#1102,#1103,#1104,#1105));
#9941=EDGE_LOOP('',(#1106,#1107,#1108,#1109));
#9942=EDGE_LOOP('',(#1110,#1111,#1112,#1113));
#9943=EDGE_LOOP('',(#1114,#1115,#1116,#1117));
#9944=EDGE_LOOP('',(#1118,#1119,#1120,#1121));
#9945=EDGE_LOOP('',(#1122,#1123,#1124,#1125));
#9946=EDGE_LOOP('',(#1126,#1127,#1128,#1129));
#9947=EDGE_LOOP('',(#1130,#1131,#1132,#1133));
#9948=EDGE_LOOP('',(#1134,#1135,#1136,#1137));
#9949=EDGE_LOOP('',(#1138,#1139,#1140,#1141));
#9950=EDGE_LOOP('',(#1142,#1143,#1144,#1145));
#9951=EDGE_LOOP('',(#1146,#1147,#1148,#1149));
#9952=EDGE_LOOP('',(#1150,#1151,#1152,#1153));
#9953=EDGE_LOOP('',(#1154,#1155,#1156,#1157));
#9954=EDGE_LOOP('',(#1158,#1159,#1160,#1161));
#9955=EDGE_LOOP('',(#1162,#1163,#1164,#1165));
#9956=EDGE_LOOP('',(#1166,#1167,#1168,#1169));
#9957=EDGE_LOOP('',(#1170,#1171,#1172,#1173));
#9958=EDGE_LOOP('',(#1174,#1175,#1176,#1177));
#9959=EDGE_LOOP('',(#1178,#1179,#1180,#1181));
#9960=EDGE_LOOP('',(#1182,#1183,#1184,#1185));
#9961=EDGE_LOOP('',(#1186,#1187,#1188,#1189));
#9962=EDGE_LOOP('',(#1190,#1191,#1192,#1193));
#9963=EDGE_LOOP('',(#1194,#1195,#1196,#1197));
#9964=EDGE_LOOP('',(#1198,#1199,#1200,#1201));
#9965=EDGE_LOOP('',(#1202,#1203,#1204,#1205));
#9966=EDGE_LOOP('',(#1206,#1207,#1208,#1209));
#9967=EDGE_LOOP('',(#1210,#1211,#1212,#1213));
#9968=EDGE_LOOP('',(#1214,#1215,#1216,#1217));
#9969=EDGE_LOOP('',(#1218,#1219,#1220,#1221));
#9970=EDGE_LOOP('',(#1222,#1223,#1224,#1225));
#9971=EDGE_LOOP('',(#1226,#1227,#1228,#1229));
#9972=EDGE_LOOP('',(#1230,#1231,#1232,#1233));
#9973=EDGE_LOOP('',(#1234,#1235,#1236,#1237));
#9974=EDGE_LOOP('',(#1238,#1239,#1240,#1241));
#9975=EDGE_LOOP('',(#1242,#1243,#1244,#1245));
#9976=EDGE_LOOP('',(#1246,#1247,#1248,#1249));
#9977=EDGE_LOOP('',(#1250,#1251,#1252,#1253));
#9978=EDGE_LOOP('',(#1254,#1255,#1256,#1257));
#9979=EDGE_LOOP('',(#1258,#1259,#1260,#1261));
#9980=EDGE_LOOP('',(#1262,#1263,#1264,#1265));
#9981=EDGE_LOOP('',(#1266,#1267,#1268,#1269));
#9982=EDGE_LOOP('',(#1270,#1271,#1272,#1273));
#9983=EDGE_LOOP('',(#1274,#1275,#1276,#1277));
#9984=EDGE_LOOP('',(#1278,#1279,#1280,#1281));
#9985=EDGE_LOOP('',(#1282,#1283,#1284,#1285));
#9986=EDGE_LOOP('',(#1286,#1287,#1288,#1289));
#9987=EDGE_LOOP('',(#1290,#1291,#1292,#1293));
#9988=EDGE_LOOP('',(#1294,#1295,#1296,#1297));
#9989=EDGE_LOOP('',(#1298,#1299,#1300,#1301));
#9990=EDGE_LOOP('',(#1302,#1303,#1304,#1305));
#9991=EDGE_LOOP('',(#1306,#1307,#1308,#1309));
#9992=EDGE_LOOP('',(#1310,#1311,#1312,#1313));
#9993=EDGE_LOOP('',(#1314,#1315,#1316,#1317));
#9994=EDGE_LOOP('',(#1318,#1319,#1320,#1321));
#9995=EDGE_LOOP('',(#1322,#1323,#1324,#1325));
#9996=EDGE_LOOP('',(#1326,#1327,#1328,#1329));
#9997=EDGE_LOOP('',(#1330,#1331,#1332,#1333));
#9998=EDGE_LOOP('',(#1334,#1335,#1336,#1337));
#9999=EDGE_LOOP('',(#1338,#1339,#1340,#1341));
#10000=EDGE_LOOP('',(#1342,#1343,#1344,#1345));
#10001=EDGE_LOOP('',(#1346,#1347,#1348,#1349));
#10002=EDGE_LOOP('',(#1350,#1351,#1352,#1353));
#10003=EDGE_LOOP('',(#1354,#1355,#1356,#1357));
#10004=EDGE_LOOP('',(#1358,#1359,#1360,#1361));
#10005=EDGE_LOOP('',(#1362,#1363,#1364,#1365));
#10006=EDGE_LOOP('',(#1366,#1367,#1368,#1369));
#10007=EDGE_LOOP('',(#1370,#1371,#1372,#1373));
#10008=EDGE_LOOP('',(#1374,#1375,#1376,#1377));
#10009=EDGE_LOOP('',(#1378,#1379,#1380,#1381));
#10010=EDGE_LOOP('',(#1382,#1383,#1384,#1385));
#10011=EDGE_LOOP('',(#1386,#1387,#1388,#1389));
#10012=EDGE_LOOP('',(#1390,#1391,#1392,#1393));
#10013=EDGE_LOOP('',(#1394,#1395,#1396,#1397));
#10014=EDGE_LOOP('',(#1398,#1399,#1400,#1401));
#10015=EDGE_LOOP('',(#1402,#1403,#1404,#1405));
#10016=EDGE_LOOP('',(#1406,#1407,#1408,#1409));
#10017=EDGE_LOOP('',(#1410,#1411,#1412,#1413));
#10018=EDGE_LOOP('',(#1414,#1415,#1416,#1417));
#10019=EDGE_LOOP('',(#1418,#1419,#1420,#1421));
#10020=EDGE_LOOP('',(#1422,#1423,#1424,#1425));
#10021=EDGE_LOOP('',(#1426,#1427,#1428,#1429));
#10022=EDGE_LOOP('',(#1430,#1431,#1432,#1433));
#10023=EDGE_LOOP('',(#1434,#1435,#1436,#1437));
#10024=EDGE_LOOP('',(#1438,#1439,#1440,#1441));
#10025=EDGE_LOOP('',(#1442,#1443,#1444,#1445));
#10026=EDGE_LOOP('',(#1446,#1447,#1448,#1449));
#10027=EDGE_LOOP('',(#1450,#1451,#1452,#1453));
#10028=EDGE_LOOP('',(#1454,#1455,#1456,#1457));
#10029=EDGE_LOOP('',(#1458,#1459,#1460,#1461));
#10030=EDGE_LOOP('',(#1462,#1463,#1464,#1465));
#10031=EDGE_LOOP('',(#1466,#1467,#1468,#1469));
#10032=EDGE_LOOP('',(#1470,#1471,#1472,#1473));
#10033=EDGE_LOOP('',(#1474,#1475,#1476,#1477));
#10034=EDGE_LOOP('',(#1478,#1479,#1480,#1481));
#10035=EDGE_LOOP('',(#1482,#1483,#1484,#1485));
#10036=EDGE_LOOP('',(#1486,#1487,#1488,#1489));
#10037=EDGE_LOOP('',(#1490,#1491,#1492,#1493));
#10038=EDGE_LOOP('',(#1494,#1495,#1496,#1497));
#10039=EDGE_LOOP('',(#1498,#1499,#1500,#1501));
#10040=EDGE_LOOP('',(#1502,#1503,#1504,#1505));
#10041=EDGE_LOOP('',(#1506,#1507,#1508,#1509));
#10042=EDGE_LOOP('',(#1510,#1511,#1512,#1513));
#10043=EDGE_LOOP('',(#1514,#1515,#1516,#1517));
#10044=EDGE_LOOP('',(#1518,#1519,#1520,#1521));
#10045=EDGE_LOOP('',(#1522,#1523,#1524,#1525));
#10046=EDGE_LOOP('',(#1526,#1527,#1528,#1529));
#10047=EDGE_LOOP('',(#1530,#1531,#1532,#1533));
#10048=EDGE_LOOP('',(#1534,#1535,#1536,#1537));
#10049=EDGE_LOOP('',(#1538,#1539,#1540,#1541));
#10050=EDGE_LOOP('',(#1542,#1543,#1544,#1545));
#10051=EDGE_LOOP('',(#1546,#1547,#1548,#1549));
#10052=EDGE_LOOP('',(#1550,#1551,#1552,#1553));
#10053=EDGE_LOOP('',(#1554,#1555,#1556,#1557,#1558,#1559));
#10054=EDGE_LOOP('',(#1560,#1561,#1562,#1563));
#10055=EDGE_LOOP('',(#1564,#1565,#1566,#1567,#1568,#1569));
#10056=EDGE_LOOP('',(#1570,#1571,#1572,#1573));
#10057=EDGE_LOOP('',(#1574,#1575,#1576,#1577));
#10058=EDGE_LOOP('',(#1578,#1579,#1580,#1581));
#10059=EDGE_LOOP('',(#1582,#1583,#1584,#1585));
#10060=EDGE_LOOP('',(#1586,#1587,#1588,#1589));
#10061=EDGE_LOOP('',(#1590,#1591,#1592,#1593));
#10062=EDGE_LOOP('',(#1594,#1595,#1596,#1597));
#10063=EDGE_LOOP('',(#1598,#1599,#1600,#1601));
#10064=EDGE_LOOP('',(#1602,#1603,#1604,#1605));
#10065=EDGE_LOOP('',(#1606,#1607,#1608,#1609));
#10066=EDGE_LOOP('',(#1610,#1611,#1612,#1613));
#10067=EDGE_LOOP('',(#1614,#1615,#1616,#1617));
#10068=EDGE_LOOP('',(#1618,#1619,#1620,#1621));
#10069=EDGE_LOOP('',(#1622,#1623,#1624,#1625));
#10070=EDGE_LOOP('',(#1626,#1627,#1628,#1629));
#10071=EDGE_LOOP('',(#1630,#1631,#1632,#1633));
#10072=EDGE_LOOP('',(#1634,#1635,#1636,#1637));
#10073=EDGE_LOOP('',(#1638,#1639,#1640,#1641));
#10074=EDGE_LOOP('',(#1642,#1643,#1644,#1645));
#10075=EDGE_LOOP('',(#1646,#1647,#1648,#1649));
#10076=EDGE_LOOP('',(#1650,#1651,#1652,#1653));
#10077=EDGE_LOOP('',(#1654,#1655,#1656,#1657));
#10078=EDGE_LOOP('',(#1658,#1659,#1660,#1661));
#10079=EDGE_LOOP('',(#1662,#1663,#1664,#1665));
#10080=EDGE_LOOP('',(#1666,#1667,#1668,#1669));
#10081=EDGE_LOOP('',(#1670,#1671,#1672,#1673));
#10082=EDGE_LOOP('',(#1674,#1675,#1676,#1677));
#10083=EDGE_LOOP('',(#1678,#1679,#1680,#1681));
#10084=EDGE_LOOP('',(#1682,#1683,#1684,#1685));
#10085=EDGE_LOOP('',(#1686,#1687,#1688,#1689));
#10086=EDGE_LOOP('',(#1690,#1691,#1692,#1693));
#10087=EDGE_LOOP('',(#1694,#1695,#1696,#1697));
#10088=EDGE_LOOP('',(#1698,#1699,#1700,#1701));
#10089=EDGE_LOOP('',(#1702,#1703,#1704,#1705,#1706,#1707));
#10090=EDGE_LOOP('',(#1708,#1709,#1710,#1711));
#10091=EDGE_LOOP('',(#1712,#1713,#1714,#1715));
#10092=EDGE_LOOP('',(#1716,#1717,#1718,#1719,#1720,#1721));
#10093=EDGE_LOOP('',(#1722,#1723,#1724,#1725));
#10094=EDGE_LOOP('',(#1726,#1727,#1728,#1729));
#10095=EDGE_LOOP('',(#1730,#1731,#1732,#1733));
#10096=EDGE_LOOP('',(#1734,#1735,#1736,#1737));
#10097=EDGE_LOOP('',(#1738,#1739,#1740,#1741));
#10098=EDGE_LOOP('',(#1742,#1743,#1744,#1745));
#10099=EDGE_LOOP('',(#1746,#1747,#1748,#1749));
#10100=EDGE_LOOP('',(#1750,#1751,#1752,#1753));
#10101=EDGE_LOOP('',(#1754,#1755,#1756,#1757));
#10102=EDGE_LOOP('',(#1758,#1759,#1760,#1761));
#10103=EDGE_LOOP('',(#1762,#1763,#1764,#1765));
#10104=EDGE_LOOP('',(#1766,#1767,#1768,#1769));
#10105=EDGE_LOOP('',(#1770,#1771,#1772,#1773));
#10106=EDGE_LOOP('',(#1774,#1775,#1776,#1777));
#10107=EDGE_LOOP('',(#1778,#1779,#1780,#1781));
#10108=EDGE_LOOP('',(#1782,#1783,#1784,#1785));
#10109=EDGE_LOOP('',(#1786,#1787,#1788,#1789));
#10110=EDGE_LOOP('',(#1790,#1791,#1792,#1793));
#10111=EDGE_LOOP('',(#1794,#1795,#1796,#1797));
#10112=EDGE_LOOP('',(#1798,#1799,#1800,#1801));
#10113=EDGE_LOOP('',(#1802,#1803,#1804,#1805));
#10114=EDGE_LOOP('',(#1806,#1807,#1808,#1809));
#10115=EDGE_LOOP('',(#1810,#1811,#1812,#1813));
#10116=EDGE_LOOP('',(#1814,#1815,#1816,#1817));
#10117=EDGE_LOOP('',(#1818,#1819,#1820,#1821));
#10118=EDGE_LOOP('',(#1822,#1823,#1824,#1825));
#10119=EDGE_LOOP('',(#1826,#1827,#1828,#1829));
#10120=EDGE_LOOP('',(#1830,#1831,#1832,#1833));
#10121=EDGE_LOOP('',(#1834,#1835,#1836,#1837));
#10122=EDGE_LOOP('',(#1838,#1839,#1840,#1841));
#10123=EDGE_LOOP('',(#1842,#1843,#1844,#1845));
#10124=EDGE_LOOP('',(#1846,#1847,#1848,#1849));
#10125=EDGE_LOOP('',(#1850,#1851,#1852,#1853));
#10126=EDGE_LOOP('',(#1854,#1855,#1856,#1857));
#10127=EDGE_LOOP('',(#1858,#1859,#1860,#1861));
#10128=EDGE_LOOP('',(#1862,#1863,#1864,#1865));
#10129=EDGE_LOOP('',(#1866,#1867,#1868,#1869));
#10130=EDGE_LOOP('',(#1870,#1871,#1872,#1873));
#10131=EDGE_LOOP('',(#1874,#1875,#1876,#1877));
#10132=EDGE_LOOP('',(#1878,#1879,#1880,#1881));
#10133=EDGE_LOOP('',(#1882,#1883,#1884,#1885));
#10134=EDGE_LOOP('',(#1886,#1887,#1888,#1889));
#10135=EDGE_LOOP('',(#1890,#1891,#1892,#1893));
#10136=EDGE_LOOP('',(#1894,#1895,#1896,#1897));
#10137=EDGE_LOOP('',(#1898,#1899,#1900,#1901));
#10138=EDGE_LOOP('',(#1902,#1903,#1904,#1905));
#10139=EDGE_LOOP('',(#1906,#1907,#1908,#1909));
#10140=EDGE_LOOP('',(#1910,#1911,#1912,#1913));
#10141=EDGE_LOOP('',(#1914,#1915,#1916,#1917));
#10142=EDGE_LOOP('',(#1918,#1919,#1920,#1921));
#10143=EDGE_LOOP('',(#1922,#1923,#1924,#1925));
#10144=EDGE_LOOP('',(#1926,#1927,#1928,#1929));
#10145=EDGE_LOOP('',(#1930,#1931,#1932,#1933));
#10146=EDGE_LOOP('',(#1934,#1935,#1936,#1937));
#10147=EDGE_LOOP('',(#1938,#1939,#1940,#1941));
#10148=EDGE_LOOP('',(#1942,#1943,#1944,#1945));
#10149=EDGE_LOOP('',(#1946,#1947,#1948,#1949));
#10150=EDGE_LOOP('',(#1950,#1951,#1952,#1953));
#10151=EDGE_LOOP('',(#1954,#1955,#1956,#1957));
#10152=EDGE_LOOP('',(#1958,#1959,#1960,#1961));
#10153=EDGE_LOOP('',(#1962,#1963,#1964,#1965));
#10154=EDGE_LOOP('',(#1966,#1967,#1968,#1969));
#10155=EDGE_LOOP('',(#1970,#1971,#1972,#1973));
#10156=EDGE_LOOP('',(#1974,#1975,#1976,#1977));
#10157=EDGE_LOOP('',(#1978,#1979,#1980,#1981));
#10158=EDGE_LOOP('',(#1982,#1983,#1984,#1985));
#10159=EDGE_LOOP('',(#1986,#1987,#1988,#1989));
#10160=EDGE_LOOP('',(#1990,#1991,#1992,#1993));
#10161=EDGE_LOOP('',(#1994,#1995,#1996,#1997));
#10162=EDGE_LOOP('',(#1998,#1999,#2000,#2001));
#10163=EDGE_LOOP('',(#2002,#2003,#2004,#2005));
#10164=EDGE_LOOP('',(#2006,#2007,#2008,#2009));
#10165=EDGE_LOOP('',(#2010,#2011,#2012,#2013));
#10166=EDGE_LOOP('',(#2014,#2015,#2016,#2017));
#10167=EDGE_LOOP('',(#2018,#2019,#2020,#2021));
#10168=EDGE_LOOP('',(#2022,#2023,#2024,#2025));
#10169=EDGE_LOOP('',(#2026,#2027,#2028,#2029));
#10170=EDGE_LOOP('',(#2030,#2031,#2032,#2033));
#10171=EDGE_LOOP('',(#2034,#2035,#2036,#2037));
#10172=EDGE_LOOP('',(#2038,#2039,#2040,#2041));
#10173=EDGE_LOOP('',(#2042,#2043,#2044,#2045));
#10174=EDGE_LOOP('',(#2046,#2047,#2048,#2049));
#10175=EDGE_LOOP('',(#2050,#2051,#2052,#2053));
#10176=EDGE_LOOP('',(#2054,#2055,#2056,#2057));
#10177=EDGE_LOOP('',(#2058,#2059,#2060,#2061));
#10178=EDGE_LOOP('',(#2062,#2063,#2064,#2065));
#10179=EDGE_LOOP('',(#2066,#2067,#2068,#2069));
#10180=EDGE_LOOP('',(#2070,#2071,#2072,#2073));
#10181=EDGE_LOOP('',(#2074,#2075,#2076,#2077));
#10182=EDGE_LOOP('',(#2078,#2079,#2080,#2081));
#10183=EDGE_LOOP('',(#2082,#2083,#2084,#2085));
#10184=EDGE_LOOP('',(#2086,#2087,#2088,#2089));
#10185=EDGE_LOOP('',(#2090,#2091,#2092,#2093));
#10186=EDGE_LOOP('',(#2094,#2095,#2096,#2097));
#10187=EDGE_LOOP('',(#2098,#2099,#2100,#2101));
#10188=EDGE_LOOP('',(#2102,#2103,#2104,#2105));
#10189=EDGE_LOOP('',(#2106,#2107,#2108,#2109));
#10190=EDGE_LOOP('',(#2110,#2111,#2112,#2113));
#10191=EDGE_LOOP('',(#2114,#2115,#2116,#2117));
#10192=EDGE_LOOP('',(#2118,#2119,#2120,#2121));
#10193=EDGE_LOOP('',(#2122,#2123,#2124,#2125));
#10194=EDGE_LOOP('',(#2126,#2127,#2128,#2129));
#10195=EDGE_LOOP('',(#2130,#2131,#2132,#2133));
#10196=EDGE_LOOP('',(#2134,#2135,#2136,#2137));
#10197=EDGE_LOOP('',(#2138,#2139,#2140,#2141));
#10198=EDGE_LOOP('',(#2142,#2143,#2144,#2145));
#10199=EDGE_LOOP('',(#2146,#2147,#2148,#2149));
#10200=EDGE_LOOP('',(#2150,#2151,#2152,#2153));
#10201=EDGE_LOOP('',(#2154,#2155,#2156,#2157));
#10202=EDGE_LOOP('',(#2158,#2159,#2160,#2161));
#10203=EDGE_LOOP('',(#2162,#2163,#2164,#2165));
#10204=EDGE_LOOP('',(#2166,#2167,#2168,#2169));
#10205=EDGE_LOOP('',(#2170,#2171,#2172,#2173));
#10206=EDGE_LOOP('',(#2174,#2175,#2176,#2177));
#10207=EDGE_LOOP('',(#2178,#2179,#2180,#2181));
#10208=EDGE_LOOP('',(#2182,#2183,#2184,#2185));
#10209=EDGE_LOOP('',(#2186,#2187,#2188,#2189));
#10210=EDGE_LOOP('',(#2190,#2191,#2192,#2193));
#10211=EDGE_LOOP('',(#2194,#2195,#2196,#2197));
#10212=EDGE_LOOP('',(#2198,#2199,#2200,#2201));
#10213=EDGE_LOOP('',(#2202,#2203,#2204,#2205));
#10214=EDGE_LOOP('',(#2206,#2207,#2208,#2209));
#10215=EDGE_LOOP('',(#2210,#2211,#2212,#2213));
#10216=EDGE_LOOP('',(#2214,#2215,#2216,#2217));
#10217=EDGE_LOOP('',(#2218,#2219,#2220,#2221));
#10218=EDGE_LOOP('',(#2222,#2223,#2224,#2225));
#10219=EDGE_LOOP('',(#2226,#2227,#2228,#2229));
#10220=EDGE_LOOP('',(#2230,#2231,#2232,#2233));
#10221=EDGE_LOOP('',(#2234,#2235,#2236,#2237));
#10222=EDGE_LOOP('',(#2238,#2239,#2240,#2241));
#10223=EDGE_LOOP('',(#2242,#2243,#2244,#2245));
#10224=EDGE_LOOP('',(#2246,#2247,#2248,#2249));
#10225=EDGE_LOOP('',(#2250,#2251,#2252,#2253));
#10226=EDGE_LOOP('',(#2254,#2255,#2256,#2257));
#10227=EDGE_LOOP('',(#2258,#2259,#2260,#2261));
#10228=EDGE_LOOP('',(#2262,#2263,#2264,#2265));
#10229=EDGE_LOOP('',(#2266,#2267,#2268,#2269));
#10230=EDGE_LOOP('',(#2270,#2271,#2272,#2273));
#10231=EDGE_LOOP('',(#2274,#2275,#2276,#2277));
#10232=EDGE_LOOP('',(#2278));
#10233=EDGE_LOOP('',(#2279));
#10234=EDGE_LOOP('',(#2280,#2281,#2282,#2283,#2284,#2285));
#10235=EDGE_LOOP('',(#2286));
#10236=EDGE_LOOP('',(#2287));
#10237=EDGE_LOOP('',(#2288,#2289,#2290,#2291,#2292,#2293,#2294,#2295,#2296,
#2297,#2298,#2299,#2300,#2301,#2302,#2303,#2304,#2305,#2306,#2307,#2308,
#2309));
#10238=EDGE_LOOP('',(#2310,#2311,#2312,#2313,#2314,#2315));
#10239=EDGE_LOOP('',(#2316,#2317,#2318,#2319,#2320,#2321));
#10240=EDGE_LOOP('',(#2322,#2323,#2324,#2325,#2326,#2327));
#10241=EDGE_LOOP('',(#2328,#2329,#2330,#2331,#2332,#2333));
#10242=EDGE_LOOP('',(#2334,#2335,#2336,#2337,#2338,#2339));
#10243=EDGE_LOOP('',(#2340,#2341,#2342,#2343,#2344,#2345));
#10244=EDGE_LOOP('',(#2346,#2347,#2348,#2349,#2350,#2351));
#10245=EDGE_LOOP('',(#2352,#2353,#2354,#2355,#2356,#2357));
#10246=EDGE_LOOP('',(#2358,#2359,#2360,#2361,#2362,#2363));
#10247=EDGE_LOOP('',(#2364,#2365,#2366,#2367,#2368,#2369));
#10248=EDGE_LOOP('',(#2370,#2371,#2372,#2373,#2374,#2375));
#10249=EDGE_LOOP('',(#2376,#2377,#2378,#2379,#2380,#2381));
#10250=EDGE_LOOP('',(#2382,#2383,#2384,#2385,#2386,#2387));
#10251=EDGE_LOOP('',(#2388,#2389,#2390,#2391,#2392,#2393));
#10252=EDGE_LOOP('',(#2394,#2395,#2396,#2397,#2398,#2399));
#10253=EDGE_LOOP('',(#2400,#2401,#2402,#2403,#2404,#2405));
#10254=EDGE_LOOP('',(#2406,#2407,#2408,#2409,#2410,#2411));
#10255=EDGE_LOOP('',(#2412,#2413,#2414,#2415,#2416,#2417));
#10256=EDGE_LOOP('',(#2418,#2419,#2420,#2421,#2422,#2423));
#10257=EDGE_LOOP('',(#2424,#2425,#2426,#2427,#2428,#2429));
#10258=EDGE_LOOP('',(#2430,#2431,#2432,#2433,#2434,#2435));
#10259=EDGE_LOOP('',(#2436,#2437,#2438,#2439,#2440,#2441));
#10260=EDGE_LOOP('',(#2442,#2443,#2444,#2445,#2446,#2447));
#10261=EDGE_LOOP('',(#2448,#2449,#2450,#2451,#2452,#2453));
#10262=EDGE_LOOP('',(#2454,#2455,#2456,#2457,#2458,#2459));
#10263=EDGE_LOOP('',(#2460,#2461,#2462,#2463,#2464,#2465));
#10264=EDGE_LOOP('',(#2466,#2467,#2468,#2469,#2470,#2471));
#10265=EDGE_LOOP('',(#2472,#2473,#2474,#2475,#2476,#2477));
#10266=EDGE_LOOP('',(#2478,#2479,#2480,#2481,#2482,#2483));
#10267=EDGE_LOOP('',(#2484,#2485,#2486,#2487,#2488,#2489));
#10268=EDGE_LOOP('',(#2490,#2491,#2492,#2493,#2494,#2495));
#10269=EDGE_LOOP('',(#2496,#2497,#2498,#2499,#2500,#2501));
#10270=EDGE_LOOP('',(#2502,#2503,#2504,#2505,#2506,#2507));
#10271=EDGE_LOOP('',(#2508,#2509,#2510,#2511,#2512,#2513));
#10272=EDGE_LOOP('',(#2514,#2515,#2516,#2517,#2518,#2519));
#10273=EDGE_LOOP('',(#2520,#2521,#2522,#2523,#2524,#2525));
#10274=EDGE_LOOP('',(#2526,#2527,#2528,#2529,#2530,#2531));
#10275=EDGE_LOOP('',(#2532,#2533,#2534,#2535,#2536,#2537));
#10276=EDGE_LOOP('',(#2538,#2539,#2540,#2541,#2542,#2543));
#10277=EDGE_LOOP('',(#2544,#2545,#2546,#2547,#2548,#2549));
#10278=EDGE_LOOP('',(#2550,#2551,#2552,#2553,#2554,#2555));
#10279=EDGE_LOOP('',(#2556,#2557,#2558,#2559,#2560,#2561));
#10280=EDGE_LOOP('',(#2562,#2563,#2564,#2565,#2566,#2567));
#10281=EDGE_LOOP('',(#2568,#2569,#2570,#2571,#2572,#2573));
#10282=EDGE_LOOP('',(#2574,#2575,#2576,#2577,#2578,#2579));
#10283=EDGE_LOOP('',(#2580,#2581,#2582,#2583,#2584,#2585));
#10284=EDGE_LOOP('',(#2586,#2587,#2588,#2589,#2590,#2591));
#10285=EDGE_LOOP('',(#2592,#2593,#2594,#2595,#2596,#2597));
#10286=EDGE_LOOP('',(#2598,#2599,#2600,#2601,#2602,#2603));
#10287=EDGE_LOOP('',(#2604,#2605,#2606,#2607,#2608,#2609));
#10288=EDGE_LOOP('',(#2610,#2611,#2612,#2613,#2614,#2615));
#10289=EDGE_LOOP('',(#2616,#2617,#2618,#2619,#2620,#2621));
#10290=EDGE_LOOP('',(#2622,#2623,#2624,#2625,#2626,#2627));
#10291=EDGE_LOOP('',(#2628,#2629,#2630,#2631,#2632,#2633));
#10292=EDGE_LOOP('',(#2634,#2635,#2636,#2637,#2638,#2639));
#10293=EDGE_LOOP('',(#2640,#2641,#2642,#2643,#2644,#2645));
#10294=EDGE_LOOP('',(#2646,#2647,#2648,#2649,#2650,#2651));
#10295=EDGE_LOOP('',(#2652,#2653,#2654,#2655,#2656,#2657));
#10296=EDGE_LOOP('',(#2658,#2659,#2660,#2661,#2662,#2663));
#10297=EDGE_LOOP('',(#2664,#2665,#2666,#2667,#2668,#2669));
#10298=EDGE_LOOP('',(#2670,#2671,#2672,#2673,#2674,#2675));
#10299=EDGE_LOOP('',(#2676,#2677,#2678,#2679,#2680,#2681));
#10300=EDGE_LOOP('',(#2682,#2683,#2684,#2685,#2686,#2687));
#10301=EDGE_LOOP('',(#2688,#2689,#2690,#2691,#2692,#2693));
#10302=EDGE_LOOP('',(#2694,#2695,#2696,#2697,#2698,#2699));
#10303=EDGE_LOOP('',(#2700,#2701,#2702,#2703,#2704,#2705));
#10304=EDGE_LOOP('',(#2706,#2707,#2708,#2709,#2710,#2711));
#10305=EDGE_LOOP('',(#2712,#2713,#2714,#2715,#2716,#2717));
#10306=EDGE_LOOP('',(#2718,#2719,#2720,#2721,#2722,#2723));
#10307=EDGE_LOOP('',(#2724,#2725,#2726,#2727,#2728,#2729));
#10308=EDGE_LOOP('',(#2730,#2731,#2732,#2733,#2734,#2735));
#10309=EDGE_LOOP('',(#2736,#2737,#2738,#2739,#2740,#2741));
#10310=EDGE_LOOP('',(#2742,#2743,#2744,#2745,#2746,#2747));
#10311=EDGE_LOOP('',(#2748,#2749,#2750,#2751,#2752,#2753));
#10312=EDGE_LOOP('',(#2754,#2755,#2756,#2757,#2758,#2759));
#10313=EDGE_LOOP('',(#2760,#2761,#2762,#2763,#2764,#2765));
#10314=EDGE_LOOP('',(#2766,#2767,#2768,#2769,#2770,#2771));
#10315=EDGE_LOOP('',(#2772,#2773,#2774,#2775,#2776,#2777));
#10316=EDGE_LOOP('',(#2778,#2779,#2780,#2781,#2782,#2783));
#10317=EDGE_LOOP('',(#2784,#2785,#2786,#2787,#2788,#2789));
#10318=EDGE_LOOP('',(#2790,#2791,#2792,#2793,#2794,#2795));
#10319=EDGE_LOOP('',(#2796,#2797,#2798,#2799,#2800,#2801));
#10320=EDGE_LOOP('',(#2802,#2803,#2804,#2805,#2806,#2807));
#10321=EDGE_LOOP('',(#2808,#2809,#2810,#2811,#2812,#2813));
#10322=EDGE_LOOP('',(#2814,#2815,#2816,#2817,#2818,#2819));
#10323=EDGE_LOOP('',(#2820,#2821,#2822,#2823,#2824,#2825));
#10324=EDGE_LOOP('',(#2826,#2827,#2828,#2829,#2830,#2831));
#10325=EDGE_LOOP('',(#2832,#2833,#2834,#2835,#2836,#2837));
#10326=EDGE_LOOP('',(#2838,#2839,#2840,#2841,#2842,#2843));
#10327=EDGE_LOOP('',(#2844,#2845,#2846,#2847,#2848,#2849));
#10328=EDGE_LOOP('',(#2850,#2851,#2852,#2853,#2854,#2855));
#10329=EDGE_LOOP('',(#2856,#2857,#2858,#2859,#2860,#2861));
#10330=EDGE_LOOP('',(#2862,#2863,#2864,#2865,#2866,#2867));
#10331=EDGE_LOOP('',(#2868,#2869,#2870,#2871,#2872,#2873));
#10332=EDGE_LOOP('',(#2874,#2875,#2876,#2877,#2878,#2879));
#10333=EDGE_LOOP('',(#2880,#2881,#2882,#2883,#2884,#2885));
#10334=EDGE_LOOP('',(#2886,#2887,#2888,#2889,#2890,#2891));
#10335=EDGE_LOOP('',(#2892,#2893,#2894,#2895,#2896,#2897));
#10336=EDGE_LOOP('',(#2898,#2899,#2900,#2901,#2902,#2903));
#10337=EDGE_LOOP('',(#2904,#2905,#2906,#2907,#2908,#2909));
#10338=EDGE_LOOP('',(#2910,#2911,#2912,#2913,#2914,#2915));
#10339=EDGE_LOOP('',(#2916,#2917,#2918,#2919,#2920,#2921));
#10340=EDGE_LOOP('',(#2922,#2923,#2924,#2925,#2926,#2927));
#10341=EDGE_LOOP('',(#2928,#2929,#2930,#2931,#2932,#2933));
#10342=EDGE_LOOP('',(#2934,#2935,#2936,#2937,#2938,#2939));
#10343=EDGE_LOOP('',(#2940,#2941,#2942,#2943,#2944,#2945));
#10344=EDGE_LOOP('',(#2946,#2947,#2948,#2949,#2950,#2951));
#10345=EDGE_LOOP('',(#2952,#2953,#2954,#2955,#2956,#2957));
#10346=EDGE_LOOP('',(#2958,#2959,#2960,#2961,#2962,#2963));
#10347=EDGE_LOOP('',(#2964,#2965,#2966,#2967,#2968,#2969));
#10348=EDGE_LOOP('',(#2970,#2971,#2972,#2973,#2974,#2975));
#10349=EDGE_LOOP('',(#2976,#2977,#2978,#2979,#2980,#2981));
#10350=EDGE_LOOP('',(#2982,#2983,#2984,#2985,#2986,#2987));
#10351=EDGE_LOOP('',(#2988,#2989,#2990,#2991,#2992,#2993));
#10352=EDGE_LOOP('',(#2994,#2995,#2996,#2997,#2998,#2999));
#10353=EDGE_LOOP('',(#3000,#3001,#3002,#3003,#3004,#3005));
#10354=EDGE_LOOP('',(#3006,#3007,#3008,#3009,#3010,#3011));
#10355=EDGE_LOOP('',(#3012,#3013,#3014,#3015,#3016,#3017));
#10356=EDGE_LOOP('',(#3018,#3019,#3020,#3021,#3022,#3023));
#10357=EDGE_LOOP('',(#3024,#3025,#3026,#3027,#3028,#3029));
#10358=EDGE_LOOP('',(#3030,#3031,#3032,#3033,#3034,#3035));
#10359=EDGE_LOOP('',(#3036,#3037,#3038,#3039,#3040,#3041));
#10360=EDGE_LOOP('',(#3042,#3043,#3044,#3045,#3046,#3047));
#10361=EDGE_LOOP('',(#3048,#3049,#3050,#3051,#3052,#3053));
#10362=EDGE_LOOP('',(#3054,#3055,#3056,#3057,#3058,#3059));
#10363=EDGE_LOOP('',(#3060,#3061,#3062,#3063,#3064,#3065));
#10364=EDGE_LOOP('',(#3066,#3067,#3068,#3069,#3070,#3071));
#10365=EDGE_LOOP('',(#3072,#3073,#3074,#3075,#3076,#3077));
#10366=EDGE_LOOP('',(#3078,#3079,#3080,#3081,#3082,#3083));
#10367=EDGE_LOOP('',(#3084,#3085,#3086,#3087,#3088,#3089));
#10368=EDGE_LOOP('',(#3090,#3091,#3092,#3093,#3094,#3095));
#10369=EDGE_LOOP('',(#3096,#3097,#3098,#3099,#3100,#3101));
#10370=EDGE_LOOP('',(#3102,#3103,#3104,#3105,#3106,#3107));
#10371=EDGE_LOOP('',(#3108,#3109,#3110,#3111,#3112,#3113));
#10372=EDGE_LOOP('',(#3114,#3115,#3116,#3117,#3118,#3119));
#10373=EDGE_LOOP('',(#3120,#3121,#3122,#3123,#3124,#3125));
#10374=EDGE_LOOP('',(#3126,#3127,#3128,#3129,#3130,#3131));
#10375=EDGE_LOOP('',(#3132,#3133,#3134,#3135,#3136,#3137));
#10376=EDGE_LOOP('',(#3138,#3139,#3140,#3141,#3142,#3143));
#10377=EDGE_LOOP('',(#3144,#3145,#3146,#3147,#3148,#3149));
#10378=EDGE_LOOP('',(#3150,#3151,#3152,#3153,#3154,#3155));
#10379=EDGE_LOOP('',(#3156,#3157,#3158,#3159,#3160,#3161));
#10380=EDGE_LOOP('',(#3162,#3163,#3164,#3165,#3166,#3167));
#10381=EDGE_LOOP('',(#3168,#3169,#3170,#3171,#3172,#3173));
#10382=EDGE_LOOP('',(#3174,#3175,#3176,#3177,#3178,#3179));
#10383=EDGE_LOOP('',(#3180,#3181,#3182,#3183,#3184,#3185));
#10384=EDGE_LOOP('',(#3186,#3187,#3188,#3189,#3190,#3191));
#10385=EDGE_LOOP('',(#3192,#3193,#3194,#3195,#3196,#3197));
#10386=EDGE_LOOP('',(#3198,#3199,#3200,#3201,#3202,#3203));
#10387=EDGE_LOOP('',(#3204,#3205,#3206,#3207,#3208,#3209));
#10388=EDGE_LOOP('',(#3210,#3211,#3212,#3213,#3214,#3215));
#10389=EDGE_LOOP('',(#3216,#3217,#3218,#3219,#3220,#3221));
#10390=EDGE_LOOP('',(#3222,#3223,#3224,#3225,#3226,#3227));
#10391=EDGE_LOOP('',(#3228,#3229,#3230,#3231,#3232,#3233));
#10392=EDGE_LOOP('',(#3234,#3235,#3236,#3237,#3238,#3239));
#10393=EDGE_LOOP('',(#3240,#3241,#3242,#3243,#3244,#3245));
#10394=EDGE_LOOP('',(#3246,#3247,#3248,#3249,#3250,#3251));
#10395=EDGE_LOOP('',(#3252,#3253,#3254,#3255,#3256,#3257));
#10396=EDGE_LOOP('',(#3258,#3259,#3260,#3261,#3262,#3263));
#10397=EDGE_LOOP('',(#3264,#3265,#3266,#3267,#3268,#3269));
#10398=EDGE_LOOP('',(#3270,#3271,#3272,#3273,#3274,#3275));
#10399=EDGE_LOOP('',(#3276,#3277,#3278,#3279,#3280,#3281));
#10400=EDGE_LOOP('',(#3282,#3283,#3284,#3285,#3286,#3287));
#10401=EDGE_LOOP('',(#3288,#3289,#3290,#3291,#3292,#3293));
#10402=EDGE_LOOP('',(#3294,#3295,#3296,#3297,#3298,#3299));
#10403=EDGE_LOOP('',(#3300,#3301,#3302,#3303,#3304,#3305));
#10404=EDGE_LOOP('',(#3306,#3307,#3308,#3309,#3310,#3311));
#10405=EDGE_LOOP('',(#3312,#3313,#3314,#3315,#3316,#3317));
#10406=EDGE_LOOP('',(#3318));
#10407=EDGE_LOOP('',(#3319));
#10408=EDGE_LOOP('',(#3320));
#10409=EDGE_LOOP('',(#3321,#3322,#3323,#3324,#3325,#3326));
#10410=EDGE_LOOP('',(#3327,#3328,#3329,#3330,#3331,#3332,#3333,#3334));
#10411=EDGE_LOOP('',(#3335));
#10412=EDGE_LOOP('',(#3336,#3337,#3338,#3339));
#10413=EDGE_LOOP('',(#3340,#3341,#3342,#3343));
#10414=EDGE_LOOP('',(#3344,#3345,#3346,#3347));
#10415=EDGE_LOOP('',(#3348,#3349,#3350,#3351));
#10416=EDGE_LOOP('',(#3352,#3353,#3354,#3355));
#10417=EDGE_LOOP('',(#3356,#3357,#3358,#3359));
#10418=EDGE_LOOP('',(#3360,#3361,#3362,#3363));
#10419=EDGE_LOOP('',(#3364,#3365,#3366,#3367,#3368,#3369));
#10420=EDGE_LOOP('',(#3370,#3371,#3372,#3373,#3374,#3375));
#10421=EDGE_LOOP('',(#3376,#3377,#3378,#3379,#3380,#3381,#3382,#3383));
#10422=EDGE_LOOP('',(#3384));
#10423=EDGE_LOOP('',(#3385));
#10424=EDGE_LOOP('',(#3386,#3387,#3388,#3389));
#10425=EDGE_LOOP('',(#3390,#3391,#3392,#3393));
#10426=EDGE_LOOP('',(#3394,#3395,#3396,#3397));
#10427=EDGE_LOOP('',(#3398,#3399,#3400,#3401));
#10428=EDGE_LOOP('',(#3402,#3403,#3404,#3405,#3406,#3407,#3408,#3409,#3410,
#3411,#3412,#3413,#3414,#3415));
#10429=EDGE_LOOP('',(#3416,#3417,#3418,#3419,#3420,#3421,#3422));
#10430=EDGE_LOOP('',(#3423,#3424,#3425,#3426));
#10431=EDGE_LOOP('',(#3427,#3428,#3429,#3430,#3431,#3432,#3433));
#10432=EDGE_LOOP('',(#3434,#3435,#3436,#3437));
#10433=EDGE_LOOP('',(#3438,#3439,#3440,#3441));
#10434=EDGE_LOOP('',(#3442,#3443,#3444,#3445));
#10435=EDGE_LOOP('',(#3446,#3447,#3448,#3449));
#10436=EDGE_LOOP('',(#3450,#3451,#3452,#3453));
#10437=EDGE_LOOP('',(#3454,#3455,#3456,#3457));
#10438=EDGE_LOOP('',(#3458));
#10439=EDGE_LOOP('',(#3459));
#10440=EDGE_LOOP('',(#3460));
#10441=EDGE_LOOP('',(#3461));
#10442=EDGE_LOOP('',(#3462));
#10443=EDGE_LOOP('',(#3463));
#10444=EDGE_LOOP('',(#3464));
#10445=EDGE_LOOP('',(#3465));
#10446=EDGE_LOOP('',(#3466,#3467,#3468,#3469));
#10447=EDGE_LOOP('',(#3470,#3471,#3472,#3473,#3474,#3475,#3476,#3477,#3478,
#3479,#3480,#3481));
#10448=EDGE_LOOP('',(#3482));
#10449=EDGE_LOOP('',(#3483,#3484));
#10450=EDGE_LOOP('',(#3485));
#10451=EDGE_LOOP('',(#3486,#3487));
#10452=FACE_BOUND('',#9636,.T.);
#10453=FACE_BOUND('',#9637,.T.);
#10454=FACE_BOUND('',#9638,.T.);
#10455=FACE_BOUND('',#9639,.T.);
#10456=FACE_BOUND('',#9640,.T.);
#10457=FACE_BOUND('',#9641,.T.);
#10458=FACE_BOUND('',#9642,.T.);
#10459=FACE_BOUND('',#9643,.T.);
#10460=FACE_BOUND('',#9644,.T.);
#10461=FACE_BOUND('',#9645,.T.);
#10462=FACE_BOUND('',#9646,.T.);
#10463=FACE_BOUND('',#9647,.T.);
#10464=FACE_BOUND('',#9648,.T.);
#10465=FACE_BOUND('',#9649,.T.);
#10466=FACE_BOUND('',#9650,.T.);
#10467=FACE_BOUND('',#9651,.T.);
#10468=FACE_BOUND('',#9652,.T.);
#10469=FACE_BOUND('',#9653,.T.);
#10470=FACE_BOUND('',#9654,.T.);
#10471=FACE_BOUND('',#9655,.T.);
#10472=FACE_BOUND('',#9656,.T.);
#10473=FACE_BOUND('',#9657,.T.);
#10474=FACE_BOUND('',#9658,.T.);
#10475=FACE_BOUND('',#9659,.T.);
#10476=FACE_BOUND('',#9660,.T.);
#10477=FACE_BOUND('',#9661,.T.);
#10478=FACE_BOUND('',#9662,.T.);
#10479=FACE_BOUND('',#9663,.T.);
#10480=FACE_BOUND('',#9664,.T.);
#10481=FACE_BOUND('',#9665,.T.);
#10482=FACE_BOUND('',#9666,.T.);
#10483=FACE_BOUND('',#9667,.T.);
#10484=FACE_BOUND('',#9668,.T.);
#10485=FACE_BOUND('',#9669,.T.);
#10486=FACE_BOUND('',#9670,.T.);
#10487=FACE_BOUND('',#9671,.T.);
#10488=FACE_BOUND('',#9672,.T.);
#10489=FACE_BOUND('',#9673,.T.);
#10490=FACE_BOUND('',#9674,.T.);
#10491=FACE_BOUND('',#9675,.T.);
#10492=FACE_BOUND('',#9676,.T.);
#10493=FACE_BOUND('',#9677,.T.);
#10494=FACE_BOUND('',#9678,.T.);
#10495=FACE_BOUND('',#9679,.T.);
#10496=FACE_BOUND('',#9680,.T.);
#10497=FACE_BOUND('',#9681,.T.);
#10498=FACE_BOUND('',#9682,.T.);
#10499=FACE_BOUND('',#9683,.T.);
#10500=FACE_BOUND('',#9684,.T.);
#10501=FACE_BOUND('',#9685,.T.);
#10502=FACE_BOUND('',#9686,.T.);
#10503=FACE_BOUND('',#9687,.T.);
#10504=FACE_BOUND('',#9688,.T.);
#10505=FACE_BOUND('',#9689,.T.);
#10506=FACE_BOUND('',#9690,.T.);
#10507=FACE_BOUND('',#9691,.T.);
#10508=FACE_BOUND('',#9692,.T.);
#10509=FACE_BOUND('',#9693,.T.);
#10510=FACE_BOUND('',#9694,.T.);
#10511=FACE_BOUND('',#9695,.T.);
#10512=FACE_BOUND('',#9696,.T.);
#10513=FACE_BOUND('',#9697,.T.);
#10514=FACE_BOUND('',#9698,.T.);
#10515=FACE_BOUND('',#9699,.T.);
#10516=FACE_BOUND('',#9700,.T.);
#10517=FACE_BOUND('',#9701,.T.);
#10518=FACE_BOUND('',#9702,.T.);
#10519=FACE_BOUND('',#9703,.T.);
#10520=FACE_BOUND('',#9704,.T.);
#10521=FACE_BOUND('',#9705,.T.);
#10522=FACE_BOUND('',#9706,.T.);
#10523=FACE_BOUND('',#9707,.T.);
#10524=FACE_BOUND('',#9708,.T.);
#10525=FACE_BOUND('',#9709,.T.);
#10526=FACE_BOUND('',#9710,.T.);
#10527=FACE_BOUND('',#9711,.T.);
#10528=FACE_BOUND('',#9712,.T.);
#10529=FACE_BOUND('',#9713,.T.);
#10530=FACE_BOUND('',#9714,.T.);
#10531=FACE_BOUND('',#9715,.T.);
#10532=FACE_BOUND('',#9716,.T.);
#10533=FACE_BOUND('',#9717,.T.);
#10534=FACE_BOUND('',#9718,.T.);
#10535=FACE_BOUND('',#9719,.T.);
#10536=FACE_BOUND('',#9720,.T.);
#10537=FACE_BOUND('',#9721,.T.);
#10538=FACE_BOUND('',#9722,.T.);
#10539=FACE_BOUND('',#9723,.T.);
#10540=FACE_BOUND('',#9724,.T.);
#10541=FACE_BOUND('',#9725,.T.);
#10542=FACE_BOUND('',#9726,.T.);
#10543=FACE_BOUND('',#9727,.T.);
#10544=FACE_BOUND('',#9728,.T.);
#10545=FACE_BOUND('',#9729,.T.);
#10546=FACE_BOUND('',#9730,.T.);
#10547=FACE_BOUND('',#9731,.T.);
#10548=FACE_BOUND('',#9732,.T.);
#10549=FACE_BOUND('',#9733,.T.);
#10550=FACE_BOUND('',#9734,.T.);
#10551=FACE_BOUND('',#9735,.T.);
#10552=FACE_BOUND('',#9736,.T.);
#10553=FACE_BOUND('',#9737,.T.);
#10554=FACE_BOUND('',#9738,.T.);
#10555=FACE_BOUND('',#9739,.T.);
#10556=FACE_BOUND('',#9740,.T.);
#10557=FACE_BOUND('',#9741,.T.);
#10558=FACE_BOUND('',#9742,.T.);
#10559=FACE_BOUND('',#9743,.T.);
#10560=FACE_BOUND('',#9744,.T.);
#10561=FACE_BOUND('',#9745,.T.);
#10562=FACE_BOUND('',#9746,.T.);
#10563=FACE_BOUND('',#9747,.T.);
#10564=FACE_BOUND('',#9748,.T.);
#10565=FACE_BOUND('',#9749,.T.);
#10566=FACE_BOUND('',#9750,.T.);
#10567=FACE_BOUND('',#9751,.T.);
#10568=FACE_BOUND('',#9752,.T.);
#10569=FACE_BOUND('',#9753,.T.);
#10570=FACE_BOUND('',#9754,.T.);
#10571=FACE_BOUND('',#9755,.T.);
#10572=FACE_BOUND('',#9756,.T.);
#10573=FACE_BOUND('',#9757,.T.);
#10574=FACE_BOUND('',#9758,.T.);
#10575=FACE_BOUND('',#9759,.T.);
#10576=FACE_BOUND('',#9760,.T.);
#10577=FACE_BOUND('',#9761,.T.);
#10578=FACE_BOUND('',#9762,.T.);
#10579=FACE_BOUND('',#9763,.T.);
#10580=FACE_BOUND('',#9764,.T.);
#10581=FACE_BOUND('',#9765,.T.);
#10582=FACE_BOUND('',#9766,.T.);
#10583=FACE_BOUND('',#9767,.T.);
#10584=FACE_BOUND('',#9768,.T.);
#10585=FACE_BOUND('',#9769,.T.);
#10586=FACE_BOUND('',#9770,.T.);
#10587=FACE_BOUND('',#9771,.T.);
#10588=FACE_BOUND('',#9772,.T.);
#10589=FACE_BOUND('',#9773,.T.);
#10590=FACE_BOUND('',#9774,.T.);
#10591=FACE_BOUND('',#9775,.T.);
#10592=FACE_BOUND('',#9776,.T.);
#10593=FACE_BOUND('',#9777,.T.);
#10594=FACE_BOUND('',#9778,.T.);
#10595=FACE_BOUND('',#9779,.T.);
#10596=FACE_BOUND('',#9780,.T.);
#10597=FACE_BOUND('',#9781,.T.);
#10598=FACE_BOUND('',#9782,.T.);
#10599=FACE_BOUND('',#9783,.T.);
#10600=FACE_BOUND('',#9784,.T.);
#10601=FACE_BOUND('',#9785,.T.);
#10602=FACE_BOUND('',#9786,.T.);
#10603=FACE_BOUND('',#9787,.T.);
#10604=FACE_BOUND('',#9788,.T.);
#10605=FACE_BOUND('',#9789,.T.);
#10606=FACE_BOUND('',#9790,.T.);
#10607=FACE_BOUND('',#9791,.T.);
#10608=FACE_BOUND('',#9792,.T.);
#10609=FACE_BOUND('',#9793,.T.);
#10610=FACE_BOUND('',#9794,.T.);
#10611=FACE_BOUND('',#9795,.T.);
#10612=FACE_BOUND('',#9796,.T.);
#10613=FACE_BOUND('',#9797,.T.);
#10614=FACE_BOUND('',#9798,.T.);
#10615=FACE_BOUND('',#9799,.T.);
#10616=FACE_BOUND('',#9800,.T.);
#10617=FACE_BOUND('',#9801,.T.);
#10618=FACE_BOUND('',#9802,.T.);
#10619=FACE_BOUND('',#9803,.T.);
#10620=FACE_BOUND('',#9804,.T.);
#10621=FACE_BOUND('',#9805,.T.);
#10622=FACE_BOUND('',#9806,.T.);
#10623=FACE_BOUND('',#9807,.T.);
#10624=FACE_BOUND('',#9808,.T.);
#10625=FACE_BOUND('',#9809,.T.);
#10626=FACE_BOUND('',#9810,.T.);
#10627=FACE_BOUND('',#9811,.T.);
#10628=FACE_BOUND('',#9812,.T.);
#10629=FACE_BOUND('',#9813,.T.);
#10630=FACE_BOUND('',#9814,.T.);
#10631=FACE_BOUND('',#9815,.T.);
#10632=FACE_BOUND('',#9816,.T.);
#10633=FACE_BOUND('',#9817,.T.);
#10634=FACE_BOUND('',#9818,.T.);
#10635=FACE_BOUND('',#9819,.T.);
#10636=FACE_BOUND('',#9820,.T.);
#10637=FACE_BOUND('',#9821,.T.);
#10638=FACE_BOUND('',#9822,.T.);
#10639=FACE_BOUND('',#9823,.T.);
#10640=FACE_BOUND('',#9824,.T.);
#10641=FACE_BOUND('',#9825,.T.);
#10642=FACE_BOUND('',#9826,.T.);
#10643=FACE_BOUND('',#9827,.T.);
#10644=FACE_BOUND('',#9828,.T.);
#10645=FACE_BOUND('',#9829,.T.);
#10646=FACE_BOUND('',#9830,.T.);
#10647=FACE_BOUND('',#9831,.T.);
#10648=FACE_BOUND('',#9832,.T.);
#10649=FACE_BOUND('',#9833,.T.);
#10650=FACE_BOUND('',#9834,.T.);
#10651=FACE_BOUND('',#9835,.T.);
#10652=FACE_BOUND('',#9836,.T.);
#10653=FACE_BOUND('',#9837,.T.);
#10654=FACE_BOUND('',#9838,.T.);
#10655=FACE_BOUND('',#9839,.T.);
#10656=FACE_BOUND('',#9840,.T.);
#10657=FACE_BOUND('',#9841,.T.);
#10658=FACE_BOUND('',#9842,.T.);
#10659=FACE_BOUND('',#9843,.T.);
#10660=FACE_BOUND('',#9844,.T.);
#10661=FACE_BOUND('',#9845,.T.);
#10662=FACE_BOUND('',#9846,.T.);
#10663=FACE_BOUND('',#9847,.T.);
#10664=FACE_BOUND('',#9848,.T.);
#10665=FACE_BOUND('',#9849,.T.);
#10666=FACE_BOUND('',#9850,.T.);
#10667=FACE_BOUND('',#9851,.T.);
#10668=FACE_BOUND('',#9852,.T.);
#10669=FACE_BOUND('',#9853,.T.);
#10670=FACE_BOUND('',#9854,.T.);
#10671=FACE_BOUND('',#9855,.T.);
#10672=FACE_BOUND('',#9856,.T.);
#10673=FACE_BOUND('',#9857,.T.);
#10674=FACE_BOUND('',#9858,.T.);
#10675=FACE_BOUND('',#9859,.T.);
#10676=FACE_BOUND('',#9860,.T.);
#10677=FACE_BOUND('',#9861,.T.);
#10678=FACE_BOUND('',#9862,.T.);
#10679=FACE_BOUND('',#9863,.T.);
#10680=FACE_BOUND('',#9864,.T.);
#10681=FACE_BOUND('',#9865,.T.);
#10682=FACE_BOUND('',#9866,.T.);
#10683=FACE_BOUND('',#9867,.T.);
#10684=FACE_BOUND('',#9868,.T.);
#10685=FACE_BOUND('',#9869,.T.);
#10686=FACE_BOUND('',#9870,.T.);
#10687=FACE_BOUND('',#9871,.T.);
#10688=FACE_BOUND('',#9872,.T.);
#10689=FACE_BOUND('',#9873,.T.);
#10690=FACE_BOUND('',#9874,.T.);
#10691=FACE_BOUND('',#9875,.T.);
#10692=FACE_BOUND('',#9876,.T.);
#10693=FACE_BOUND('',#9877,.T.);
#10694=FACE_BOUND('',#9878,.T.);
#10695=FACE_BOUND('',#9879,.T.);
#10696=FACE_BOUND('',#9880,.T.);
#10697=FACE_BOUND('',#9881,.T.);
#10698=FACE_BOUND('',#9882,.T.);
#10699=FACE_BOUND('',#9883,.T.);
#10700=FACE_BOUND('',#9884,.T.);
#10701=FACE_BOUND('',#9885,.T.);
#10702=FACE_BOUND('',#9886,.T.);
#10703=FACE_BOUND('',#9887,.T.);
#10704=FACE_BOUND('',#9888,.T.);
#10705=FACE_BOUND('',#9889,.T.);
#10706=FACE_BOUND('',#9890,.T.);
#10707=FACE_BOUND('',#9891,.T.);
#10708=FACE_BOUND('',#9892,.T.);
#10709=FACE_BOUND('',#9893,.T.);
#10710=FACE_BOUND('',#9894,.T.);
#10711=FACE_BOUND('',#9895,.T.);
#10712=FACE_BOUND('',#9896,.T.);
#10713=FACE_BOUND('',#9897,.T.);
#10714=FACE_BOUND('',#9898,.T.);
#10715=FACE_BOUND('',#9899,.T.);
#10716=FACE_BOUND('',#9900,.T.);
#10717=FACE_BOUND('',#9901,.T.);
#10718=FACE_BOUND('',#9902,.T.);
#10719=FACE_BOUND('',#9903,.T.);
#10720=FACE_BOUND('',#9904,.T.);
#10721=FACE_BOUND('',#9905,.T.);
#10722=FACE_BOUND('',#9906,.T.);
#10723=FACE_BOUND('',#9907,.T.);
#10724=FACE_BOUND('',#9908,.T.);
#10725=FACE_BOUND('',#9909,.T.);
#10726=FACE_BOUND('',#9910,.T.);
#10727=FACE_BOUND('',#9911,.T.);
#10728=FACE_BOUND('',#9912,.T.);
#10729=FACE_BOUND('',#9913,.T.);
#10730=FACE_BOUND('',#9914,.T.);
#10731=FACE_BOUND('',#9915,.T.);
#10732=FACE_BOUND('',#9916,.T.);
#10733=FACE_BOUND('',#9917,.T.);
#10734=FACE_BOUND('',#9918,.T.);
#10735=FACE_BOUND('',#9919,.T.);
#10736=FACE_BOUND('',#9920,.T.);
#10737=FACE_BOUND('',#9921,.T.);
#10738=FACE_BOUND('',#9922,.T.);
#10739=FACE_BOUND('',#9923,.T.);
#10740=FACE_BOUND('',#9924,.T.);
#10741=FACE_BOUND('',#9925,.T.);
#10742=FACE_BOUND('',#9926,.T.);
#10743=FACE_BOUND('',#9927,.T.);
#10744=FACE_BOUND('',#9928,.T.);
#10745=FACE_BOUND('',#9929,.T.);
#10746=FACE_BOUND('',#9930,.T.);
#10747=FACE_BOUND('',#9931,.T.);
#10748=FACE_BOUND('',#9932,.T.);
#10749=FACE_BOUND('',#9933,.T.);
#10750=FACE_BOUND('',#9934,.T.);
#10751=FACE_BOUND('',#9935,.T.);
#10752=FACE_BOUND('',#9936,.T.);
#10753=FACE_BOUND('',#9937,.T.);
#10754=FACE_BOUND('',#9938,.T.);
#10755=FACE_BOUND('',#9939,.T.);
#10756=FACE_BOUND('',#9940,.T.);
#10757=FACE_BOUND('',#9941,.T.);
#10758=FACE_BOUND('',#9942,.T.);
#10759=FACE_BOUND('',#9943,.T.);
#10760=FACE_BOUND('',#9944,.T.);
#10761=FACE_BOUND('',#9945,.T.);
#10762=FACE_BOUND('',#9946,.T.);
#10763=FACE_BOUND('',#9947,.T.);
#10764=FACE_BOUND('',#9948,.T.);
#10765=FACE_BOUND('',#9949,.T.);
#10766=FACE_BOUND('',#9950,.T.);
#10767=FACE_BOUND('',#9951,.T.);
#10768=FACE_BOUND('',#9952,.T.);
#10769=FACE_BOUND('',#9953,.T.);
#10770=FACE_BOUND('',#9954,.T.);
#10771=FACE_BOUND('',#9955,.T.);
#10772=FACE_BOUND('',#9956,.T.);
#10773=FACE_BOUND('',#9957,.T.);
#10774=FACE_BOUND('',#9958,.T.);
#10775=FACE_BOUND('',#9959,.T.);
#10776=FACE_BOUND('',#9960,.T.);
#10777=FACE_BOUND('',#9961,.T.);
#10778=FACE_BOUND('',#9962,.T.);
#10779=FACE_BOUND('',#9963,.T.);
#10780=FACE_BOUND('',#9964,.T.);
#10781=FACE_BOUND('',#9965,.T.);
#10782=FACE_BOUND('',#9966,.T.);
#10783=FACE_BOUND('',#9967,.T.);
#10784=FACE_BOUND('',#9968,.T.);
#10785=FACE_BOUND('',#9969,.T.);
#10786=FACE_BOUND('',#9970,.T.);
#10787=FACE_BOUND('',#9971,.T.);
#10788=FACE_BOUND('',#9972,.T.);
#10789=FACE_BOUND('',#9973,.T.);
#10790=FACE_BOUND('',#9974,.T.);
#10791=FACE_BOUND('',#9975,.T.);
#10792=FACE_BOUND('',#9976,.T.);
#10793=FACE_BOUND('',#9977,.T.);
#10794=FACE_BOUND('',#9978,.T.);
#10795=FACE_BOUND('',#9979,.T.);
#10796=FACE_BOUND('',#9980,.T.);
#10797=FACE_BOUND('',#9981,.T.);
#10798=FACE_BOUND('',#9982,.T.);
#10799=FACE_BOUND('',#9983,.T.);
#10800=FACE_BOUND('',#9984,.T.);
#10801=FACE_BOUND('',#9985,.T.);
#10802=FACE_BOUND('',#9986,.T.);
#10803=FACE_BOUND('',#9987,.T.);
#10804=FACE_BOUND('',#9988,.T.);
#10805=FACE_BOUND('',#9989,.T.);
#10806=FACE_BOUND('',#9990,.T.);
#10807=FACE_BOUND('',#9991,.T.);
#10808=FACE_BOUND('',#9992,.T.);
#10809=FACE_BOUND('',#9993,.T.);
#10810=FACE_BOUND('',#9994,.T.);
#10811=FACE_BOUND('',#9995,.T.);
#10812=FACE_BOUND('',#9996,.T.);
#10813=FACE_BOUND('',#9997,.T.);
#10814=FACE_BOUND('',#9998,.T.);
#10815=FACE_BOUND('',#9999,.T.);
#10816=FACE_BOUND('',#10000,.T.);
#10817=FACE_BOUND('',#10001,.T.);
#10818=FACE_BOUND('',#10002,.T.);
#10819=FACE_BOUND('',#10003,.T.);
#10820=FACE_BOUND('',#10004,.T.);
#10821=FACE_BOUND('',#10005,.T.);
#10822=FACE_BOUND('',#10006,.T.);
#10823=FACE_BOUND('',#10007,.T.);
#10824=FACE_BOUND('',#10008,.T.);
#10825=FACE_BOUND('',#10009,.T.);
#10826=FACE_BOUND('',#10010,.T.);
#10827=FACE_BOUND('',#10011,.T.);
#10828=FACE_BOUND('',#10012,.T.);
#10829=FACE_BOUND('',#10013,.T.);
#10830=FACE_BOUND('',#10014,.T.);
#10831=FACE_BOUND('',#10015,.T.);
#10832=FACE_BOUND('',#10016,.T.);
#10833=FACE_BOUND('',#10017,.T.);
#10834=FACE_BOUND('',#10018,.T.);
#10835=FACE_BOUND('',#10019,.T.);
#10836=FACE_BOUND('',#10020,.T.);
#10837=FACE_BOUND('',#10021,.T.);
#10838=FACE_BOUND('',#10022,.T.);
#10839=FACE_BOUND('',#10023,.T.);
#10840=FACE_BOUND('',#10024,.T.);
#10841=FACE_BOUND('',#10025,.T.);
#10842=FACE_BOUND('',#10026,.T.);
#10843=FACE_BOUND('',#10027,.T.);
#10844=FACE_BOUND('',#10028,.T.);
#10845=FACE_BOUND('',#10029,.T.);
#10846=FACE_BOUND('',#10030,.T.);
#10847=FACE_BOUND('',#10031,.T.);
#10848=FACE_BOUND('',#10032,.T.);
#10849=FACE_BOUND('',#10033,.T.);
#10850=FACE_BOUND('',#10034,.T.);
#10851=FACE_BOUND('',#10035,.T.);
#10852=FACE_BOUND('',#10036,.T.);
#10853=FACE_BOUND('',#10037,.T.);
#10854=FACE_BOUND('',#10038,.T.);
#10855=FACE_BOUND('',#10039,.T.);
#10856=FACE_BOUND('',#10040,.T.);
#10857=FACE_BOUND('',#10041,.T.);
#10858=FACE_BOUND('',#10042,.T.);
#10859=FACE_BOUND('',#10043,.T.);
#10860=FACE_BOUND('',#10044,.T.);
#10861=FACE_BOUND('',#10045,.T.);
#10862=FACE_BOUND('',#10046,.T.);
#10863=FACE_BOUND('',#10047,.T.);
#10864=FACE_BOUND('',#10048,.T.);
#10865=FACE_BOUND('',#10049,.T.);
#10866=FACE_BOUND('',#10050,.T.);
#10867=FACE_BOUND('',#10051,.T.);
#10868=FACE_BOUND('',#10052,.T.);
#10869=FACE_BOUND('',#10053,.T.);
#10870=FACE_BOUND('',#10054,.T.);
#10871=FACE_BOUND('',#10055,.T.);
#10872=FACE_BOUND('',#10056,.T.);
#10873=FACE_BOUND('',#10057,.T.);
#10874=FACE_BOUND('',#10058,.T.);
#10875=FACE_BOUND('',#10059,.T.);
#10876=FACE_BOUND('',#10060,.T.);
#10877=FACE_BOUND('',#10061,.T.);
#10878=FACE_BOUND('',#10062,.T.);
#10879=FACE_BOUND('',#10063,.T.);
#10880=FACE_BOUND('',#10064,.T.);
#10881=FACE_BOUND('',#10065,.T.);
#10882=FACE_BOUND('',#10066,.T.);
#10883=FACE_BOUND('',#10067,.T.);
#10884=FACE_BOUND('',#10068,.T.);
#10885=FACE_BOUND('',#10069,.T.);
#10886=FACE_BOUND('',#10070,.T.);
#10887=FACE_BOUND('',#10071,.T.);
#10888=FACE_BOUND('',#10072,.T.);
#10889=FACE_BOUND('',#10073,.T.);
#10890=FACE_BOUND('',#10074,.T.);
#10891=FACE_BOUND('',#10075,.T.);
#10892=FACE_BOUND('',#10076,.T.);
#10893=FACE_BOUND('',#10077,.T.);
#10894=FACE_BOUND('',#10078,.T.);
#10895=FACE_BOUND('',#10079,.T.);
#10896=FACE_BOUND('',#10080,.T.);
#10897=FACE_BOUND('',#10081,.T.);
#10898=FACE_BOUND('',#10082,.T.);
#10899=FACE_BOUND('',#10083,.T.);
#10900=FACE_BOUND('',#10084,.T.);
#10901=FACE_BOUND('',#10085,.T.);
#10902=FACE_BOUND('',#10086,.T.);
#10903=FACE_BOUND('',#10087,.T.);
#10904=FACE_BOUND('',#10088,.T.);
#10905=FACE_BOUND('',#10089,.T.);
#10906=FACE_BOUND('',#10090,.T.);
#10907=FACE_BOUND('',#10091,.T.);
#10908=FACE_BOUND('',#10092,.T.);
#10909=FACE_BOUND('',#10093,.T.);
#10910=FACE_BOUND('',#10094,.T.);
#10911=FACE_BOUND('',#10095,.T.);
#10912=FACE_BOUND('',#10096,.T.);
#10913=FACE_BOUND('',#10097,.T.);
#10914=FACE_BOUND('',#10098,.T.);
#10915=FACE_BOUND('',#10099,.T.);
#10916=FACE_BOUND('',#10100,.T.);
#10917=FACE_BOUND('',#10101,.T.);
#10918=FACE_BOUND('',#10102,.T.);
#10919=FACE_BOUND('',#10103,.T.);
#10920=FACE_BOUND('',#10104,.T.);
#10921=FACE_BOUND('',#10105,.T.);
#10922=FACE_BOUND('',#10106,.T.);
#10923=FACE_BOUND('',#10107,.T.);
#10924=FACE_BOUND('',#10108,.T.);
#10925=FACE_BOUND('',#10109,.T.);
#10926=FACE_BOUND('',#10110,.T.);
#10927=FACE_BOUND('',#10111,.T.);
#10928=FACE_BOUND('',#10112,.T.);
#10929=FACE_BOUND('',#10113,.T.);
#10930=FACE_BOUND('',#10114,.T.);
#10931=FACE_BOUND('',#10115,.T.);
#10932=FACE_BOUND('',#10116,.T.);
#10933=FACE_BOUND('',#10117,.T.);
#10934=FACE_BOUND('',#10118,.T.);
#10935=FACE_BOUND('',#10119,.T.);
#10936=FACE_BOUND('',#10120,.T.);
#10937=FACE_BOUND('',#10121,.T.);
#10938=FACE_BOUND('',#10122,.T.);
#10939=FACE_BOUND('',#10123,.T.);
#10940=FACE_BOUND('',#10124,.T.);
#10941=FACE_BOUND('',#10125,.T.);
#10942=FACE_BOUND('',#10126,.T.);
#10943=FACE_BOUND('',#10127,.T.);
#10944=FACE_BOUND('',#10128,.T.);
#10945=FACE_BOUND('',#10129,.T.);
#10946=FACE_BOUND('',#10130,.T.);
#10947=FACE_BOUND('',#10131,.T.);
#10948=FACE_BOUND('',#10132,.T.);
#10949=FACE_BOUND('',#10133,.T.);
#10950=FACE_BOUND('',#10134,.T.);
#10951=FACE_BOUND('',#10135,.T.);
#10952=FACE_BOUND('',#10136,.T.);
#10953=FACE_BOUND('',#10137,.T.);
#10954=FACE_BOUND('',#10138,.T.);
#10955=FACE_BOUND('',#10139,.T.);
#10956=FACE_BOUND('',#10140,.T.);
#10957=FACE_BOUND('',#10141,.T.);
#10958=FACE_BOUND('',#10142,.T.);
#10959=FACE_BOUND('',#10143,.T.);
#10960=FACE_BOUND('',#10144,.T.);
#10961=FACE_BOUND('',#10145,.T.);
#10962=FACE_BOUND('',#10146,.T.);
#10963=FACE_BOUND('',#10147,.T.);
#10964=FACE_BOUND('',#10148,.T.);
#10965=FACE_BOUND('',#10149,.T.);
#10966=FACE_BOUND('',#10150,.T.);
#10967=FACE_BOUND('',#10151,.T.);
#10968=FACE_BOUND('',#10152,.T.);
#10969=FACE_BOUND('',#10153,.T.);
#10970=FACE_BOUND('',#10154,.T.);
#10971=FACE_BOUND('',#10155,.T.);
#10972=FACE_BOUND('',#10156,.T.);
#10973=FACE_BOUND('',#10157,.T.);
#10974=FACE_BOUND('',#10158,.T.);
#10975=FACE_BOUND('',#10159,.T.);
#10976=FACE_BOUND('',#10160,.T.);
#10977=FACE_BOUND('',#10161,.T.);
#10978=FACE_BOUND('',#10162,.T.);
#10979=FACE_BOUND('',#10163,.T.);
#10980=FACE_BOUND('',#10164,.T.);
#10981=FACE_BOUND('',#10165,.T.);
#10982=FACE_BOUND('',#10166,.T.);
#10983=FACE_BOUND('',#10167,.T.);
#10984=FACE_BOUND('',#10168,.T.);
#10985=FACE_BOUND('',#10169,.T.);
#10986=FACE_BOUND('',#10170,.T.);
#10987=FACE_BOUND('',#10171,.T.);
#10988=FACE_BOUND('',#10172,.T.);
#10989=FACE_BOUND('',#10173,.T.);
#10990=FACE_BOUND('',#10174,.T.);
#10991=FACE_BOUND('',#10175,.T.);
#10992=FACE_BOUND('',#10176,.T.);
#10993=FACE_BOUND('',#10177,.T.);
#10994=FACE_BOUND('',#10178,.T.);
#10995=FACE_BOUND('',#10179,.T.);
#10996=FACE_BOUND('',#10180,.T.);
#10997=FACE_BOUND('',#10181,.T.);
#10998=FACE_BOUND('',#10182,.T.);
#10999=FACE_BOUND('',#10183,.T.);
#11000=FACE_BOUND('',#10184,.T.);
#11001=FACE_BOUND('',#10185,.T.);
#11002=FACE_BOUND('',#10186,.T.);
#11003=FACE_BOUND('',#10187,.T.);
#11004=FACE_BOUND('',#10188,.T.);
#11005=FACE_BOUND('',#10189,.T.);
#11006=FACE_BOUND('',#10190,.T.);
#11007=FACE_BOUND('',#10191,.T.);
#11008=FACE_BOUND('',#10192,.T.);
#11009=FACE_BOUND('',#10193,.T.);
#11010=FACE_BOUND('',#10194,.T.);
#11011=FACE_BOUND('',#10195,.T.);
#11012=FACE_BOUND('',#10196,.T.);
#11013=FACE_BOUND('',#10197,.T.);
#11014=FACE_BOUND('',#10198,.T.);
#11015=FACE_BOUND('',#10199,.T.);
#11016=FACE_BOUND('',#10200,.T.);
#11017=FACE_BOUND('',#10201,.T.);
#11018=FACE_BOUND('',#10202,.T.);
#11019=FACE_BOUND('',#10203,.T.);
#11020=FACE_BOUND('',#10204,.T.);
#11021=FACE_BOUND('',#10205,.T.);
#11022=FACE_BOUND('',#10206,.T.);
#11023=FACE_BOUND('',#10207,.T.);
#11024=FACE_BOUND('',#10208,.T.);
#11025=FACE_BOUND('',#10209,.T.);
#11026=FACE_BOUND('',#10210,.T.);
#11027=FACE_BOUND('',#10211,.T.);
#11028=FACE_BOUND('',#10212,.T.);
#11029=FACE_BOUND('',#10213,.T.);
#11030=FACE_BOUND('',#10214,.T.);
#11031=FACE_BOUND('',#10215,.T.);
#11032=FACE_BOUND('',#10216,.T.);
#11033=FACE_BOUND('',#10217,.T.);
#11034=FACE_BOUND('',#10218,.T.);
#11035=FACE_BOUND('',#10219,.T.);
#11036=FACE_BOUND('',#10220,.T.);
#11037=FACE_BOUND('',#10221,.T.);
#11038=FACE_BOUND('',#10222,.T.);
#11039=FACE_BOUND('',#10223,.T.);
#11040=FACE_BOUND('',#10224,.T.);
#11041=FACE_BOUND('',#10225,.T.);
#11042=FACE_BOUND('',#10226,.T.);
#11043=FACE_BOUND('',#10227,.T.);
#11044=FACE_BOUND('',#10228,.T.);
#11045=FACE_BOUND('',#10229,.T.);
#11046=FACE_BOUND('',#10230,.T.);
#11047=FACE_BOUND('',#10231,.T.);
#11048=FACE_BOUND('',#10232,.T.);
#11049=FACE_BOUND('',#10233,.T.);
#11050=FACE_BOUND('',#10234,.T.);
#11051=FACE_BOUND('',#10235,.T.);
#11052=FACE_BOUND('',#10236,.T.);
#11053=FACE_BOUND('',#10237,.T.);
#11054=FACE_BOUND('',#10238,.T.);
#11055=FACE_BOUND('',#10239,.T.);
#11056=FACE_BOUND('',#10240,.T.);
#11057=FACE_BOUND('',#10241,.T.);
#11058=FACE_BOUND('',#10242,.T.);
#11059=FACE_BOUND('',#10243,.T.);
#11060=FACE_BOUND('',#10244,.T.);
#11061=FACE_BOUND('',#10245,.T.);
#11062=FACE_BOUND('',#10246,.T.);
#11063=FACE_BOUND('',#10247,.T.);
#11064=FACE_BOUND('',#10248,.T.);
#11065=FACE_BOUND('',#10249,.T.);
#11066=FACE_BOUND('',#10250,.T.);
#11067=FACE_BOUND('',#10251,.T.);
#11068=FACE_BOUND('',#10252,.T.);
#11069=FACE_BOUND('',#10253,.T.);
#11070=FACE_BOUND('',#10254,.T.);
#11071=FACE_BOUND('',#10255,.T.);
#11072=FACE_BOUND('',#10256,.T.);
#11073=FACE_BOUND('',#10257,.T.);
#11074=FACE_BOUND('',#10258,.T.);
#11075=FACE_BOUND('',#10259,.T.);
#11076=FACE_BOUND('',#10260,.T.);
#11077=FACE_BOUND('',#10261,.T.);
#11078=FACE_BOUND('',#10262,.T.);
#11079=FACE_BOUND('',#10263,.T.);
#11080=FACE_BOUND('',#10264,.T.);
#11081=FACE_BOUND('',#10265,.T.);
#11082=FACE_BOUND('',#10266,.T.);
#11083=FACE_BOUND('',#10267,.T.);
#11084=FACE_BOUND('',#10268,.T.);
#11085=FACE_BOUND('',#10269,.T.);
#11086=FACE_BOUND('',#10270,.T.);
#11087=FACE_BOUND('',#10271,.T.);
#11088=FACE_BOUND('',#10272,.T.);
#11089=FACE_BOUND('',#10273,.T.);
#11090=FACE_BOUND('',#10274,.T.);
#11091=FACE_BOUND('',#10275,.T.);
#11092=FACE_BOUND('',#10276,.T.);
#11093=FACE_BOUND('',#10277,.T.);
#11094=FACE_BOUND('',#10278,.T.);
#11095=FACE_BOUND('',#10279,.T.);
#11096=FACE_BOUND('',#10280,.T.);
#11097=FACE_BOUND('',#10281,.T.);
#11098=FACE_BOUND('',#10282,.T.);
#11099=FACE_BOUND('',#10283,.T.);
#11100=FACE_BOUND('',#10284,.T.);
#11101=FACE_BOUND('',#10285,.T.);
#11102=FACE_BOUND('',#10286,.T.);
#11103=FACE_BOUND('',#10287,.T.);
#11104=FACE_BOUND('',#10288,.T.);
#11105=FACE_BOUND('',#10289,.T.);
#11106=FACE_BOUND('',#10290,.T.);
#11107=FACE_BOUND('',#10291,.T.);
#11108=FACE_BOUND('',#10292,.T.);
#11109=FACE_BOUND('',#10293,.T.);
#11110=FACE_BOUND('',#10294,.T.);
#11111=FACE_BOUND('',#10295,.T.);
#11112=FACE_BOUND('',#10296,.T.);
#11113=FACE_BOUND('',#10297,.T.);
#11114=FACE_BOUND('',#10298,.T.);
#11115=FACE_BOUND('',#10299,.T.);
#11116=FACE_BOUND('',#10300,.T.);
#11117=FACE_BOUND('',#10301,.T.);
#11118=FACE_BOUND('',#10302,.T.);
#11119=FACE_BOUND('',#10303,.T.);
#11120=FACE_BOUND('',#10304,.T.);
#11121=FACE_BOUND('',#10305,.T.);
#11122=FACE_BOUND('',#10306,.T.);
#11123=FACE_BOUND('',#10307,.T.);
#11124=FACE_BOUND('',#10308,.T.);
#11125=FACE_BOUND('',#10309,.T.);
#11126=FACE_BOUND('',#10310,.T.);
#11127=FACE_BOUND('',#10311,.T.);
#11128=FACE_BOUND('',#10312,.T.);
#11129=FACE_BOUND('',#10313,.T.);
#11130=FACE_BOUND('',#10314,.T.);
#11131=FACE_BOUND('',#10315,.T.);
#11132=FACE_BOUND('',#10316,.T.);
#11133=FACE_BOUND('',#10317,.T.);
#11134=FACE_BOUND('',#10318,.T.);
#11135=FACE_BOUND('',#10319,.T.);
#11136=FACE_BOUND('',#10320,.T.);
#11137=FACE_BOUND('',#10321,.T.);
#11138=FACE_BOUND('',#10322,.T.);
#11139=FACE_BOUND('',#10323,.T.);
#11140=FACE_BOUND('',#10324,.T.);
#11141=FACE_BOUND('',#10325,.T.);
#11142=FACE_BOUND('',#10326,.T.);
#11143=FACE_BOUND('',#10327,.T.);
#11144=FACE_BOUND('',#10328,.T.);
#11145=FACE_BOUND('',#10329,.T.);
#11146=FACE_BOUND('',#10330,.T.);
#11147=FACE_BOUND('',#10331,.T.);
#11148=FACE_BOUND('',#10332,.T.);
#11149=FACE_BOUND('',#10333,.T.);
#11150=FACE_BOUND('',#10334,.T.);
#11151=FACE_BOUND('',#10335,.T.);
#11152=FACE_BOUND('',#10336,.T.);
#11153=FACE_BOUND('',#10337,.T.);
#11154=FACE_BOUND('',#10338,.T.);
#11155=FACE_BOUND('',#10339,.T.);
#11156=FACE_BOUND('',#10340,.T.);
#11157=FACE_BOUND('',#10341,.T.);
#11158=FACE_BOUND('',#10342,.T.);
#11159=FACE_BOUND('',#10343,.T.);
#11160=FACE_BOUND('',#10344,.T.);
#11161=FACE_BOUND('',#10345,.T.);
#11162=FACE_BOUND('',#10346,.T.);
#11163=FACE_BOUND('',#10347,.T.);
#11164=FACE_BOUND('',#10348,.T.);
#11165=FACE_BOUND('',#10349,.T.);
#11166=FACE_BOUND('',#10350,.T.);
#11167=FACE_BOUND('',#10351,.T.);
#11168=FACE_BOUND('',#10352,.T.);
#11169=FACE_BOUND('',#10353,.T.);
#11170=FACE_BOUND('',#10354,.T.);
#11171=FACE_BOUND('',#10355,.T.);
#11172=FACE_BOUND('',#10356,.T.);
#11173=FACE_BOUND('',#10357,.T.);
#11174=FACE_BOUND('',#10358,.T.);
#11175=FACE_BOUND('',#10359,.T.);
#11176=FACE_BOUND('',#10360,.T.);
#11177=FACE_BOUND('',#10361,.T.);
#11178=FACE_BOUND('',#10362,.T.);
#11179=FACE_BOUND('',#10363,.T.);
#11180=FACE_BOUND('',#10364,.T.);
#11181=FACE_BOUND('',#10365,.T.);
#11182=FACE_BOUND('',#10366,.T.);
#11183=FACE_BOUND('',#10367,.T.);
#11184=FACE_BOUND('',#10368,.T.);
#11185=FACE_BOUND('',#10369,.T.);
#11186=FACE_BOUND('',#10370,.T.);
#11187=FACE_BOUND('',#10371,.T.);
#11188=FACE_BOUND('',#10372,.T.);
#11189=FACE_BOUND('',#10373,.T.);
#11190=FACE_BOUND('',#10374,.T.);
#11191=FACE_BOUND('',#10375,.T.);
#11192=FACE_BOUND('',#10376,.T.);
#11193=FACE_BOUND('',#10377,.T.);
#11194=FACE_BOUND('',#10378,.T.);
#11195=FACE_BOUND('',#10379,.T.);
#11196=FACE_BOUND('',#10380,.T.);
#11197=FACE_BOUND('',#10381,.T.);
#11198=FACE_BOUND('',#10382,.T.);
#11199=FACE_BOUND('',#10383,.T.);
#11200=FACE_BOUND('',#10384,.T.);
#11201=FACE_BOUND('',#10385,.T.);
#11202=FACE_BOUND('',#10386,.T.);
#11203=FACE_BOUND('',#10387,.T.);
#11204=FACE_BOUND('',#10388,.T.);
#11205=FACE_BOUND('',#10389,.T.);
#11206=FACE_BOUND('',#10390,.T.);
#11207=FACE_BOUND('',#10391,.T.);
#11208=FACE_BOUND('',#10392,.T.);
#11209=FACE_BOUND('',#10393,.T.);
#11210=FACE_BOUND('',#10394,.T.);
#11211=FACE_BOUND('',#10395,.T.);
#11212=FACE_BOUND('',#10396,.T.);
#11213=FACE_BOUND('',#10397,.T.);
#11214=FACE_BOUND('',#10398,.T.);
#11215=FACE_BOUND('',#10399,.T.);
#11216=FACE_BOUND('',#10400,.T.);
#11217=FACE_BOUND('',#10401,.T.);
#11218=FACE_BOUND('',#10402,.T.);
#11219=FACE_BOUND('',#10403,.T.);
#11220=FACE_BOUND('',#10404,.T.);
#11221=FACE_BOUND('',#10405,.T.);
#11222=FACE_BOUND('',#10406,.T.);
#11223=FACE_BOUND('',#10407,.T.);
#11224=FACE_BOUND('',#10408,.T.);
#11225=FACE_BOUND('',#10409,.T.);
#11226=FACE_BOUND('',#10410,.T.);
#11227=FACE_BOUND('',#10411,.T.);
#11228=FACE_BOUND('',#10412,.T.);
#11229=FACE_BOUND('',#10413,.T.);
#11230=FACE_BOUND('',#10414,.T.);
#11231=FACE_BOUND('',#10415,.T.);
#11232=FACE_BOUND('',#10416,.T.);
#11233=FACE_BOUND('',#10417,.T.);
#11234=FACE_BOUND('',#10418,.T.);
#11235=FACE_BOUND('',#10419,.T.);
#11236=FACE_BOUND('',#10420,.T.);
#11237=FACE_BOUND('',#10421,.T.);
#11238=FACE_BOUND('',#10422,.T.);
#11239=FACE_BOUND('',#10423,.T.);
#11240=FACE_BOUND('',#10424,.T.);
#11241=FACE_BOUND('',#10425,.T.);
#11242=FACE_BOUND('',#10426,.T.);
#11243=FACE_BOUND('',#10427,.T.);
#11244=FACE_BOUND('',#10428,.T.);
#11245=FACE_BOUND('',#10429,.T.);
#11246=FACE_BOUND('',#10430,.T.);
#11247=FACE_BOUND('',#10431,.T.);
#11248=FACE_BOUND('',#10432,.T.);
#11249=FACE_BOUND('',#10433,.T.);
#11250=FACE_BOUND('',#10434,.T.);
#11251=FACE_BOUND('',#10435,.T.);
#11252=FACE_BOUND('',#10436,.T.);
#11253=FACE_BOUND('',#10437,.T.);
#11254=FACE_BOUND('',#10438,.T.);
#11255=FACE_BOUND('',#10439,.T.);
#11256=FACE_BOUND('',#10440,.T.);
#11257=FACE_BOUND('',#10441,.T.);
#11258=FACE_BOUND('',#10442,.T.);
#11259=FACE_BOUND('',#10443,.T.);
#11260=FACE_BOUND('',#10444,.T.);
#11261=FACE_BOUND('',#10445,.T.);
#11262=FACE_BOUND('',#10446,.T.);
#11263=FACE_BOUND('',#10447,.T.);
#11264=FACE_BOUND('',#10448,.T.);
#11265=FACE_BOUND('',#10449,.T.);
#11266=FACE_BOUND('',#10450,.T.);
#11267=FACE_BOUND('',#10451,.T.);
#11268=PLANE('',#12457);
#11269=PLANE('',#12458);
#11270=PLANE('',#12459);
#11271=PLANE('',#12460);
#11272=PLANE('',#12470);
#11273=PLANE('',#12471);
#11274=PLANE('',#12472);
#11275=PLANE('',#12475);
#11276=PLANE('',#12480);
#11277=PLANE('',#12486);
#11278=PLANE('',#12489);
#11279=PLANE('',#12492);
#11280=PLANE('',#12495);
#11281=PLANE('',#12498);
#11282=PLANE('',#12501);
#11283=PLANE('',#12504);
#11284=PLANE('',#12507);
#11285=PLANE('',#12510);
#11286=PLANE('',#12513);
#11287=PLANE('',#12516);
#11288=PLANE('',#12519);
#11289=PLANE('',#12522);
#11290=PLANE('',#12525);
#11291=PLANE('',#12528);
#11292=PLANE('',#12531);
#11293=PLANE('',#12534);
#11294=PLANE('',#12537);
#11295=PLANE('',#12538);
#11296=PLANE('',#12539);
#11297=PLANE('',#12540);
#11298=PLANE('',#12541);
#11299=PLANE('',#12543);
#11300=PLANE('',#12544);
#11301=PLANE('',#12545);
#11302=PLANE('',#12546);
#11303=PLANE('',#12547);
#11304=PLANE('',#12548);
#11305=PLANE('',#12549);
#11306=PLANE('',#12550);
#11307=PLANE('',#12551);
#11308=PLANE('',#12552);
#11309=PLANE('',#12553);
#11310=PLANE('',#12554);
#11311=PLANE('',#12555);
#11312=PLANE('',#12556);
#11313=PLANE('',#12557);
#11314=PLANE('',#12558);
#11315=PLANE('',#12559);
#11316=PLANE('',#12560);
#11317=PLANE('',#12561);
#11318=PLANE('',#12562);
#11319=PLANE('',#12563);
#11320=PLANE('',#12564);
#11321=PLANE('',#12565);
#11322=PLANE('',#12566);
#11323=PLANE('',#12567);
#11324=PLANE('',#12568);
#11325=PLANE('',#12569);
#11326=PLANE('',#12570);
#11327=PLANE('',#12571);
#11328=PLANE('',#12572);
#11329=PLANE('',#12573);
#11330=PLANE('',#12574);
#11331=PLANE('',#12575);
#11332=PLANE('',#12576);
#11333=PLANE('',#12577);
#11334=PLANE('',#12578);
#11335=PLANE('',#12579);
#11336=PLANE('',#12580);
#11337=PLANE('',#12581);
#11338=PLANE('',#12582);
#11339=PLANE('',#12583);
#11340=PLANE('',#12584);
#11341=PLANE('',#12585);
#11342=PLANE('',#12586);
#11343=PLANE('',#12587);
#11344=PLANE('',#12588);
#11345=PLANE('',#12589);
#11346=PLANE('',#12590);
#11347=PLANE('',#12591);
#11348=PLANE('',#12592);
#11349=PLANE('',#12593);
#11350=PLANE('',#12594);
#11351=PLANE('',#12595);
#11352=PLANE('',#12596);
#11353=PLANE('',#12597);
#11354=PLANE('',#12598);
#11355=PLANE('',#12599);
#11356=PLANE('',#12600);
#11357=PLANE('',#12601);
#11358=PLANE('',#12602);
#11359=PLANE('',#12603);
#11360=PLANE('',#12604);
#11361=PLANE('',#12605);
#11362=PLANE('',#12606);
#11363=PLANE('',#12607);
#11364=PLANE('',#12608);
#11365=PLANE('',#12609);
#11366=PLANE('',#12610);
#11367=PLANE('',#12611);
#11368=PLANE('',#12612);
#11369=PLANE('',#12613);
#11370=PLANE('',#12614);
#11371=PLANE('',#12615);
#11372=PLANE('',#12616);
#11373=PLANE('',#12617);
#11374=PLANE('',#12618);
#11375=PLANE('',#12619);
#11376=PLANE('',#12620);
#11377=PLANE('',#12621);
#11378=PLANE('',#12622);
#11379=PLANE('',#12623);
#11380=PLANE('',#12624);
#11381=PLANE('',#12625);
#11382=PLANE('',#12626);
#11383=PLANE('',#12627);
#11384=PLANE('',#12628);
#11385=PLANE('',#12629);
#11386=PLANE('',#12630);
#11387=PLANE('',#12631);
#11388=PLANE('',#12632);
#11389=PLANE('',#12633);
#11390=PLANE('',#12634);
#11391=PLANE('',#12635);
#11392=PLANE('',#12636);
#11393=PLANE('',#12637);
#11394=PLANE('',#12638);
#11395=PLANE('',#12639);
#11396=PLANE('',#12640);
#11397=PLANE('',#12641);
#11398=PLANE('',#12642);
#11399=PLANE('',#12643);
#11400=PLANE('',#12644);
#11401=PLANE('',#12645);
#11402=PLANE('',#12646);
#11403=PLANE('',#12647);
#11404=PLANE('',#12648);
#11405=PLANE('',#12649);
#11406=PLANE('',#12650);
#11407=PLANE('',#12651);
#11408=PLANE('',#12652);
#11409=PLANE('',#12653);
#11410=PLANE('',#12654);
#11411=PLANE('',#12655);
#11412=PLANE('',#12656);
#11413=PLANE('',#12657);
#11414=PLANE('',#12658);
#11415=PLANE('',#12659);
#11416=PLANE('',#12660);
#11417=PLANE('',#12661);
#11418=PLANE('',#12662);
#11419=PLANE('',#12663);
#11420=PLANE('',#12664);
#11421=PLANE('',#12665);
#11422=PLANE('',#12666);
#11423=PLANE('',#12667);
#11424=PLANE('',#12668);
#11425=PLANE('',#12669);
#11426=PLANE('',#12670);
#11427=PLANE('',#12671);
#11428=PLANE('',#12672);
#11429=PLANE('',#12673);
#11430=PLANE('',#12674);
#11431=PLANE('',#12675);
#11432=PLANE('',#12676);
#11433=PLANE('',#12677);
#11434=PLANE('',#12678);
#11435=PLANE('',#12679);
#11436=PLANE('',#12680);
#11437=PLANE('',#12681);
#11438=PLANE('',#12682);
#11439=PLANE('',#12683);
#11440=PLANE('',#12684);
#11441=PLANE('',#12685);
#11442=PLANE('',#12686);
#11443=PLANE('',#12687);
#11444=PLANE('',#12688);
#11445=PLANE('',#12689);
#11446=PLANE('',#12690);
#11447=PLANE('',#12691);
#11448=PLANE('',#12692);
#11449=PLANE('',#12693);
#11450=PLANE('',#12694);
#11451=PLANE('',#12695);
#11452=PLANE('',#12696);
#11453=PLANE('',#12697);
#11454=PLANE('',#12698);
#11455=PLANE('',#12699);
#11456=PLANE('',#12700);
#11457=PLANE('',#12701);
#11458=PLANE('',#12702);
#11459=PLANE('',#12703);
#11460=PLANE('',#12704);
#11461=PLANE('',#12705);
#11462=PLANE('',#12706);
#11463=PLANE('',#12707);
#11464=PLANE('',#12708);
#11465=PLANE('',#12709);
#11466=PLANE('',#12710);
#11467=PLANE('',#12711);
#11468=PLANE('',#12712);
#11469=PLANE('',#12713);
#11470=PLANE('',#12714);
#11471=PLANE('',#12715);
#11472=PLANE('',#12716);
#11473=PLANE('',#12717);
#11474=PLANE('',#12718);
#11475=PLANE('',#12719);
#11476=PLANE('',#12720);
#11477=PLANE('',#12721);
#11478=PLANE('',#12722);
#11479=PLANE('',#12723);
#11480=PLANE('',#12724);
#11481=PLANE('',#12725);
#11482=PLANE('',#12726);
#11483=PLANE('',#12727);
#11484=PLANE('',#12728);
#11485=PLANE('',#12729);
#11486=PLANE('',#12730);
#11487=PLANE('',#12731);
#11488=PLANE('',#12732);
#11489=PLANE('',#12733);
#11490=PLANE('',#12734);
#11491=PLANE('',#12735);
#11492=PLANE('',#12736);
#11493=PLANE('',#12737);
#11494=PLANE('',#12738);
#11495=PLANE('',#12739);
#11496=PLANE('',#12740);
#11497=PLANE('',#12741);
#11498=PLANE('',#12742);
#11499=PLANE('',#12743);
#11500=PLANE('',#12744);
#11501=PLANE('',#12745);
#11502=PLANE('',#12746);
#11503=PLANE('',#12747);
#11504=PLANE('',#12748);
#11505=PLANE('',#12749);
#11506=PLANE('',#12750);
#11507=PLANE('',#12751);
#11508=PLANE('',#12752);
#11509=PLANE('',#12753);
#11510=PLANE('',#12754);
#11511=PLANE('',#12755);
#11512=PLANE('',#12756);
#11513=PLANE('',#12757);
#11514=PLANE('',#12758);
#11515=PLANE('',#12759);
#11516=PLANE('',#12760);
#11517=PLANE('',#12761);
#11518=PLANE('',#12762);
#11519=PLANE('',#12763);
#11520=PLANE('',#12764);
#11521=PLANE('',#12765);
#11522=PLANE('',#12766);
#11523=PLANE('',#12767);
#11524=PLANE('',#12768);
#11525=PLANE('',#12769);
#11526=PLANE('',#12770);
#11527=PLANE('',#12771);
#11528=PLANE('',#12772);
#11529=PLANE('',#12773);
#11530=PLANE('',#12774);
#11531=PLANE('',#12775);
#11532=PLANE('',#12776);
#11533=PLANE('',#12777);
#11534=PLANE('',#12778);
#11535=PLANE('',#12779);
#11536=PLANE('',#12780);
#11537=PLANE('',#12781);
#11538=PLANE('',#12782);
#11539=PLANE('',#12783);
#11540=PLANE('',#12784);
#11541=PLANE('',#12785);
#11542=PLANE('',#12786);
#11543=PLANE('',#12787);
#11544=PLANE('',#12788);
#11545=PLANE('',#12789);
#11546=PLANE('',#12790);
#11547=PLANE('',#12791);
#11548=PLANE('',#12792);
#11549=PLANE('',#12793);
#11550=PLANE('',#12794);
#11551=PLANE('',#12795);
#11552=PLANE('',#12796);
#11553=PLANE('',#12797);
#11554=PLANE('',#12798);
#11555=PLANE('',#12799);
#11556=PLANE('',#12800);
#11557=PLANE('',#12801);
#11558=PLANE('',#12802);
#11559=PLANE('',#12803);
#11560=PLANE('',#12804);
#11561=PLANE('',#12805);
#11562=PLANE('',#12806);
#11563=PLANE('',#12807);
#11564=PLANE('',#12808);
#11565=PLANE('',#12809);
#11566=PLANE('',#12810);
#11567=PLANE('',#12811);
#11568=PLANE('',#12812);
#11569=PLANE('',#12813);
#11570=PLANE('',#12814);
#11571=PLANE('',#12815);
#11572=PLANE('',#12816);
#11573=PLANE('',#12817);
#11574=PLANE('',#12818);
#11575=PLANE('',#12819);
#11576=PLANE('',#12820);
#11577=PLANE('',#12821);
#11578=PLANE('',#12822);
#11579=PLANE('',#12823);
#11580=PLANE('',#12824);
#11581=PLANE('',#12825);
#11582=PLANE('',#12826);
#11583=PLANE('',#12827);
#11584=PLANE('',#12828);
#11585=PLANE('',#12829);
#11586=PLANE('',#12830);
#11587=PLANE('',#12831);
#11588=PLANE('',#12832);
#11589=PLANE('',#12833);
#11590=PLANE('',#12834);
#11591=PLANE('',#12835);
#11592=PLANE('',#12836);
#11593=PLANE('',#12837);
#11594=PLANE('',#12838);
#11595=PLANE('',#12839);
#11596=PLANE('',#12840);
#11597=PLANE('',#12841);
#11598=PLANE('',#12842);
#11599=PLANE('',#12843);
#11600=PLANE('',#12844);
#11601=PLANE('',#12845);
#11602=PLANE('',#12846);
#11603=PLANE('',#12847);
#11604=PLANE('',#12848);
#11605=PLANE('',#12849);
#11606=PLANE('',#12850);
#11607=PLANE('',#12851);
#11608=PLANE('',#12852);
#11609=PLANE('',#12853);
#11610=PLANE('',#12854);
#11611=PLANE('',#12855);
#11612=PLANE('',#12856);
#11613=PLANE('',#12857);
#11614=PLANE('',#12858);
#11615=PLANE('',#12859);
#11616=PLANE('',#12860);
#11617=PLANE('',#12861);
#11618=PLANE('',#12862);
#11619=PLANE('',#12863);
#11620=PLANE('',#12864);
#11621=PLANE('',#12865);
#11622=PLANE('',#12866);
#11623=PLANE('',#12867);
#11624=PLANE('',#12868);
#11625=PLANE('',#12869);
#11626=PLANE('',#12870);
#11627=PLANE('',#12871);
#11628=PLANE('',#12872);
#11629=PLANE('',#12873);
#11630=PLANE('',#12874);
#11631=PLANE('',#12875);
#11632=PLANE('',#12876);
#11633=PLANE('',#12877);
#11634=PLANE('',#12878);
#11635=PLANE('',#12879);
#11636=PLANE('',#12880);
#11637=PLANE('',#12881);
#11638=PLANE('',#12882);
#11639=PLANE('',#12883);
#11640=PLANE('',#12884);
#11641=PLANE('',#12885);
#11642=PLANE('',#12886);
#11643=PLANE('',#12887);
#11644=PLANE('',#12888);
#11645=PLANE('',#12889);
#11646=PLANE('',#12890);
#11647=PLANE('',#12891);
#11648=PLANE('',#12892);
#11649=PLANE('',#12893);
#11650=PLANE('',#12894);
#11651=PLANE('',#12895);
#11652=PLANE('',#12896);
#11653=PLANE('',#12897);
#11654=PLANE('',#12898);
#11655=PLANE('',#12899);
#11656=PLANE('',#12900);
#11657=PLANE('',#12901);
#11658=PLANE('',#12902);
#11659=PLANE('',#12903);
#11660=PLANE('',#12904);
#11661=PLANE('',#12905);
#11662=PLANE('',#12906);
#11663=PLANE('',#12907);
#11664=PLANE('',#12908);
#11665=PLANE('',#12909);
#11666=PLANE('',#12910);
#11667=PLANE('',#12911);
#11668=PLANE('',#12912);
#11669=PLANE('',#12913);
#11670=PLANE('',#12914);
#11671=PLANE('',#12915);
#11672=PLANE('',#12916);
#11673=PLANE('',#12917);
#11674=PLANE('',#12918);
#11675=PLANE('',#12919);
#11676=PLANE('',#12920);
#11677=PLANE('',#12921);
#11678=PLANE('',#12922);
#11679=PLANE('',#12923);
#11680=PLANE('',#12924);
#11681=PLANE('',#12925);
#11682=PLANE('',#12926);
#11683=PLANE('',#12927);
#11684=PLANE('',#12928);
#11685=PLANE('',#12929);
#11686=PLANE('',#12930);
#11687=PLANE('',#12931);
#11688=PLANE('',#12932);
#11689=PLANE('',#12933);
#11690=PLANE('',#12934);
#11691=PLANE('',#12935);
#11692=PLANE('',#12936);
#11693=PLANE('',#12937);
#11694=PLANE('',#12938);
#11695=PLANE('',#12939);
#11696=PLANE('',#12940);
#11697=PLANE('',#12941);
#11698=PLANE('',#12942);
#11699=PLANE('',#12943);
#11700=PLANE('',#12944);
#11701=PLANE('',#12945);
#11702=PLANE('',#12946);
#11703=PLANE('',#12947);
#11704=PLANE('',#12948);
#11705=PLANE('',#12949);
#11706=PLANE('',#12950);
#11707=PLANE('',#12951);
#11708=PLANE('',#12952);
#11709=PLANE('',#12953);
#11710=PLANE('',#12954);
#11711=PLANE('',#12955);
#11712=PLANE('',#12956);
#11713=PLANE('',#12957);
#11714=PLANE('',#12958);
#11715=PLANE('',#12959);
#11716=PLANE('',#12960);
#11717=PLANE('',#12961);
#11718=PLANE('',#12962);
#11719=PLANE('',#12963);
#11720=PLANE('',#12964);
#11721=PLANE('',#12965);
#11722=PLANE('',#12966);
#11723=PLANE('',#12967);
#11724=PLANE('',#12968);
#11725=PLANE('',#12969);
#11726=PLANE('',#12970);
#11727=PLANE('',#12971);
#11728=PLANE('',#12972);
#11729=PLANE('',#12973);
#11730=PLANE('',#12974);
#11731=PLANE('',#12975);
#11732=PLANE('',#12976);
#11733=PLANE('',#12977);
#11734=PLANE('',#12978);
#11735=PLANE('',#12979);
#11736=PLANE('',#12980);
#11737=PLANE('',#12981);
#11738=PLANE('',#12982);
#11739=PLANE('',#12983);
#11740=PLANE('',#12984);
#11741=PLANE('',#12985);
#11742=PLANE('',#12986);
#11743=PLANE('',#12987);
#11744=PLANE('',#12988);
#11745=PLANE('',#12989);
#11746=PLANE('',#12990);
#11747=PLANE('',#12991);
#11748=PLANE('',#12992);
#11749=PLANE('',#12993);
#11750=PLANE('',#12994);
#11751=PLANE('',#12995);
#11752=PLANE('',#12996);
#11753=PLANE('',#12997);
#11754=PLANE('',#12998);
#11755=PLANE('',#12999);
#11756=PLANE('',#13000);
#11757=PLANE('',#13001);
#11758=PLANE('',#13002);
#11759=PLANE('',#13003);
#11760=PLANE('',#13004);
#11761=PLANE('',#13005);
#11762=PLANE('',#13006);
#11763=PLANE('',#13007);
#11764=PLANE('',#13008);
#11765=PLANE('',#13009);
#11766=PLANE('',#13010);
#11767=PLANE('',#13011);
#11768=PLANE('',#13012);
#11769=PLANE('',#13013);
#11770=PLANE('',#13014);
#11771=PLANE('',#13015);
#11772=PLANE('',#13016);
#11773=PLANE('',#13017);
#11774=PLANE('',#13018);
#11775=PLANE('',#13019);
#11776=PLANE('',#13020);
#11777=PLANE('',#13021);
#11778=PLANE('',#13022);
#11779=PLANE('',#13023);
#11780=PLANE('',#13024);
#11781=PLANE('',#13025);
#11782=PLANE('',#13026);
#11783=PLANE('',#13027);
#11784=PLANE('',#13028);
#11785=PLANE('',#13029);
#11786=PLANE('',#13030);
#11787=PLANE('',#13031);
#11788=PLANE('',#13032);
#11789=PLANE('',#13033);
#11790=PLANE('',#13034);
#11791=PLANE('',#13035);
#11792=PLANE('',#13036);
#11793=PLANE('',#13037);
#11794=PLANE('',#13038);
#11795=PLANE('',#13039);
#11796=PLANE('',#13040);
#11797=PLANE('',#13041);
#11798=PLANE('',#13042);
#11799=PLANE('',#13043);
#11800=PLANE('',#13044);
#11801=PLANE('',#13045);
#11802=PLANE('',#13046);
#11803=PLANE('',#13047);
#11804=PLANE('',#13048);
#11805=PLANE('',#13049);
#11806=PLANE('',#13050);
#11807=PLANE('',#13051);
#11808=PLANE('',#13052);
#11809=PLANE('',#13053);
#11810=PLANE('',#13054);
#11811=PLANE('',#13059);
#11812=PLANE('',#13064);
#11813=PLANE('',#13065);
#11814=PLANE('',#13066);
#11815=PLANE('',#13067);
#11816=PLANE('',#13068);
#11817=PLANE('',#13069);
#11818=PLANE('',#13070);
#11819=PLANE('',#13071);
#11820=PLANE('',#13072);
#11821=PLANE('',#13073);
#11822=PLANE('',#13076);
#11823=PLANE('',#13079);
#11824=PLANE('',#13080);
#11825=PLANE('',#13081);
#11826=PLANE('',#13082);
#11827=PLANE('',#13085);
#11828=PLANE('',#13086);
#11829=PLANE('',#13087);
#11830=PLANE('',#13088);
#11831=PLANE('',#13089);
#11832=PLANE('',#13090);
#11833=PLANE('',#13091);
#11834=PLANE('',#13092);
#11835=PLANE('',#13093);
#11836=PLANE('',#13098);
#11837=PLANE('',#13099);
#11838=ADVANCED_FACE('',(#10452),#11268,.T.);
#11839=ADVANCED_FACE('',(#10453),#11269,.T.);
#11840=ADVANCED_FACE('',(#10454),#11270,.F.);
#11841=ADVANCED_FACE('',(#10455,#10456,#10457,#10458,#10459,#10460,#10461,
#10462,#10463,#10464),#11271,.T.);
#11842=ADVANCED_FACE('',(#10465),#11272,.F.);
#11843=ADVANCED_FACE('',(#10466),#11273,.F.);
#11844=ADVANCED_FACE('',(#10467,#10468,#10469),#11274,.F.);
#11845=ADVANCED_FACE('',(#10470,#10471,#10472,#10473,#10474),#11275,.T.);
#11846=ADVANCED_FACE('',(#10475,#10476,#10477,#10478),#11276,.F.);
#11847=ADVANCED_FACE('',(#10479,#10480),#16,.T.);
#11848=ADVANCED_FACE('',(#10481),#11277,.T.);
#11849=ADVANCED_FACE('',(#10482,#10483),#17,.T.);
#11850=ADVANCED_FACE('',(#10484),#11278,.T.);
#11851=ADVANCED_FACE('',(#10485,#10486),#18,.T.);
#11852=ADVANCED_FACE('',(#10487),#11279,.T.);
#11853=ADVANCED_FACE('',(#10488,#10489),#19,.T.);
#11854=ADVANCED_FACE('',(#10490),#11280,.T.);
#11855=ADVANCED_FACE('',(#10491,#10492),#20,.T.);
#11856=ADVANCED_FACE('',(#10493),#11281,.T.);
#11857=ADVANCED_FACE('',(#10494,#10495),#21,.T.);
#11858=ADVANCED_FACE('',(#10496),#11282,.T.);
#11859=ADVANCED_FACE('',(#10497,#10498),#22,.T.);
#11860=ADVANCED_FACE('',(#10499),#11283,.T.);
#11861=ADVANCED_FACE('',(#10500,#10501),#23,.T.);
#11862=ADVANCED_FACE('',(#10502),#11284,.T.);
#11863=ADVANCED_FACE('',(#10503,#10504),#24,.T.);
#11864=ADVANCED_FACE('',(#10505),#11285,.T.);
#11865=ADVANCED_FACE('',(#10506,#10507),#25,.T.);
#11866=ADVANCED_FACE('',(#10508),#11286,.T.);
#11867=ADVANCED_FACE('',(#10509,#10510),#26,.T.);
#11868=ADVANCED_FACE('',(#10511),#11287,.T.);
#11869=ADVANCED_FACE('',(#10512,#10513),#27,.T.);
#11870=ADVANCED_FACE('',(#10514),#11288,.T.);
#11871=ADVANCED_FACE('',(#10515,#10516),#28,.T.);
#11872=ADVANCED_FACE('',(#10517),#11289,.T.);
#11873=ADVANCED_FACE('',(#10518,#10519),#29,.T.);
#11874=ADVANCED_FACE('',(#10520),#11290,.T.);
#11875=ADVANCED_FACE('',(#10521,#10522),#30,.T.);
#11876=ADVANCED_FACE('',(#10523),#11291,.T.);
#11877=ADVANCED_FACE('',(#10524,#10525),#31,.T.);
#11878=ADVANCED_FACE('',(#10526),#11292,.T.);
#11879=ADVANCED_FACE('',(#10527,#10528),#32,.T.);
#11880=ADVANCED_FACE('',(#10529),#11293,.T.);
#11881=ADVANCED_FACE('',(#10530,#10531),#33,.T.);
#11882=ADVANCED_FACE('',(#10532),#11294,.T.);
#11883=ADVANCED_FACE('',(#10533),#11295,.F.);
#11884=ADVANCED_FACE('',(#10534),#11296,.F.);
#11885=ADVANCED_FACE('',(#10535),#11297,.F.);
#11886=ADVANCED_FACE('',(#10536),#11298,.F.);
#11887=ADVANCED_FACE('',(#10537),#11299,.T.);
#11888=ADVANCED_FACE('',(#10538),#11300,.F.);
#11889=ADVANCED_FACE('',(#10539),#11301,.F.);
#11890=ADVANCED_FACE('',(#10540),#11302,.F.);
#11891=ADVANCED_FACE('',(#10541),#11303,.F.);
#11892=ADVANCED_FACE('',(#10542),#11304,.F.);
#11893=ADVANCED_FACE('',(#10543),#11305,.F.);
#11894=ADVANCED_FACE('',(#10544),#11306,.F.);
#11895=ADVANCED_FACE('',(#10545),#11307,.F.);
#11896=ADVANCED_FACE('',(#10546),#11308,.F.);
#11897=ADVANCED_FACE('',(#10547),#11309,.F.);
#11898=ADVANCED_FACE('',(#10548),#11310,.F.);
#11899=ADVANCED_FACE('',(#10549),#11311,.F.);
#11900=ADVANCED_FACE('',(#10550),#11312,.F.);
#11901=ADVANCED_FACE('',(#10551),#11313,.F.);
#11902=ADVANCED_FACE('',(#10552),#11314,.F.);
#11903=ADVANCED_FACE('',(#10553),#11315,.F.);
#11904=ADVANCED_FACE('',(#10554),#11316,.F.);
#11905=ADVANCED_FACE('',(#10555),#11317,.F.);
#11906=ADVANCED_FACE('',(#10556),#11318,.F.);
#11907=ADVANCED_FACE('',(#10557),#11319,.F.);
#11908=ADVANCED_FACE('',(#10558),#11320,.F.);
#11909=ADVANCED_FACE('',(#10559),#11321,.F.);
#11910=ADVANCED_FACE('',(#10560),#11322,.F.);
#11911=ADVANCED_FACE('',(#10561),#11323,.F.);
#11912=ADVANCED_FACE('',(#10562),#11324,.F.);
#11913=ADVANCED_FACE('',(#10563),#11325,.F.);
#11914=ADVANCED_FACE('',(#10564),#11326,.F.);
#11915=ADVANCED_FACE('',(#10565),#11327,.F.);
#11916=ADVANCED_FACE('',(#10566),#11328,.F.);
#11917=ADVANCED_FACE('',(#10567),#11329,.F.);
#11918=ADVANCED_FACE('',(#10568),#11330,.F.);
#11919=ADVANCED_FACE('',(#10569),#11331,.F.);
#11920=ADVANCED_FACE('',(#10570),#11332,.F.);
#11921=ADVANCED_FACE('',(#10571),#11333,.F.);
#11922=ADVANCED_FACE('',(#10572),#11334,.F.);
#11923=ADVANCED_FACE('',(#10573),#11335,.F.);
#11924=ADVANCED_FACE('',(#10574),#11336,.F.);
#11925=ADVANCED_FACE('',(#10575),#11337,.F.);
#11926=ADVANCED_FACE('',(#10576),#11338,.F.);
#11927=ADVANCED_FACE('',(#10577),#11339,.F.);
#11928=ADVANCED_FACE('',(#10578),#11340,.F.);
#11929=ADVANCED_FACE('',(#10579),#11341,.F.);
#11930=ADVANCED_FACE('',(#10580),#11342,.F.);
#11931=ADVANCED_FACE('',(#10581),#11343,.F.);
#11932=ADVANCED_FACE('',(#10582),#11344,.F.);
#11933=ADVANCED_FACE('',(#10583),#11345,.F.);
#11934=ADVANCED_FACE('',(#10584),#11346,.F.);
#11935=ADVANCED_FACE('',(#10585),#11347,.F.);
#11936=ADVANCED_FACE('',(#10586),#11348,.F.);
#11937=ADVANCED_FACE('',(#10587),#11349,.F.);
#11938=ADVANCED_FACE('',(#10588),#11350,.F.);
#11939=ADVANCED_FACE('',(#10589),#11351,.F.);
#11940=ADVANCED_FACE('',(#10590),#11352,.F.);
#11941=ADVANCED_FACE('',(#10591),#11353,.F.);
#11942=ADVANCED_FACE('',(#10592),#11354,.F.);
#11943=ADVANCED_FACE('',(#10593),#11355,.F.);
#11944=ADVANCED_FACE('',(#10594),#11356,.F.);
#11945=ADVANCED_FACE('',(#10595),#11357,.F.);
#11946=ADVANCED_FACE('',(#10596),#11358,.F.);
#11947=ADVANCED_FACE('',(#10597),#11359,.F.);
#11948=ADVANCED_FACE('',(#10598),#11360,.F.);
#11949=ADVANCED_FACE('',(#10599),#11361,.F.);
#11950=ADVANCED_FACE('',(#10600),#11362,.F.);
#11951=ADVANCED_FACE('',(#10601),#11363,.F.);
#11952=ADVANCED_FACE('',(#10602),#11364,.F.);
#11953=ADVANCED_FACE('',(#10603),#11365,.F.);
#11954=ADVANCED_FACE('',(#10604),#11366,.F.);
#11955=ADVANCED_FACE('',(#10605),#11367,.F.);
#11956=ADVANCED_FACE('',(#10606),#11368,.F.);
#11957=ADVANCED_FACE('',(#10607),#11369,.F.);
#11958=ADVANCED_FACE('',(#10608),#11370,.F.);
#11959=ADVANCED_FACE('',(#10609),#11371,.F.);
#11960=ADVANCED_FACE('',(#10610),#11372,.F.);
#11961=ADVANCED_FACE('',(#10611),#11373,.F.);
#11962=ADVANCED_FACE('',(#10612),#11374,.F.);
#11963=ADVANCED_FACE('',(#10613),#11375,.F.);
#11964=ADVANCED_FACE('',(#10614),#11376,.F.);
#11965=ADVANCED_FACE('',(#10615),#11377,.F.);
#11966=ADVANCED_FACE('',(#10616),#11378,.F.);
#11967=ADVANCED_FACE('',(#10617),#11379,.F.);
#11968=ADVANCED_FACE('',(#10618),#11380,.F.);
#11969=ADVANCED_FACE('',(#10619),#11381,.F.);
#11970=ADVANCED_FACE('',(#10620),#11382,.F.);
#11971=ADVANCED_FACE('',(#10621),#11383,.F.);
#11972=ADVANCED_FACE('',(#10622),#11384,.F.);
#11973=ADVANCED_FACE('',(#10623),#11385,.F.);
#11974=ADVANCED_FACE('',(#10624),#11386,.F.);
#11975=ADVANCED_FACE('',(#10625),#11387,.F.);
#11976=ADVANCED_FACE('',(#10626),#11388,.F.);
#11977=ADVANCED_FACE('',(#10627),#11389,.F.);
#11978=ADVANCED_FACE('',(#10628),#11390,.F.);
#11979=ADVANCED_FACE('',(#10629),#11391,.F.);
#11980=ADVANCED_FACE('',(#10630),#11392,.F.);
#11981=ADVANCED_FACE('',(#10631),#11393,.F.);
#11982=ADVANCED_FACE('',(#10632),#11394,.F.);
#11983=ADVANCED_FACE('',(#10633),#11395,.F.);
#11984=ADVANCED_FACE('',(#10634),#11396,.F.);
#11985=ADVANCED_FACE('',(#10635),#11397,.F.);
#11986=ADVANCED_FACE('',(#10636),#11398,.F.);
#11987=ADVANCED_FACE('',(#10637),#11399,.F.);
#11988=ADVANCED_FACE('',(#10638),#11400,.F.);
#11989=ADVANCED_FACE('',(#10639),#11401,.F.);
#11990=ADVANCED_FACE('',(#10640),#11402,.F.);
#11991=ADVANCED_FACE('',(#10641),#11403,.F.);
#11992=ADVANCED_FACE('',(#10642),#11404,.F.);
#11993=ADVANCED_FACE('',(#10643),#11405,.F.);
#11994=ADVANCED_FACE('',(#10644),#11406,.F.);
#11995=ADVANCED_FACE('',(#10645),#11407,.F.);
#11996=ADVANCED_FACE('',(#10646),#11408,.F.);
#11997=ADVANCED_FACE('',(#10647),#11409,.F.);
#11998=ADVANCED_FACE('',(#10648),#11410,.F.);
#11999=ADVANCED_FACE('',(#10649),#11411,.F.);
#12000=ADVANCED_FACE('',(#10650),#11412,.F.);
#12001=ADVANCED_FACE('',(#10651),#11413,.F.);
#12002=ADVANCED_FACE('',(#10652),#11414,.F.);
#12003=ADVANCED_FACE('',(#10653),#11415,.F.);
#12004=ADVANCED_FACE('',(#10654),#11416,.F.);
#12005=ADVANCED_FACE('',(#10655),#11417,.F.);
#12006=ADVANCED_FACE('',(#10656),#11418,.F.);
#12007=ADVANCED_FACE('',(#10657),#11419,.F.);
#12008=ADVANCED_FACE('',(#10658),#11420,.F.);
#12009=ADVANCED_FACE('',(#10659),#11421,.F.);
#12010=ADVANCED_FACE('',(#10660),#11422,.F.);
#12011=ADVANCED_FACE('',(#10661),#11423,.F.);
#12012=ADVANCED_FACE('',(#10662),#11424,.F.);
#12013=ADVANCED_FACE('',(#10663),#11425,.F.);
#12014=ADVANCED_FACE('',(#10664),#11426,.F.);
#12015=ADVANCED_FACE('',(#10665),#11427,.F.);
#12016=ADVANCED_FACE('',(#10666),#11428,.F.);
#12017=ADVANCED_FACE('',(#10667),#11429,.F.);
#12018=ADVANCED_FACE('',(#10668),#11430,.F.);
#12019=ADVANCED_FACE('',(#10669),#11431,.F.);
#12020=ADVANCED_FACE('',(#10670),#11432,.F.);
#12021=ADVANCED_FACE('',(#10671),#11433,.F.);
#12022=ADVANCED_FACE('',(#10672),#11434,.F.);
#12023=ADVANCED_FACE('',(#10673),#11435,.F.);
#12024=ADVANCED_FACE('',(#10674),#11436,.F.);
#12025=ADVANCED_FACE('',(#10675),#11437,.F.);
#12026=ADVANCED_FACE('',(#10676),#11438,.F.);
#12027=ADVANCED_FACE('',(#10677),#11439,.F.);
#12028=ADVANCED_FACE('',(#10678),#11440,.F.);
#12029=ADVANCED_FACE('',(#10679),#11441,.F.);
#12030=ADVANCED_FACE('',(#10680),#11442,.F.);
#12031=ADVANCED_FACE('',(#10681),#11443,.F.);
#12032=ADVANCED_FACE('',(#10682),#11444,.F.);
#12033=ADVANCED_FACE('',(#10683),#11445,.F.);
#12034=ADVANCED_FACE('',(#10684),#11446,.F.);
#12035=ADVANCED_FACE('',(#10685),#11447,.F.);
#12036=ADVANCED_FACE('',(#10686),#11448,.F.);
#12037=ADVANCED_FACE('',(#10687),#11449,.F.);
#12038=ADVANCED_FACE('',(#10688),#11450,.F.);
#12039=ADVANCED_FACE('',(#10689),#11451,.F.);
#12040=ADVANCED_FACE('',(#10690),#11452,.F.);
#12041=ADVANCED_FACE('',(#10691),#11453,.F.);
#12042=ADVANCED_FACE('',(#10692),#11454,.F.);
#12043=ADVANCED_FACE('',(#10693),#11455,.F.);
#12044=ADVANCED_FACE('',(#10694),#11456,.F.);
#12045=ADVANCED_FACE('',(#10695),#11457,.F.);
#12046=ADVANCED_FACE('',(#10696),#11458,.F.);
#12047=ADVANCED_FACE('',(#10697),#11459,.F.);
#12048=ADVANCED_FACE('',(#10698),#11460,.F.);
#12049=ADVANCED_FACE('',(#10699),#11461,.F.);
#12050=ADVANCED_FACE('',(#10700),#11462,.F.);
#12051=ADVANCED_FACE('',(#10701),#11463,.F.);
#12052=ADVANCED_FACE('',(#10702),#11464,.F.);
#12053=ADVANCED_FACE('',(#10703),#11465,.F.);
#12054=ADVANCED_FACE('',(#10704),#11466,.F.);
#12055=ADVANCED_FACE('',(#10705),#11467,.F.);
#12056=ADVANCED_FACE('',(#10706),#11468,.F.);
#12057=ADVANCED_FACE('',(#10707),#11469,.F.);
#12058=ADVANCED_FACE('',(#10708),#11470,.F.);
#12059=ADVANCED_FACE('',(#10709),#11471,.F.);
#12060=ADVANCED_FACE('',(#10710),#11472,.F.);
#12061=ADVANCED_FACE('',(#10711),#11473,.F.);
#12062=ADVANCED_FACE('',(#10712),#11474,.F.);
#12063=ADVANCED_FACE('',(#10713),#11475,.F.);
#12064=ADVANCED_FACE('',(#10714),#11476,.F.);
#12065=ADVANCED_FACE('',(#10715),#11477,.F.);
#12066=ADVANCED_FACE('',(#10716),#11478,.F.);
#12067=ADVANCED_FACE('',(#10717),#11479,.F.);
#12068=ADVANCED_FACE('',(#10718),#11480,.F.);
#12069=ADVANCED_FACE('',(#10719),#11481,.F.);
#12070=ADVANCED_FACE('',(#10720),#11482,.F.);
#12071=ADVANCED_FACE('',(#10721),#11483,.F.);
#12072=ADVANCED_FACE('',(#10722),#11484,.F.);
#12073=ADVANCED_FACE('',(#10723),#11485,.F.);
#12074=ADVANCED_FACE('',(#10724),#11486,.F.);
#12075=ADVANCED_FACE('',(#10725),#11487,.F.);
#12076=ADVANCED_FACE('',(#10726),#11488,.F.);
#12077=ADVANCED_FACE('',(#10727),#11489,.F.);
#12078=ADVANCED_FACE('',(#10728),#11490,.F.);
#12079=ADVANCED_FACE('',(#10729),#11491,.F.);
#12080=ADVANCED_FACE('',(#10730),#11492,.F.);
#12081=ADVANCED_FACE('',(#10731),#11493,.F.);
#12082=ADVANCED_FACE('',(#10732),#11494,.F.);
#12083=ADVANCED_FACE('',(#10733),#11495,.F.);
#12084=ADVANCED_FACE('',(#10734),#11496,.F.);
#12085=ADVANCED_FACE('',(#10735),#11497,.F.);
#12086=ADVANCED_FACE('',(#10736),#11498,.F.);
#12087=ADVANCED_FACE('',(#10737),#11499,.F.);
#12088=ADVANCED_FACE('',(#10738),#11500,.F.);
#12089=ADVANCED_FACE('',(#10739),#11501,.F.);
#12090=ADVANCED_FACE('',(#10740),#11502,.F.);
#12091=ADVANCED_FACE('',(#10741),#11503,.F.);
#12092=ADVANCED_FACE('',(#10742),#11504,.F.);
#12093=ADVANCED_FACE('',(#10743),#11505,.F.);
#12094=ADVANCED_FACE('',(#10744),#11506,.F.);
#12095=ADVANCED_FACE('',(#10745),#11507,.F.);
#12096=ADVANCED_FACE('',(#10746),#11508,.F.);
#12097=ADVANCED_FACE('',(#10747),#11509,.F.);
#12098=ADVANCED_FACE('',(#10748),#11510,.F.);
#12099=ADVANCED_FACE('',(#10749),#11511,.F.);
#12100=ADVANCED_FACE('',(#10750),#11512,.F.);
#12101=ADVANCED_FACE('',(#10751),#11513,.F.);
#12102=ADVANCED_FACE('',(#10752),#11514,.F.);
#12103=ADVANCED_FACE('',(#10753),#11515,.F.);
#12104=ADVANCED_FACE('',(#10754),#11516,.F.);
#12105=ADVANCED_FACE('',(#10755),#11517,.F.);
#12106=ADVANCED_FACE('',(#10756),#11518,.F.);
#12107=ADVANCED_FACE('',(#10757),#11519,.F.);
#12108=ADVANCED_FACE('',(#10758),#11520,.F.);
#12109=ADVANCED_FACE('',(#10759),#11521,.F.);
#12110=ADVANCED_FACE('',(#10760),#11522,.F.);
#12111=ADVANCED_FACE('',(#10761),#11523,.F.);
#12112=ADVANCED_FACE('',(#10762),#11524,.F.);
#12113=ADVANCED_FACE('',(#10763),#11525,.F.);
#12114=ADVANCED_FACE('',(#10764),#11526,.F.);
#12115=ADVANCED_FACE('',(#10765),#11527,.F.);
#12116=ADVANCED_FACE('',(#10766),#11528,.F.);
#12117=ADVANCED_FACE('',(#10767),#11529,.F.);
#12118=ADVANCED_FACE('',(#10768),#11530,.F.);
#12119=ADVANCED_FACE('',(#10769),#11531,.F.);
#12120=ADVANCED_FACE('',(#10770),#11532,.F.);
#12121=ADVANCED_FACE('',(#10771),#11533,.F.);
#12122=ADVANCED_FACE('',(#10772),#11534,.F.);
#12123=ADVANCED_FACE('',(#10773),#11535,.F.);
#12124=ADVANCED_FACE('',(#10774),#11536,.F.);
#12125=ADVANCED_FACE('',(#10775),#11537,.F.);
#12126=ADVANCED_FACE('',(#10776),#11538,.F.);
#12127=ADVANCED_FACE('',(#10777),#11539,.F.);
#12128=ADVANCED_FACE('',(#10778),#11540,.F.);
#12129=ADVANCED_FACE('',(#10779),#11541,.F.);
#12130=ADVANCED_FACE('',(#10780),#11542,.F.);
#12131=ADVANCED_FACE('',(#10781),#11543,.F.);
#12132=ADVANCED_FACE('',(#10782),#11544,.F.);
#12133=ADVANCED_FACE('',(#10783),#11545,.F.);
#12134=ADVANCED_FACE('',(#10784),#11546,.F.);
#12135=ADVANCED_FACE('',(#10785),#11547,.F.);
#12136=ADVANCED_FACE('',(#10786),#11548,.F.);
#12137=ADVANCED_FACE('',(#10787),#11549,.F.);
#12138=ADVANCED_FACE('',(#10788),#11550,.F.);
#12139=ADVANCED_FACE('',(#10789),#11551,.F.);
#12140=ADVANCED_FACE('',(#10790),#11552,.F.);
#12141=ADVANCED_FACE('',(#10791),#11553,.F.);
#12142=ADVANCED_FACE('',(#10792),#11554,.F.);
#12143=ADVANCED_FACE('',(#10793),#11555,.F.);
#12144=ADVANCED_FACE('',(#10794),#11556,.F.);
#12145=ADVANCED_FACE('',(#10795),#11557,.F.);
#12146=ADVANCED_FACE('',(#10796),#11558,.F.);
#12147=ADVANCED_FACE('',(#10797),#11559,.F.);
#12148=ADVANCED_FACE('',(#10798),#11560,.F.);
#12149=ADVANCED_FACE('',(#10799),#11561,.F.);
#12150=ADVANCED_FACE('',(#10800),#11562,.F.);
#12151=ADVANCED_FACE('',(#10801),#11563,.F.);
#12152=ADVANCED_FACE('',(#10802),#11564,.F.);
#12153=ADVANCED_FACE('',(#10803),#11565,.F.);
#12154=ADVANCED_FACE('',(#10804),#11566,.F.);
#12155=ADVANCED_FACE('',(#10805),#11567,.F.);
#12156=ADVANCED_FACE('',(#10806),#11568,.F.);
#12157=ADVANCED_FACE('',(#10807),#11569,.F.);
#12158=ADVANCED_FACE('',(#10808),#11570,.F.);
#12159=ADVANCED_FACE('',(#10809),#11571,.F.);
#12160=ADVANCED_FACE('',(#10810),#11572,.F.);
#12161=ADVANCED_FACE('',(#10811),#11573,.F.);
#12162=ADVANCED_FACE('',(#10812),#11574,.F.);
#12163=ADVANCED_FACE('',(#10813),#11575,.F.);
#12164=ADVANCED_FACE('',(#10814),#11576,.F.);
#12165=ADVANCED_FACE('',(#10815),#11577,.F.);
#12166=ADVANCED_FACE('',(#10816),#11578,.F.);
#12167=ADVANCED_FACE('',(#10817),#11579,.F.);
#12168=ADVANCED_FACE('',(#10818),#11580,.F.);
#12169=ADVANCED_FACE('',(#10819),#11581,.F.);
#12170=ADVANCED_FACE('',(#10820),#11582,.F.);
#12171=ADVANCED_FACE('',(#10821),#11583,.F.);
#12172=ADVANCED_FACE('',(#10822),#11584,.F.);
#12173=ADVANCED_FACE('',(#10823),#11585,.F.);
#12174=ADVANCED_FACE('',(#10824),#11586,.F.);
#12175=ADVANCED_FACE('',(#10825),#11587,.F.);
#12176=ADVANCED_FACE('',(#10826),#11588,.F.);
#12177=ADVANCED_FACE('',(#10827),#11589,.F.);
#12178=ADVANCED_FACE('',(#10828),#11590,.F.);
#12179=ADVANCED_FACE('',(#10829),#11591,.F.);
#12180=ADVANCED_FACE('',(#10830),#11592,.F.);
#12181=ADVANCED_FACE('',(#10831),#11593,.F.);
#12182=ADVANCED_FACE('',(#10832),#11594,.F.);
#12183=ADVANCED_FACE('',(#10833),#11595,.F.);
#12184=ADVANCED_FACE('',(#10834),#11596,.F.);
#12185=ADVANCED_FACE('',(#10835),#11597,.F.);
#12186=ADVANCED_FACE('',(#10836),#11598,.F.);
#12187=ADVANCED_FACE('',(#10837),#11599,.F.);
#12188=ADVANCED_FACE('',(#10838),#11600,.F.);
#12189=ADVANCED_FACE('',(#10839),#11601,.F.);
#12190=ADVANCED_FACE('',(#10840),#11602,.F.);
#12191=ADVANCED_FACE('',(#10841),#11603,.F.);
#12192=ADVANCED_FACE('',(#10842),#11604,.F.);
#12193=ADVANCED_FACE('',(#10843),#11605,.F.);
#12194=ADVANCED_FACE('',(#10844),#11606,.F.);
#12195=ADVANCED_FACE('',(#10845),#11607,.F.);
#12196=ADVANCED_FACE('',(#10846),#11608,.F.);
#12197=ADVANCED_FACE('',(#10847),#11609,.F.);
#12198=ADVANCED_FACE('',(#10848),#11610,.F.);
#12199=ADVANCED_FACE('',(#10849),#11611,.F.);
#12200=ADVANCED_FACE('',(#10850),#11612,.F.);
#12201=ADVANCED_FACE('',(#10851),#11613,.F.);
#12202=ADVANCED_FACE('',(#10852),#11614,.F.);
#12203=ADVANCED_FACE('',(#10853),#11615,.F.);
#12204=ADVANCED_FACE('',(#10854),#11616,.F.);
#12205=ADVANCED_FACE('',(#10855),#11617,.F.);
#12206=ADVANCED_FACE('',(#10856),#11618,.F.);
#12207=ADVANCED_FACE('',(#10857),#11619,.F.);
#12208=ADVANCED_FACE('',(#10858),#11620,.F.);
#12209=ADVANCED_FACE('',(#10859),#11621,.F.);
#12210=ADVANCED_FACE('',(#10860),#11622,.F.);
#12211=ADVANCED_FACE('',(#10861),#11623,.F.);
#12212=ADVANCED_FACE('',(#10862),#11624,.F.);
#12213=ADVANCED_FACE('',(#10863),#11625,.F.);
#12214=ADVANCED_FACE('',(#10864),#11626,.F.);
#12215=ADVANCED_FACE('',(#10865),#11627,.F.);
#12216=ADVANCED_FACE('',(#10866),#11628,.F.);
#12217=ADVANCED_FACE('',(#10867),#11629,.F.);
#12218=ADVANCED_FACE('',(#10868),#11630,.F.);
#12219=ADVANCED_FACE('',(#10869),#11631,.F.);
#12220=ADVANCED_FACE('',(#10870),#11632,.F.);
#12221=ADVANCED_FACE('',(#10871),#11633,.F.);
#12222=ADVANCED_FACE('',(#10872),#11634,.F.);
#12223=ADVANCED_FACE('',(#10873),#11635,.F.);
#12224=ADVANCED_FACE('',(#10874),#11636,.F.);
#12225=ADVANCED_FACE('',(#10875),#11637,.F.);
#12226=ADVANCED_FACE('',(#10876),#11638,.F.);
#12227=ADVANCED_FACE('',(#10877),#11639,.F.);
#12228=ADVANCED_FACE('',(#10878),#11640,.F.);
#12229=ADVANCED_FACE('',(#10879),#11641,.F.);
#12230=ADVANCED_FACE('',(#10880),#11642,.F.);
#12231=ADVANCED_FACE('',(#10881),#11643,.F.);
#12232=ADVANCED_FACE('',(#10882),#11644,.F.);
#12233=ADVANCED_FACE('',(#10883),#11645,.F.);
#12234=ADVANCED_FACE('',(#10884),#11646,.F.);
#12235=ADVANCED_FACE('',(#10885),#11647,.F.);
#12236=ADVANCED_FACE('',(#10886),#11648,.F.);
#12237=ADVANCED_FACE('',(#10887),#11649,.F.);
#12238=ADVANCED_FACE('',(#10888),#11650,.F.);
#12239=ADVANCED_FACE('',(#10889),#11651,.F.);
#12240=ADVANCED_FACE('',(#10890),#11652,.F.);
#12241=ADVANCED_FACE('',(#10891),#11653,.F.);
#12242=ADVANCED_FACE('',(#10892),#11654,.F.);
#12243=ADVANCED_FACE('',(#10893),#11655,.F.);
#12244=ADVANCED_FACE('',(#10894),#11656,.F.);
#12245=ADVANCED_FACE('',(#10895),#11657,.F.);
#12246=ADVANCED_FACE('',(#10896),#11658,.F.);
#12247=ADVANCED_FACE('',(#10897),#11659,.F.);
#12248=ADVANCED_FACE('',(#10898),#11660,.F.);
#12249=ADVANCED_FACE('',(#10899),#11661,.F.);
#12250=ADVANCED_FACE('',(#10900),#11662,.F.);
#12251=ADVANCED_FACE('',(#10901),#11663,.F.);
#12252=ADVANCED_FACE('',(#10902),#11664,.F.);
#12253=ADVANCED_FACE('',(#10903),#11665,.F.);
#12254=ADVANCED_FACE('',(#10904),#11666,.F.);
#12255=ADVANCED_FACE('',(#10905),#11667,.F.);
#12256=ADVANCED_FACE('',(#10906),#11668,.F.);
#12257=ADVANCED_FACE('',(#10907),#11669,.F.);
#12258=ADVANCED_FACE('',(#10908),#11670,.F.);
#12259=ADVANCED_FACE('',(#10909),#11671,.F.);
#12260=ADVANCED_FACE('',(#10910),#11672,.F.);
#12261=ADVANCED_FACE('',(#10911),#11673,.F.);
#12262=ADVANCED_FACE('',(#10912),#11674,.F.);
#12263=ADVANCED_FACE('',(#10913),#11675,.F.);
#12264=ADVANCED_FACE('',(#10914),#11676,.F.);
#12265=ADVANCED_FACE('',(#10915),#11677,.F.);
#12266=ADVANCED_FACE('',(#10916),#11678,.F.);
#12267=ADVANCED_FACE('',(#10917),#11679,.F.);
#12268=ADVANCED_FACE('',(#10918),#11680,.F.);
#12269=ADVANCED_FACE('',(#10919),#11681,.F.);
#12270=ADVANCED_FACE('',(#10920),#11682,.F.);
#12271=ADVANCED_FACE('',(#10921),#11683,.F.);
#12272=ADVANCED_FACE('',(#10922),#11684,.F.);
#12273=ADVANCED_FACE('',(#10923),#11685,.F.);
#12274=ADVANCED_FACE('',(#10924),#11686,.F.);
#12275=ADVANCED_FACE('',(#10925),#11687,.F.);
#12276=ADVANCED_FACE('',(#10926),#11688,.F.);
#12277=ADVANCED_FACE('',(#10927),#11689,.F.);
#12278=ADVANCED_FACE('',(#10928),#11690,.F.);
#12279=ADVANCED_FACE('',(#10929),#11691,.F.);
#12280=ADVANCED_FACE('',(#10930),#11692,.F.);
#12281=ADVANCED_FACE('',(#10931),#11693,.F.);
#12282=ADVANCED_FACE('',(#10932),#11694,.F.);
#12283=ADVANCED_FACE('',(#10933),#11695,.F.);
#12284=ADVANCED_FACE('',(#10934),#11696,.F.);
#12285=ADVANCED_FACE('',(#10935),#11697,.F.);
#12286=ADVANCED_FACE('',(#10936),#11698,.F.);
#12287=ADVANCED_FACE('',(#10937),#11699,.F.);
#12288=ADVANCED_FACE('',(#10938),#11700,.F.);
#12289=ADVANCED_FACE('',(#10939),#11701,.F.);
#12290=ADVANCED_FACE('',(#10940),#11702,.F.);
#12291=ADVANCED_FACE('',(#10941),#11703,.F.);
#12292=ADVANCED_FACE('',(#10942),#11704,.F.);
#12293=ADVANCED_FACE('',(#10943),#11705,.F.);
#12294=ADVANCED_FACE('',(#10944),#11706,.F.);
#12295=ADVANCED_FACE('',(#10945),#11707,.F.);
#12296=ADVANCED_FACE('',(#10946),#11708,.F.);
#12297=ADVANCED_FACE('',(#10947),#11709,.F.);
#12298=ADVANCED_FACE('',(#10948),#11710,.F.);
#12299=ADVANCED_FACE('',(#10949),#11711,.F.);
#12300=ADVANCED_FACE('',(#10950),#11712,.F.);
#12301=ADVANCED_FACE('',(#10951),#11713,.F.);
#12302=ADVANCED_FACE('',(#10952),#11714,.F.);
#12303=ADVANCED_FACE('',(#10953),#11715,.F.);
#12304=ADVANCED_FACE('',(#10954),#11716,.F.);
#12305=ADVANCED_FACE('',(#10955),#11717,.F.);
#12306=ADVANCED_FACE('',(#10956),#11718,.F.);
#12307=ADVANCED_FACE('',(#10957),#11719,.F.);
#12308=ADVANCED_FACE('',(#10958),#11720,.F.);
#12309=ADVANCED_FACE('',(#10959),#11721,.F.);
#12310=ADVANCED_FACE('',(#10960),#11722,.F.);
#12311=ADVANCED_FACE('',(#10961),#11723,.F.);
#12312=ADVANCED_FACE('',(#10962),#11724,.F.);
#12313=ADVANCED_FACE('',(#10963),#11725,.F.);
#12314=ADVANCED_FACE('',(#10964),#11726,.F.);
#12315=ADVANCED_FACE('',(#10965),#11727,.F.);
#12316=ADVANCED_FACE('',(#10966),#11728,.F.);
#12317=ADVANCED_FACE('',(#10967),#11729,.F.);
#12318=ADVANCED_FACE('',(#10968),#11730,.F.);
#12319=ADVANCED_FACE('',(#10969),#11731,.F.);
#12320=ADVANCED_FACE('',(#10970),#11732,.F.);
#12321=ADVANCED_FACE('',(#10971),#11733,.F.);
#12322=ADVANCED_FACE('',(#10972),#11734,.F.);
#12323=ADVANCED_FACE('',(#10973),#11735,.F.);
#12324=ADVANCED_FACE('',(#10974),#11736,.F.);
#12325=ADVANCED_FACE('',(#10975),#11737,.F.);
#12326=ADVANCED_FACE('',(#10976),#11738,.F.);
#12327=ADVANCED_FACE('',(#10977),#11739,.F.);
#12328=ADVANCED_FACE('',(#10978),#11740,.F.);
#12329=ADVANCED_FACE('',(#10979),#11741,.F.);
#12330=ADVANCED_FACE('',(#10980),#11742,.F.);
#12331=ADVANCED_FACE('',(#10981),#11743,.F.);
#12332=ADVANCED_FACE('',(#10982),#11744,.F.);
#12333=ADVANCED_FACE('',(#10983),#11745,.F.);
#12334=ADVANCED_FACE('',(#10984),#11746,.F.);
#12335=ADVANCED_FACE('',(#10985),#11747,.F.);
#12336=ADVANCED_FACE('',(#10986),#11748,.F.);
#12337=ADVANCED_FACE('',(#10987),#11749,.F.);
#12338=ADVANCED_FACE('',(#10988),#11750,.F.);
#12339=ADVANCED_FACE('',(#10989),#11751,.F.);
#12340=ADVANCED_FACE('',(#10990),#11752,.F.);
#12341=ADVANCED_FACE('',(#10991),#11753,.F.);
#12342=ADVANCED_FACE('',(#10992),#11754,.F.);
#12343=ADVANCED_FACE('',(#10993),#11755,.F.);
#12344=ADVANCED_FACE('',(#10994),#11756,.F.);
#12345=ADVANCED_FACE('',(#10995),#11757,.F.);
#12346=ADVANCED_FACE('',(#10996),#11758,.F.);
#12347=ADVANCED_FACE('',(#10997),#11759,.F.);
#12348=ADVANCED_FACE('',(#10998),#11760,.F.);
#12349=ADVANCED_FACE('',(#10999),#11761,.F.);
#12350=ADVANCED_FACE('',(#11000),#11762,.F.);
#12351=ADVANCED_FACE('',(#11001),#11763,.F.);
#12352=ADVANCED_FACE('',(#11002),#11764,.F.);
#12353=ADVANCED_FACE('',(#11003),#11765,.F.);
#12354=ADVANCED_FACE('',(#11004),#11766,.F.);
#12355=ADVANCED_FACE('',(#11005),#11767,.F.);
#12356=ADVANCED_FACE('',(#11006),#11768,.F.);
#12357=ADVANCED_FACE('',(#11007),#11769,.F.);
#12358=ADVANCED_FACE('',(#11008),#11770,.F.);
#12359=ADVANCED_FACE('',(#11009),#11771,.F.);
#12360=ADVANCED_FACE('',(#11010),#11772,.F.);
#12361=ADVANCED_FACE('',(#11011),#11773,.F.);
#12362=ADVANCED_FACE('',(#11012),#11774,.F.);
#12363=ADVANCED_FACE('',(#11013),#11775,.F.);
#12364=ADVANCED_FACE('',(#11014),#11776,.F.);
#12365=ADVANCED_FACE('',(#11015),#11777,.F.);
#12366=ADVANCED_FACE('',(#11016),#11778,.F.);
#12367=ADVANCED_FACE('',(#11017),#11779,.F.);
#12368=ADVANCED_FACE('',(#11018),#11780,.F.);
#12369=ADVANCED_FACE('',(#11019),#11781,.F.);
#12370=ADVANCED_FACE('',(#11020),#11782,.F.);
#12371=ADVANCED_FACE('',(#11021),#11783,.F.);
#12372=ADVANCED_FACE('',(#11022),#11784,.F.);
#12373=ADVANCED_FACE('',(#11023),#11785,.F.);
#12374=ADVANCED_FACE('',(#11024),#11786,.F.);
#12375=ADVANCED_FACE('',(#11025),#11787,.F.);
#12376=ADVANCED_FACE('',(#11026),#11788,.F.);
#12377=ADVANCED_FACE('',(#11027),#11789,.F.);
#12378=ADVANCED_FACE('',(#11028),#11790,.F.);
#12379=ADVANCED_FACE('',(#11029),#11791,.F.);
#12380=ADVANCED_FACE('',(#11030),#11792,.F.);
#12381=ADVANCED_FACE('',(#11031),#11793,.F.);
#12382=ADVANCED_FACE('',(#11032),#11794,.F.);
#12383=ADVANCED_FACE('',(#11033),#11795,.F.);
#12384=ADVANCED_FACE('',(#11034),#11796,.F.);
#12385=ADVANCED_FACE('',(#11035),#11797,.F.);
#12386=ADVANCED_FACE('',(#11036),#11798,.F.);
#12387=ADVANCED_FACE('',(#11037),#11799,.F.);
#12388=ADVANCED_FACE('',(#11038),#11800,.F.);
#12389=ADVANCED_FACE('',(#11039),#11801,.F.);
#12390=ADVANCED_FACE('',(#11040),#11802,.F.);
#12391=ADVANCED_FACE('',(#11041),#11803,.F.);
#12392=ADVANCED_FACE('',(#11042),#11804,.F.);
#12393=ADVANCED_FACE('',(#11043),#11805,.F.);
#12394=ADVANCED_FACE('',(#11044),#11806,.F.);
#12395=ADVANCED_FACE('',(#11045),#11807,.F.);
#12396=ADVANCED_FACE('',(#11046),#11808,.F.);
#12397=ADVANCED_FACE('',(#11047),#11809,.F.);
#12398=ADVANCED_FACE('',(#11048,#11049,#11050,#11051,#11052,#11053,#11054,
#11055,#11056,#11057,#11058,#11059,#11060,#11061,#11062,#11063,#11064,#11065,
#11066,#11067,#11068,#11069,#11070,#11071,#11072,#11073,#11074,#11075,#11076,
#11077,#11078,#11079,#11080,#11081,#11082,#11083,#11084,#11085,#11086,#11087,
#11088,#11089,#11090,#11091,#11092,#11093,#11094,#11095,#11096,#11097,#11098,
#11099,#11100,#11101,#11102,#11103,#11104,#11105,#11106,#11107,#11108,#11109,
#11110,#11111,#11112,#11113,#11114,#11115,#11116,#11117,#11118,#11119,#11120,
#11121,#11122,#11123,#11124,#11125,#11126,#11127,#11128,#11129,#11130,#11131,
#11132,#11133,#11134,#11135,#11136),#11810,.F.);
#12399=ADVANCED_FACE('',(#11137,#11138,#11139,#11140,#11141,#11142,#11143,
#11144,#11145,#11146,#11147,#11148,#11149,#11150,#11151,#11152,#11153,#11154,
#11155,#11156,#11157,#11158,#11159,#11160,#11161,#11162,#11163,#11164,#11165,
#11166,#11167,#11168,#11169,#11170,#11171,#11172,#11173,#11174,#11175,#11176,
#11177,#11178,#11179,#11180,#11181,#11182,#11183,#11184,#11185,#11186,#11187,
#11188,#11189,#11190,#11191,#11192,#11193,#11194,#11195,#11196,#11197,#11198,
#11199,#11200,#11201,#11202,#11203,#11204,#11205,#11206,#11207,#11208,#11209,
#11210,#11211,#11212,#11213,#11214,#11215,#11216,#11217,#11218,#11219,#11220,
#11221,#11222,#11223,#11224,#11225,#11226,#11227),#11811,.T.);
#12400=ADVANCED_FACE('',(#11228),#11812,.F.);
#12401=ADVANCED_FACE('',(#11229),#11813,.T.);
#12402=ADVANCED_FACE('',(#11230),#11814,.F.);
#12403=ADVANCED_FACE('',(#11231),#11815,.F.);
#12404=ADVANCED_FACE('',(#11232),#11816,.F.);
#12405=ADVANCED_FACE('',(#11233),#11817,.T.);
#12406=ADVANCED_FACE('',(#11234),#11818,.T.);
#12407=ADVANCED_FACE('',(#11235),#11819,.T.);
#12408=ADVANCED_FACE('',(#11236),#11820,.T.);
#12409=ADVANCED_FACE('',(#11237),#11821,.F.);
#12410=ADVANCED_FACE('',(#11238,#11239,#11240),#11822,.T.);
#12411=ADVANCED_FACE('',(#11241),#11823,.T.);
#12412=ADVANCED_FACE('',(#11242),#11824,.T.);
#12413=ADVANCED_FACE('',(#11243),#11825,.T.);
#12414=ADVANCED_FACE('',(#11244),#11826,.F.);
#12415=ADVANCED_FACE('',(#11245),#11827,.F.);
#12416=ADVANCED_FACE('',(#11246),#11828,.F.);
#12417=ADVANCED_FACE('',(#11247),#11829,.F.);
#12418=ADVANCED_FACE('',(#11248),#11830,.F.);
#12419=ADVANCED_FACE('',(#11249),#11831,.F.);
#12420=ADVANCED_FACE('',(#11250),#11832,.F.);
#12421=ADVANCED_FACE('',(#11251),#11833,.F.);
#12422=ADVANCED_FACE('',(#11252),#11834,.F.);
#12423=ADVANCED_FACE('',(#11253),#11835,.F.);
#12424=ADVANCED_FACE('',(#11254,#11255),#34,.F.);
#12425=ADVANCED_FACE('',(#11256,#11257),#35,.F.);
#12426=ADVANCED_FACE('',(#11258,#11259),#36,.F.);
#12427=ADVANCED_FACE('',(#11260,#11261),#37,.F.);
#12428=ADVANCED_FACE('',(#11262),#11836,.T.);
#12429=ADVANCED_FACE('',(#11263),#11837,.T.);
#12430=ADVANCED_FACE('',(#11264,#11265),#38,.F.);
#12431=ADVANCED_FACE('',(#11266,#11267),#39,.F.);
#12432=CLOSED_SHELL('',(#11838,#11839,#11840,#11841,#11842,#11843,#11844,
#11845,#11846,#11847,#11848,#11849,#11850,#11851,#11852,#11853,#11854,#11855,
#11856,#11857,#11858,#11859,#11860,#11861,#11862,#11863,#11864,#11865,#11866,
#11867,#11868,#11869,#11870,#11871,#11872,#11873,#11874,#11875,#11876,#11877,
#11878,#11879,#11880,#11881,#11882,#11883,#11884,#11885,#11886));
#12433=CLOSED_SHELL('',(#11887,#11888,#11889,#11890,#11891,#11892,#11893,
#11894,#11895,#11896,#11897,#11898,#11899,#11900,#11901,#11902,#11903,#11904,
#11905,#11906,#11907,#11908,#11909,#11910,#11911,#11912,#11913,#11914,#11915,
#11916,#11917,#11918,#11919,#11920,#11921,#11922,#11923,#11924,#11925,#11926,
#11927,#11928,#11929,#11930,#11931,#11932,#11933,#11934,#11935,#11936,#11937,
#11938,#11939,#11940,#11941,#11942,#11943,#11944,#11945,#11946,#11947,#11948,
#11949,#11950,#11951,#11952,#11953,#11954,#11955,#11956,#11957,#11958,#11959,
#11960,#11961,#11962,#11963,#11964,#11965,#11966,#11967,#11968,#11969,#11970,
#11971,#11972,#11973,#11974,#11975,#11976,#11977,#11978,#11979,#11980,#11981,
#11982,#11983,#11984,#11985,#11986,#11987,#11988,#11989,#11990,#11991,#11992,
#11993,#11994,#11995,#11996,#11997,#11998,#11999,#12000,#12001,#12002,#12003,
#12004,#12005,#12006,#12007,#12008,#12009,#12010,#12011,#12012,#12013,#12014,
#12015,#12016,#12017,#12018,#12019,#12020,#12021,#12022,#12023,#12024,#12025,
#12026,#12027,#12028,#12029,#12030,#12031,#12032,#12033,#12034,#12035,#12036,
#12037,#12038,#12039,#12040,#12041,#12042,#12043,#12044,#12045,#12046,#12047,
#12048,#12049,#12050,#12051,#12052,#12053,#12054,#12055,#12056,#12057,#12058,
#12059,#12060,#12061,#12062,#12063,#12064,#12065,#12066,#12067,#12068,#12069,
#12070,#12071,#12072,#12073,#12074,#12075,#12076,#12077,#12078,#12079,#12080,
#12081,#12082,#12083,#12084,#12085,#12086,#12087,#12088,#12089,#12090,#12091,
#12092,#12093,#12094,#12095,#12096,#12097,#12098,#12099,#12100,#12101,#12102,
#12103,#12104,#12105,#12106,#12107,#12108,#12109,#12110,#12111,#12112,#12113,
#12114,#12115,#12116,#12117,#12118,#12119,#12120,#12121,#12122,#12123,#12124,
#12125,#12126,#12127,#12128,#12129,#12130,#12131,#12132,#12133,#12134,#12135,
#12136,#12137,#12138,#12139,#12140,#12141,#12142,#12143,#12144,#12145,#12146,
#12147,#12148,#12149,#12150,#12151,#12152,#12153,#12154,#12155,#12156,#12157,
#12158,#12159,#12160,#12161,#12162,#12163,#12164,#12165,#12166,#12167,#12168,
#12169,#12170,#12171,#12172,#12173,#12174,#12175,#12176,#12177,#12178,#12179,
#12180,#12181,#12182,#12183,#12184,#12185,#12186,#12187,#12188,#12189,#12190,
#12191,#12192,#12193,#12194,#12195,#12196,#12197,#12198,#12199,#12200,#12201,
#12202,#12203,#12204,#12205,#12206,#12207,#12208,#12209,#12210,#12211,#12212,
#12213,#12214,#12215,#12216,#12217,#12218,#12219,#12220,#12221,#12222,#12223,
#12224,#12225,#12226,#12227,#12228,#12229,#12230,#12231,#12232,#12233,#12234,
#12235,#12236,#12237,#12238,#12239,#12240,#12241,#12242,#12243,#12244,#12245,
#12246,#12247,#12248,#12249,#12250,#12251,#12252,#12253,#12254,#12255,#12256,
#12257,#12258,#12259,#12260,#12261,#12262,#12263,#12264,#12265,#12266,#12267,
#12268,#12269,#12270,#12271,#12272,#12273,#12274,#12275,#12276,#12277,#12278,
#12279,#12280,#12281,#12282,#12283,#12284,#12285,#12286,#12287,#12288,#12289,
#12290,#12291,#12292,#12293,#12294,#12295,#12296,#12297,#12298,#12299,#12300,
#12301,#12302,#12303,#12304,#12305,#12306,#12307,#12308,#12309,#12310,#12311,
#12312,#12313,#12314,#12315,#12316,#12317,#12318,#12319,#12320,#12321,#12322,
#12323,#12324,#12325,#12326,#12327,#12328,#12329,#12330,#12331,#12332,#12333,
#12334,#12335,#12336,#12337,#12338,#12339,#12340,#12341,#12342,#12343,#12344,
#12345,#12346,#12347,#12348,#12349,#12350,#12351,#12352,#12353,#12354,#12355,
#12356,#12357,#12358,#12359,#12360,#12361,#12362,#12363,#12364,#12365,#12366,
#12367,#12368,#12369,#12370,#12371,#12372,#12373,#12374,#12375,#12376,#12377,
#12378,#12379,#12380,#12381,#12382,#12383,#12384,#12385,#12386,#12387,#12388,
#12389,#12390,#12391,#12392,#12393,#12394,#12395,#12396,#12397,#12398,#12399,
#12400,#12401,#12402,#12403,#12404,#12405,#12406,#12407,#12408,#12409,#12410,
#12411,#12412,#12413,#12414,#12415,#12416,#12417,#12418,#12419,#12420,#12421,
#12422,#12423,#12424,#12425,#12426,#12427,#12428,#12429,#12430,#12431));
#12434=STYLED_ITEM('',(#12436),#12450);
#12435=STYLED_ITEM('',(#12437),#12451);
#12436=PRESENTATION_STYLE_ASSIGNMENT((#12438));
#12437=PRESENTATION_STYLE_ASSIGNMENT((#12439));
#12438=SURFACE_STYLE_USAGE(.BOTH.,#12440);
#12439=SURFACE_STYLE_USAGE(.BOTH.,#12441);
#12440=SURFACE_SIDE_STYLE('',(#12442));
#12441=SURFACE_SIDE_STYLE('',(#12443));
#12442=SURFACE_STYLE_FILL_AREA(#12444);
#12443=SURFACE_STYLE_FILL_AREA(#12445);
#12444=FILL_AREA_STYLE('',(#12446));
#12445=FILL_AREA_STYLE('',(#12447));
#12446=FILL_AREA_STYLE_COLOUR('',#12448);
#12447=FILL_AREA_STYLE_COLOUR('',#12449);
#12448=COLOUR_RGB('',0.647058823529412,0.647058823529412,0.647058823529412);
#12449=COLOUR_RGB('',0.615686274509804,0.811764705882353,0.929411764705882);
#12450=MANIFOLD_SOLID_BREP('Part 2',#12432);
#12451=MANIFOLD_SOLID_BREP('Side Plate',#12433);
#12452=SHAPE_DEFINITION_REPRESENTATION(#19500,#12454);
#12453=SHAPE_DEFINITION_REPRESENTATION(#19501,#12455);
#12454=SHAPE_REPRESENTATION('Part 2',(#12456),#19490);
#12455=SHAPE_REPRESENTATION('Side Plate',(#12542),#19491);
#12456=AXIS2_PLACEMENT_3D('',#16044,#13102,#13103);
#12457=AXIS2_PLACEMENT_3D('',#16045,#13104,#13105);
#12458=AXIS2_PLACEMENT_3D('',#16054,#13110,#13111);
#12459=AXIS2_PLACEMENT_3D('',#16066,#13118,#13119);
#12460=AXIS2_PLACEMENT_3D('',#16078,#13126,#13127);
#12461=AXIS2_PLACEMENT_3D('',#16079,#13128,#13129);
#12462=AXIS2_PLACEMENT_3D('',#16081,#13130,#13131);
#12463=AXIS2_PLACEMENT_3D('',#16083,#13132,#13133);
#12464=AXIS2_PLACEMENT_3D('',#16085,#13134,#13135);
#12465=AXIS2_PLACEMENT_3D('',#16087,#13136,#13137);
#12466=AXIS2_PLACEMENT_3D('',#16089,#13138,#13139);
#12467=AXIS2_PLACEMENT_3D('',#16091,#13140,#13141);
#12468=AXIS2_PLACEMENT_3D('',#16093,#13142,#13143);
#12469=AXIS2_PLACEMENT_3D('',#16095,#13144,#13145);
#12470=AXIS2_PLACEMENT_3D('',#16099,#13148,#13149);
#12471=AXIS2_PLACEMENT_3D('',#16109,#13155,#13156);
#12472=AXIS2_PLACEMENT_3D('',#16115,#13160,#13161);
#12473=AXIS2_PLACEMENT_3D('',#16116,#13162,#13163);
#12474=AXIS2_PLACEMENT_3D('',#16118,#13164,#13165);
#12475=AXIS2_PLACEMENT_3D('',#16121,#13167,#13168);
#12476=AXIS2_PLACEMENT_3D('',#16122,#13169,#13170);
#12477=AXIS2_PLACEMENT_3D('',#16124,#13171,#13172);
#12478=AXIS2_PLACEMENT_3D('',#16126,#13173,#13174);
#12479=AXIS2_PLACEMENT_3D('',#16128,#13175,#13176);
#12480=AXIS2_PLACEMENT_3D('',#16131,#13178,#13179);
#12481=AXIS2_PLACEMENT_3D('',#16132,#13180,#13181);
#12482=AXIS2_PLACEMENT_3D('',#16134,#13182,#13183);
#12483=AXIS2_PLACEMENT_3D('',#16136,#13184,#13185);
#12484=AXIS2_PLACEMENT_3D('',#16138,#13186,#13187);
#12485=AXIS2_PLACEMENT_3D('',#16139,#13188,#13189);
#12486=AXIS2_PLACEMENT_3D('',#16141,#13190,#13191);
#12487=AXIS2_PLACEMENT_3D('',#16142,#13192,#13193);
#12488=AXIS2_PLACEMENT_3D('',#16143,#13194,#13195);
#12489=AXIS2_PLACEMENT_3D('',#16145,#13196,#13197);
#12490=AXIS2_PLACEMENT_3D('',#16146,#13198,#13199);
#12491=AXIS2_PLACEMENT_3D('',#16147,#13200,#13201);
#12492=AXIS2_PLACEMENT_3D('',#16149,#13202,#13203);
#12493=AXIS2_PLACEMENT_3D('',#16150,#13204,#13205);
#12494=AXIS2_PLACEMENT_3D('',#16151,#13206,#13207);
#12495=AXIS2_PLACEMENT_3D('',#16153,#13208,#13209);
#12496=AXIS2_PLACEMENT_3D('',#16154,#13210,#13211);
#12497=AXIS2_PLACEMENT_3D('',#16155,#13212,#13213);
#12498=AXIS2_PLACEMENT_3D('',#16157,#13214,#13215);
#12499=AXIS2_PLACEMENT_3D('',#16158,#13216,#13217);
#12500=AXIS2_PLACEMENT_3D('',#16159,#13218,#13219);
#12501=AXIS2_PLACEMENT_3D('',#16161,#13220,#13221);
#12502=AXIS2_PLACEMENT_3D('',#16162,#13222,#13223);
#12503=AXIS2_PLACEMENT_3D('',#16163,#13224,#13225);
#12504=AXIS2_PLACEMENT_3D('',#16165,#13226,#13227);
#12505=AXIS2_PLACEMENT_3D('',#16166,#13228,#13229);
#12506=AXIS2_PLACEMENT_3D('',#16167,#13230,#13231);
#12507=AXIS2_PLACEMENT_3D('',#16169,#13232,#13233);
#12508=AXIS2_PLACEMENT_3D('',#16170,#13234,#13235);
#12509=AXIS2_PLACEMENT_3D('',#16171,#13236,#13237);
#12510=AXIS2_PLACEMENT_3D('',#16173,#13238,#13239);
#12511=AXIS2_PLACEMENT_3D('',#16174,#13240,#13241);
#12512=AXIS2_PLACEMENT_3D('',#16175,#13242,#13243);
#12513=AXIS2_PLACEMENT_3D('',#16177,#13244,#13245);
#12514=AXIS2_PLACEMENT_3D('',#16178,#13246,#13247);
#12515=AXIS2_PLACEMENT_3D('',#16179,#13248,#13249);
#12516=AXIS2_PLACEMENT_3D('',#16181,#13250,#13251);
#12517=AXIS2_PLACEMENT_3D('',#16182,#13252,#13253);
#12518=AXIS2_PLACEMENT_3D('',#16183,#13254,#13255);
#12519=AXIS2_PLACEMENT_3D('',#16185,#13256,#13257);
#12520=AXIS2_PLACEMENT_3D('',#16186,#13258,#13259);
#12521=AXIS2_PLACEMENT_3D('',#16187,#13260,#13261);
#12522=AXIS2_PLACEMENT_3D('',#16189,#13262,#13263);
#12523=AXIS2_PLACEMENT_3D('',#16190,#13264,#13265);
#12524=AXIS2_PLACEMENT_3D('',#16191,#13266,#13267);
#12525=AXIS2_PLACEMENT_3D('',#16193,#13268,#13269);
#12526=AXIS2_PLACEMENT_3D('',#16194,#13270,#13271);
#12527=AXIS2_PLACEMENT_3D('',#16195,#13272,#13273);
#12528=AXIS2_PLACEMENT_3D('',#16197,#13274,#13275);
#12529=AXIS2_PLACEMENT_3D('',#16198,#13276,#13277);
#12530=AXIS2_PLACEMENT_3D('',#16199,#13278,#13279);
#12531=AXIS2_PLACEMENT_3D('',#16201,#13280,#13281);
#12532=AXIS2_PLACEMENT_3D('',#16202,#13282,#13283);
#12533=AXIS2_PLACEMENT_3D('',#16203,#13284,#13285);
#12534=AXIS2_PLACEMENT_3D('',#16205,#13286,#13287);
#12535=AXIS2_PLACEMENT_3D('',#16206,#13288,#13289);
#12536=AXIS2_PLACEMENT_3D('',#16207,#13290,#13291);
#12537=AXIS2_PLACEMENT_3D('',#16209,#13292,#13293);
#12538=AXIS2_PLACEMENT_3D('',#16210,#13294,#13295);
#12539=AXIS2_PLACEMENT_3D('',#16214,#13298,#13299);
#12540=AXIS2_PLACEMENT_3D('',#16218,#13302,#13303);
#12541=AXIS2_PLACEMENT_3D('',#16220,#13305,#13306);
#12542=AXIS2_PLACEMENT_3D('',#16221,#13307,#13308);
#12543=AXIS2_PLACEMENT_3D('',#16222,#13309,#13310);
#12544=AXIS2_PLACEMENT_3D('',#16231,#13315,#13316);
#12545=AXIS2_PLACEMENT_3D('',#16240,#13321,#13322);
#12546=AXIS2_PLACEMENT_3D('',#16246,#13326,#13327);
#12547=AXIS2_PLACEMENT_3D('',#16252,#13331,#13332);
#12548=AXIS2_PLACEMENT_3D('',#16258,#13336,#13337);
#12549=AXIS2_PLACEMENT_3D('',#16264,#13341,#13342);
#12550=AXIS2_PLACEMENT_3D('',#16267,#13345,#13346);
#12551=AXIS2_PLACEMENT_3D('',#16276,#13351,#13352);
#12552=AXIS2_PLACEMENT_3D('',#16282,#13356,#13357);
#12553=AXIS2_PLACEMENT_3D('',#16288,#13361,#13362);
#12554=AXIS2_PLACEMENT_3D('',#16294,#13366,#13367);
#12555=AXIS2_PLACEMENT_3D('',#16300,#13371,#13372);
#12556=AXIS2_PLACEMENT_3D('',#16303,#13375,#13376);
#12557=AXIS2_PLACEMENT_3D('',#16312,#13381,#13382);
#12558=AXIS2_PLACEMENT_3D('',#16318,#13386,#13387);
#12559=AXIS2_PLACEMENT_3D('',#16324,#13391,#13392);
#12560=AXIS2_PLACEMENT_3D('',#16330,#13396,#13397);
#12561=AXIS2_PLACEMENT_3D('',#16336,#13401,#13402);
#12562=AXIS2_PLACEMENT_3D('',#16339,#13405,#13406);
#12563=AXIS2_PLACEMENT_3D('',#16348,#13411,#13412);
#12564=AXIS2_PLACEMENT_3D('',#16354,#13416,#13417);
#12565=AXIS2_PLACEMENT_3D('',#16360,#13421,#13422);
#12566=AXIS2_PLACEMENT_3D('',#16366,#13426,#13427);
#12567=AXIS2_PLACEMENT_3D('',#16372,#13431,#13432);
#12568=AXIS2_PLACEMENT_3D('',#16375,#13435,#13436);
#12569=AXIS2_PLACEMENT_3D('',#16384,#13441,#13442);
#12570=AXIS2_PLACEMENT_3D('',#16390,#13446,#13447);
#12571=AXIS2_PLACEMENT_3D('',#16396,#13451,#13452);
#12572=AXIS2_PLACEMENT_3D('',#16402,#13456,#13457);
#12573=AXIS2_PLACEMENT_3D('',#16408,#13461,#13462);
#12574=AXIS2_PLACEMENT_3D('',#16411,#13465,#13466);
#12575=AXIS2_PLACEMENT_3D('',#16420,#13471,#13472);
#12576=AXIS2_PLACEMENT_3D('',#16426,#13476,#13477);
#12577=AXIS2_PLACEMENT_3D('',#16432,#13481,#13482);
#12578=AXIS2_PLACEMENT_3D('',#16438,#13486,#13487);
#12579=AXIS2_PLACEMENT_3D('',#16444,#13491,#13492);
#12580=AXIS2_PLACEMENT_3D('',#16447,#13495,#13496);
#12581=AXIS2_PLACEMENT_3D('',#16456,#13501,#13502);
#12582=AXIS2_PLACEMENT_3D('',#16462,#13506,#13507);
#12583=AXIS2_PLACEMENT_3D('',#16468,#13511,#13512);
#12584=AXIS2_PLACEMENT_3D('',#16474,#13516,#13517);
#12585=AXIS2_PLACEMENT_3D('',#16480,#13521,#13522);
#12586=AXIS2_PLACEMENT_3D('',#16483,#13525,#13526);
#12587=AXIS2_PLACEMENT_3D('',#16492,#13531,#13532);
#12588=AXIS2_PLACEMENT_3D('',#16498,#13536,#13537);
#12589=AXIS2_PLACEMENT_3D('',#16504,#13541,#13542);
#12590=AXIS2_PLACEMENT_3D('',#16510,#13546,#13547);
#12591=AXIS2_PLACEMENT_3D('',#16516,#13551,#13552);
#12592=AXIS2_PLACEMENT_3D('',#16519,#13555,#13556);
#12593=AXIS2_PLACEMENT_3D('',#16528,#13561,#13562);
#12594=AXIS2_PLACEMENT_3D('',#16534,#13566,#13567);
#12595=AXIS2_PLACEMENT_3D('',#16540,#13571,#13572);
#12596=AXIS2_PLACEMENT_3D('',#16546,#13576,#13577);
#12597=AXIS2_PLACEMENT_3D('',#16552,#13581,#13582);
#12598=AXIS2_PLACEMENT_3D('',#16555,#13585,#13586);
#12599=AXIS2_PLACEMENT_3D('',#16564,#13591,#13592);
#12600=AXIS2_PLACEMENT_3D('',#16570,#13596,#13597);
#12601=AXIS2_PLACEMENT_3D('',#16576,#13601,#13602);
#12602=AXIS2_PLACEMENT_3D('',#16582,#13606,#13607);
#12603=AXIS2_PLACEMENT_3D('',#16588,#13611,#13612);
#12604=AXIS2_PLACEMENT_3D('',#16591,#13615,#13616);
#12605=AXIS2_PLACEMENT_3D('',#16600,#13621,#13622);
#12606=AXIS2_PLACEMENT_3D('',#16606,#13626,#13627);
#12607=AXIS2_PLACEMENT_3D('',#16612,#13631,#13632);
#12608=AXIS2_PLACEMENT_3D('',#16618,#13636,#13637);
#12609=AXIS2_PLACEMENT_3D('',#16624,#13641,#13642);
#12610=AXIS2_PLACEMENT_3D('',#16627,#13645,#13646);
#12611=AXIS2_PLACEMENT_3D('',#16636,#13651,#13652);
#12612=AXIS2_PLACEMENT_3D('',#16642,#13656,#13657);
#12613=AXIS2_PLACEMENT_3D('',#16648,#13661,#13662);
#12614=AXIS2_PLACEMENT_3D('',#16654,#13666,#13667);
#12615=AXIS2_PLACEMENT_3D('',#16660,#13671,#13672);
#12616=AXIS2_PLACEMENT_3D('',#16663,#13675,#13676);
#12617=AXIS2_PLACEMENT_3D('',#16672,#13681,#13682);
#12618=AXIS2_PLACEMENT_3D('',#16678,#13686,#13687);
#12619=AXIS2_PLACEMENT_3D('',#16684,#13691,#13692);
#12620=AXIS2_PLACEMENT_3D('',#16690,#13696,#13697);
#12621=AXIS2_PLACEMENT_3D('',#16696,#13701,#13702);
#12622=AXIS2_PLACEMENT_3D('',#16699,#13705,#13706);
#12623=AXIS2_PLACEMENT_3D('',#16708,#13711,#13712);
#12624=AXIS2_PLACEMENT_3D('',#16714,#13716,#13717);
#12625=AXIS2_PLACEMENT_3D('',#16720,#13721,#13722);
#12626=AXIS2_PLACEMENT_3D('',#16726,#13726,#13727);
#12627=AXIS2_PLACEMENT_3D('',#16732,#13731,#13732);
#12628=AXIS2_PLACEMENT_3D('',#16735,#13735,#13736);
#12629=AXIS2_PLACEMENT_3D('',#16744,#13741,#13742);
#12630=AXIS2_PLACEMENT_3D('',#16750,#13746,#13747);
#12631=AXIS2_PLACEMENT_3D('',#16756,#13751,#13752);
#12632=AXIS2_PLACEMENT_3D('',#16762,#13756,#13757);
#12633=AXIS2_PLACEMENT_3D('',#16768,#13761,#13762);
#12634=AXIS2_PLACEMENT_3D('',#16771,#13765,#13766);
#12635=AXIS2_PLACEMENT_3D('',#16780,#13771,#13772);
#12636=AXIS2_PLACEMENT_3D('',#16786,#13776,#13777);
#12637=AXIS2_PLACEMENT_3D('',#16792,#13781,#13782);
#12638=AXIS2_PLACEMENT_3D('',#16798,#13786,#13787);
#12639=AXIS2_PLACEMENT_3D('',#16804,#13791,#13792);
#12640=AXIS2_PLACEMENT_3D('',#16807,#13795,#13796);
#12641=AXIS2_PLACEMENT_3D('',#16816,#13801,#13802);
#12642=AXIS2_PLACEMENT_3D('',#16822,#13806,#13807);
#12643=AXIS2_PLACEMENT_3D('',#16828,#13811,#13812);
#12644=AXIS2_PLACEMENT_3D('',#16834,#13816,#13817);
#12645=AXIS2_PLACEMENT_3D('',#16840,#13821,#13822);
#12646=AXIS2_PLACEMENT_3D('',#16843,#13825,#13826);
#12647=AXIS2_PLACEMENT_3D('',#16852,#13831,#13832);
#12648=AXIS2_PLACEMENT_3D('',#16858,#13836,#13837);
#12649=AXIS2_PLACEMENT_3D('',#16864,#13841,#13842);
#12650=AXIS2_PLACEMENT_3D('',#16870,#13846,#13847);
#12651=AXIS2_PLACEMENT_3D('',#16876,#13851,#13852);
#12652=AXIS2_PLACEMENT_3D('',#16879,#13855,#13856);
#12653=AXIS2_PLACEMENT_3D('',#16888,#13861,#13862);
#12654=AXIS2_PLACEMENT_3D('',#16894,#13866,#13867);
#12655=AXIS2_PLACEMENT_3D('',#16900,#13871,#13872);
#12656=AXIS2_PLACEMENT_3D('',#16906,#13876,#13877);
#12657=AXIS2_PLACEMENT_3D('',#16912,#13881,#13882);
#12658=AXIS2_PLACEMENT_3D('',#16915,#13885,#13886);
#12659=AXIS2_PLACEMENT_3D('',#16924,#13891,#13892);
#12660=AXIS2_PLACEMENT_3D('',#16930,#13896,#13897);
#12661=AXIS2_PLACEMENT_3D('',#16936,#13901,#13902);
#12662=AXIS2_PLACEMENT_3D('',#16942,#13906,#13907);
#12663=AXIS2_PLACEMENT_3D('',#16948,#13911,#13912);
#12664=AXIS2_PLACEMENT_3D('',#16951,#13915,#13916);
#12665=AXIS2_PLACEMENT_3D('',#16960,#13921,#13922);
#12666=AXIS2_PLACEMENT_3D('',#16966,#13926,#13927);
#12667=AXIS2_PLACEMENT_3D('',#16972,#13931,#13932);
#12668=AXIS2_PLACEMENT_3D('',#16978,#13936,#13937);
#12669=AXIS2_PLACEMENT_3D('',#16984,#13941,#13942);
#12670=AXIS2_PLACEMENT_3D('',#16987,#13945,#13946);
#12671=AXIS2_PLACEMENT_3D('',#16996,#13951,#13952);
#12672=AXIS2_PLACEMENT_3D('',#17002,#13956,#13957);
#12673=AXIS2_PLACEMENT_3D('',#17008,#13961,#13962);
#12674=AXIS2_PLACEMENT_3D('',#17014,#13966,#13967);
#12675=AXIS2_PLACEMENT_3D('',#17020,#13971,#13972);
#12676=AXIS2_PLACEMENT_3D('',#17023,#13975,#13976);
#12677=AXIS2_PLACEMENT_3D('',#17032,#13981,#13982);
#12678=AXIS2_PLACEMENT_3D('',#17038,#13986,#13987);
#12679=AXIS2_PLACEMENT_3D('',#17044,#13991,#13992);
#12680=AXIS2_PLACEMENT_3D('',#17050,#13996,#13997);
#12681=AXIS2_PLACEMENT_3D('',#17056,#14001,#14002);
#12682=AXIS2_PLACEMENT_3D('',#17059,#14005,#14006);
#12683=AXIS2_PLACEMENT_3D('',#17068,#14011,#14012);
#12684=AXIS2_PLACEMENT_3D('',#17074,#14016,#14017);
#12685=AXIS2_PLACEMENT_3D('',#17080,#14021,#14022);
#12686=AXIS2_PLACEMENT_3D('',#17086,#14026,#14027);
#12687=AXIS2_PLACEMENT_3D('',#17092,#14031,#14032);
#12688=AXIS2_PLACEMENT_3D('',#17095,#14035,#14036);
#12689=AXIS2_PLACEMENT_3D('',#17104,#14041,#14042);
#12690=AXIS2_PLACEMENT_3D('',#17110,#14046,#14047);
#12691=AXIS2_PLACEMENT_3D('',#17116,#14051,#14052);
#12692=AXIS2_PLACEMENT_3D('',#17122,#14056,#14057);
#12693=AXIS2_PLACEMENT_3D('',#17128,#14061,#14062);
#12694=AXIS2_PLACEMENT_3D('',#17131,#14065,#14066);
#12695=AXIS2_PLACEMENT_3D('',#17140,#14071,#14072);
#12696=AXIS2_PLACEMENT_3D('',#17146,#14076,#14077);
#12697=AXIS2_PLACEMENT_3D('',#17152,#14081,#14082);
#12698=AXIS2_PLACEMENT_3D('',#17158,#14086,#14087);
#12699=AXIS2_PLACEMENT_3D('',#17164,#14091,#14092);
#12700=AXIS2_PLACEMENT_3D('',#17167,#14095,#14096);
#12701=AXIS2_PLACEMENT_3D('',#17176,#14101,#14102);
#12702=AXIS2_PLACEMENT_3D('',#17182,#14106,#14107);
#12703=AXIS2_PLACEMENT_3D('',#17188,#14111,#14112);
#12704=AXIS2_PLACEMENT_3D('',#17194,#14116,#14117);
#12705=AXIS2_PLACEMENT_3D('',#17200,#14121,#14122);
#12706=AXIS2_PLACEMENT_3D('',#17203,#14125,#14126);
#12707=AXIS2_PLACEMENT_3D('',#17212,#14131,#14132);
#12708=AXIS2_PLACEMENT_3D('',#17218,#14136,#14137);
#12709=AXIS2_PLACEMENT_3D('',#17224,#14141,#14142);
#12710=AXIS2_PLACEMENT_3D('',#17230,#14146,#14147);
#12711=AXIS2_PLACEMENT_3D('',#17236,#14151,#14152);
#12712=AXIS2_PLACEMENT_3D('',#17239,#14155,#14156);
#12713=AXIS2_PLACEMENT_3D('',#17248,#14161,#14162);
#12714=AXIS2_PLACEMENT_3D('',#17254,#14166,#14167);
#12715=AXIS2_PLACEMENT_3D('',#17260,#14171,#14172);
#12716=AXIS2_PLACEMENT_3D('',#17266,#14176,#14177);
#12717=AXIS2_PLACEMENT_3D('',#17272,#14181,#14182);
#12718=AXIS2_PLACEMENT_3D('',#17275,#14185,#14186);
#12719=AXIS2_PLACEMENT_3D('',#17284,#14191,#14192);
#12720=AXIS2_PLACEMENT_3D('',#17290,#14196,#14197);
#12721=AXIS2_PLACEMENT_3D('',#17296,#14201,#14202);
#12722=AXIS2_PLACEMENT_3D('',#17302,#14206,#14207);
#12723=AXIS2_PLACEMENT_3D('',#17308,#14211,#14212);
#12724=AXIS2_PLACEMENT_3D('',#17311,#14215,#14216);
#12725=AXIS2_PLACEMENT_3D('',#17320,#14221,#14222);
#12726=AXIS2_PLACEMENT_3D('',#17326,#14226,#14227);
#12727=AXIS2_PLACEMENT_3D('',#17332,#14231,#14232);
#12728=AXIS2_PLACEMENT_3D('',#17338,#14236,#14237);
#12729=AXIS2_PLACEMENT_3D('',#17344,#14241,#14242);
#12730=AXIS2_PLACEMENT_3D('',#17347,#14245,#14246);
#12731=AXIS2_PLACEMENT_3D('',#17356,#14251,#14252);
#12732=AXIS2_PLACEMENT_3D('',#17362,#14256,#14257);
#12733=AXIS2_PLACEMENT_3D('',#17368,#14261,#14262);
#12734=AXIS2_PLACEMENT_3D('',#17374,#14266,#14267);
#12735=AXIS2_PLACEMENT_3D('',#17380,#14271,#14272);
#12736=AXIS2_PLACEMENT_3D('',#17383,#14275,#14276);
#12737=AXIS2_PLACEMENT_3D('',#17392,#14281,#14282);
#12738=AXIS2_PLACEMENT_3D('',#17398,#14286,#14287);
#12739=AXIS2_PLACEMENT_3D('',#17404,#14291,#14292);
#12740=AXIS2_PLACEMENT_3D('',#17410,#14296,#14297);
#12741=AXIS2_PLACEMENT_3D('',#17416,#14301,#14302);
#12742=AXIS2_PLACEMENT_3D('',#17419,#14305,#14306);
#12743=AXIS2_PLACEMENT_3D('',#17428,#14311,#14312);
#12744=AXIS2_PLACEMENT_3D('',#17434,#14316,#14317);
#12745=AXIS2_PLACEMENT_3D('',#17440,#14321,#14322);
#12746=AXIS2_PLACEMENT_3D('',#17446,#14326,#14327);
#12747=AXIS2_PLACEMENT_3D('',#17452,#14331,#14332);
#12748=AXIS2_PLACEMENT_3D('',#17455,#14335,#14336);
#12749=AXIS2_PLACEMENT_3D('',#17464,#14341,#14342);
#12750=AXIS2_PLACEMENT_3D('',#17470,#14346,#14347);
#12751=AXIS2_PLACEMENT_3D('',#17476,#14351,#14352);
#12752=AXIS2_PLACEMENT_3D('',#17482,#14356,#14357);
#12753=AXIS2_PLACEMENT_3D('',#17488,#14361,#14362);
#12754=AXIS2_PLACEMENT_3D('',#17491,#14365,#14366);
#12755=AXIS2_PLACEMENT_3D('',#17500,#14371,#14372);
#12756=AXIS2_PLACEMENT_3D('',#17506,#14376,#14377);
#12757=AXIS2_PLACEMENT_3D('',#17512,#14381,#14382);
#12758=AXIS2_PLACEMENT_3D('',#17518,#14386,#14387);
#12759=AXIS2_PLACEMENT_3D('',#17524,#14391,#14392);
#12760=AXIS2_PLACEMENT_3D('',#17527,#14395,#14396);
#12761=AXIS2_PLACEMENT_3D('',#17536,#14401,#14402);
#12762=AXIS2_PLACEMENT_3D('',#17542,#14406,#14407);
#12763=AXIS2_PLACEMENT_3D('',#17548,#14411,#14412);
#12764=AXIS2_PLACEMENT_3D('',#17554,#14416,#14417);
#12765=AXIS2_PLACEMENT_3D('',#17560,#14421,#14422);
#12766=AXIS2_PLACEMENT_3D('',#17563,#14425,#14426);
#12767=AXIS2_PLACEMENT_3D('',#17572,#14431,#14432);
#12768=AXIS2_PLACEMENT_3D('',#17578,#14436,#14437);
#12769=AXIS2_PLACEMENT_3D('',#17584,#14441,#14442);
#12770=AXIS2_PLACEMENT_3D('',#17590,#14446,#14447);
#12771=AXIS2_PLACEMENT_3D('',#17596,#14451,#14452);
#12772=AXIS2_PLACEMENT_3D('',#17599,#14455,#14456);
#12773=AXIS2_PLACEMENT_3D('',#17608,#14461,#14462);
#12774=AXIS2_PLACEMENT_3D('',#17614,#14466,#14467);
#12775=AXIS2_PLACEMENT_3D('',#17620,#14471,#14472);
#12776=AXIS2_PLACEMENT_3D('',#17626,#14476,#14477);
#12777=AXIS2_PLACEMENT_3D('',#17632,#14481,#14482);
#12778=AXIS2_PLACEMENT_3D('',#17635,#14485,#14486);
#12779=AXIS2_PLACEMENT_3D('',#17644,#14491,#14492);
#12780=AXIS2_PLACEMENT_3D('',#17650,#14496,#14497);
#12781=AXIS2_PLACEMENT_3D('',#17656,#14501,#14502);
#12782=AXIS2_PLACEMENT_3D('',#17662,#14506,#14507);
#12783=AXIS2_PLACEMENT_3D('',#17668,#14511,#14512);
#12784=AXIS2_PLACEMENT_3D('',#17671,#14515,#14516);
#12785=AXIS2_PLACEMENT_3D('',#17680,#14521,#14522);
#12786=AXIS2_PLACEMENT_3D('',#17686,#14526,#14527);
#12787=AXIS2_PLACEMENT_3D('',#17692,#14531,#14532);
#12788=AXIS2_PLACEMENT_3D('',#17698,#14536,#14537);
#12789=AXIS2_PLACEMENT_3D('',#17704,#14541,#14542);
#12790=AXIS2_PLACEMENT_3D('',#17707,#14545,#14546);
#12791=AXIS2_PLACEMENT_3D('',#17716,#14551,#14552);
#12792=AXIS2_PLACEMENT_3D('',#17722,#14556,#14557);
#12793=AXIS2_PLACEMENT_3D('',#17728,#14561,#14562);
#12794=AXIS2_PLACEMENT_3D('',#17734,#14566,#14567);
#12795=AXIS2_PLACEMENT_3D('',#17740,#14571,#14572);
#12796=AXIS2_PLACEMENT_3D('',#17743,#14575,#14576);
#12797=AXIS2_PLACEMENT_3D('',#17752,#14581,#14582);
#12798=AXIS2_PLACEMENT_3D('',#17758,#14586,#14587);
#12799=AXIS2_PLACEMENT_3D('',#17764,#14591,#14592);
#12800=AXIS2_PLACEMENT_3D('',#17770,#14596,#14597);
#12801=AXIS2_PLACEMENT_3D('',#17776,#14601,#14602);
#12802=AXIS2_PLACEMENT_3D('',#17779,#14605,#14606);
#12803=AXIS2_PLACEMENT_3D('',#17788,#14611,#14612);
#12804=AXIS2_PLACEMENT_3D('',#17794,#14616,#14617);
#12805=AXIS2_PLACEMENT_3D('',#17800,#14621,#14622);
#12806=AXIS2_PLACEMENT_3D('',#17806,#14626,#14627);
#12807=AXIS2_PLACEMENT_3D('',#17812,#14631,#14632);
#12808=AXIS2_PLACEMENT_3D('',#17815,#14635,#14636);
#12809=AXIS2_PLACEMENT_3D('',#17824,#14641,#14642);
#12810=AXIS2_PLACEMENT_3D('',#17830,#14646,#14647);
#12811=AXIS2_PLACEMENT_3D('',#17836,#14651,#14652);
#12812=AXIS2_PLACEMENT_3D('',#17842,#14656,#14657);
#12813=AXIS2_PLACEMENT_3D('',#17848,#14661,#14662);
#12814=AXIS2_PLACEMENT_3D('',#17851,#14665,#14666);
#12815=AXIS2_PLACEMENT_3D('',#17860,#14671,#14672);
#12816=AXIS2_PLACEMENT_3D('',#17866,#14676,#14677);
#12817=AXIS2_PLACEMENT_3D('',#17872,#14681,#14682);
#12818=AXIS2_PLACEMENT_3D('',#17878,#14686,#14687);
#12819=AXIS2_PLACEMENT_3D('',#17884,#14691,#14692);
#12820=AXIS2_PLACEMENT_3D('',#17887,#14695,#14696);
#12821=AXIS2_PLACEMENT_3D('',#17896,#14701,#14702);
#12822=AXIS2_PLACEMENT_3D('',#17902,#14706,#14707);
#12823=AXIS2_PLACEMENT_3D('',#17908,#14711,#14712);
#12824=AXIS2_PLACEMENT_3D('',#17914,#14716,#14717);
#12825=AXIS2_PLACEMENT_3D('',#17920,#14721,#14722);
#12826=AXIS2_PLACEMENT_3D('',#17923,#14725,#14726);
#12827=AXIS2_PLACEMENT_3D('',#17932,#14731,#14732);
#12828=AXIS2_PLACEMENT_3D('',#17938,#14736,#14737);
#12829=AXIS2_PLACEMENT_3D('',#17944,#14741,#14742);
#12830=AXIS2_PLACEMENT_3D('',#17950,#14746,#14747);
#12831=AXIS2_PLACEMENT_3D('',#17956,#14751,#14752);
#12832=AXIS2_PLACEMENT_3D('',#17959,#14755,#14756);
#12833=AXIS2_PLACEMENT_3D('',#17968,#14761,#14762);
#12834=AXIS2_PLACEMENT_3D('',#17974,#14766,#14767);
#12835=AXIS2_PLACEMENT_3D('',#17980,#14771,#14772);
#12836=AXIS2_PLACEMENT_3D('',#17986,#14776,#14777);
#12837=AXIS2_PLACEMENT_3D('',#17992,#14781,#14782);
#12838=AXIS2_PLACEMENT_3D('',#17995,#14785,#14786);
#12839=AXIS2_PLACEMENT_3D('',#18004,#14791,#14792);
#12840=AXIS2_PLACEMENT_3D('',#18010,#14796,#14797);
#12841=AXIS2_PLACEMENT_3D('',#18016,#14801,#14802);
#12842=AXIS2_PLACEMENT_3D('',#18022,#14806,#14807);
#12843=AXIS2_PLACEMENT_3D('',#18028,#14811,#14812);
#12844=AXIS2_PLACEMENT_3D('',#18031,#14815,#14816);
#12845=AXIS2_PLACEMENT_3D('',#18040,#14821,#14822);
#12846=AXIS2_PLACEMENT_3D('',#18046,#14826,#14827);
#12847=AXIS2_PLACEMENT_3D('',#18052,#14831,#14832);
#12848=AXIS2_PLACEMENT_3D('',#18058,#14836,#14837);
#12849=AXIS2_PLACEMENT_3D('',#18064,#14841,#14842);
#12850=AXIS2_PLACEMENT_3D('',#18067,#14845,#14846);
#12851=AXIS2_PLACEMENT_3D('',#18076,#14851,#14852);
#12852=AXIS2_PLACEMENT_3D('',#18082,#14856,#14857);
#12853=AXIS2_PLACEMENT_3D('',#18088,#14861,#14862);
#12854=AXIS2_PLACEMENT_3D('',#18094,#14866,#14867);
#12855=AXIS2_PLACEMENT_3D('',#18100,#14871,#14872);
#12856=AXIS2_PLACEMENT_3D('',#18103,#14875,#14876);
#12857=AXIS2_PLACEMENT_3D('',#18112,#14881,#14882);
#12858=AXIS2_PLACEMENT_3D('',#18118,#14886,#14887);
#12859=AXIS2_PLACEMENT_3D('',#18124,#14891,#14892);
#12860=AXIS2_PLACEMENT_3D('',#18130,#14896,#14897);
#12861=AXIS2_PLACEMENT_3D('',#18136,#14901,#14902);
#12862=AXIS2_PLACEMENT_3D('',#18139,#14905,#14906);
#12863=AXIS2_PLACEMENT_3D('',#18148,#14911,#14912);
#12864=AXIS2_PLACEMENT_3D('',#18154,#14916,#14917);
#12865=AXIS2_PLACEMENT_3D('',#18160,#14921,#14922);
#12866=AXIS2_PLACEMENT_3D('',#18166,#14926,#14927);
#12867=AXIS2_PLACEMENT_3D('',#18172,#14931,#14932);
#12868=AXIS2_PLACEMENT_3D('',#18175,#14935,#14936);
#12869=AXIS2_PLACEMENT_3D('',#18184,#14941,#14942);
#12870=AXIS2_PLACEMENT_3D('',#18190,#14946,#14947);
#12871=AXIS2_PLACEMENT_3D('',#18196,#14951,#14952);
#12872=AXIS2_PLACEMENT_3D('',#18202,#14956,#14957);
#12873=AXIS2_PLACEMENT_3D('',#18208,#14961,#14962);
#12874=AXIS2_PLACEMENT_3D('',#18211,#14965,#14966);
#12875=AXIS2_PLACEMENT_3D('',#18220,#14971,#14972);
#12876=AXIS2_PLACEMENT_3D('',#18230,#14978,#14979);
#12877=AXIS2_PLACEMENT_3D('',#18236,#14983,#14984);
#12878=AXIS2_PLACEMENT_3D('',#18246,#14990,#14991);
#12879=AXIS2_PLACEMENT_3D('',#18252,#14995,#14996);
#12880=AXIS2_PLACEMENT_3D('',#18255,#14999,#15000);
#12881=AXIS2_PLACEMENT_3D('',#18264,#15005,#15006);
#12882=AXIS2_PLACEMENT_3D('',#18270,#15010,#15011);
#12883=AXIS2_PLACEMENT_3D('',#18276,#15015,#15016);
#12884=AXIS2_PLACEMENT_3D('',#18282,#15020,#15021);
#12885=AXIS2_PLACEMENT_3D('',#18288,#15025,#15026);
#12886=AXIS2_PLACEMENT_3D('',#18291,#15029,#15030);
#12887=AXIS2_PLACEMENT_3D('',#18300,#15035,#15036);
#12888=AXIS2_PLACEMENT_3D('',#18306,#15040,#15041);
#12889=AXIS2_PLACEMENT_3D('',#18312,#15045,#15046);
#12890=AXIS2_PLACEMENT_3D('',#18318,#15050,#15051);
#12891=AXIS2_PLACEMENT_3D('',#18324,#15055,#15056);
#12892=AXIS2_PLACEMENT_3D('',#18327,#15059,#15060);
#12893=AXIS2_PLACEMENT_3D('',#18336,#15065,#15066);
#12894=AXIS2_PLACEMENT_3D('',#18342,#15070,#15071);
#12895=AXIS2_PLACEMENT_3D('',#18348,#15075,#15076);
#12896=AXIS2_PLACEMENT_3D('',#18354,#15080,#15081);
#12897=AXIS2_PLACEMENT_3D('',#18360,#15085,#15086);
#12898=AXIS2_PLACEMENT_3D('',#18363,#15089,#15090);
#12899=AXIS2_PLACEMENT_3D('',#18372,#15095,#15096);
#12900=AXIS2_PLACEMENT_3D('',#18378,#15100,#15101);
#12901=AXIS2_PLACEMENT_3D('',#18384,#15105,#15106);
#12902=AXIS2_PLACEMENT_3D('',#18390,#15110,#15111);
#12903=AXIS2_PLACEMENT_3D('',#18396,#15115,#15116);
#12904=AXIS2_PLACEMENT_3D('',#18399,#15119,#15120);
#12905=AXIS2_PLACEMENT_3D('',#18408,#15125,#15126);
#12906=AXIS2_PLACEMENT_3D('',#18414,#15130,#15131);
#12907=AXIS2_PLACEMENT_3D('',#18420,#15135,#15136);
#12908=AXIS2_PLACEMENT_3D('',#18426,#15140,#15141);
#12909=AXIS2_PLACEMENT_3D('',#18432,#15145,#15146);
#12910=AXIS2_PLACEMENT_3D('',#18435,#15149,#15150);
#12911=AXIS2_PLACEMENT_3D('',#18444,#15155,#15156);
#12912=AXIS2_PLACEMENT_3D('',#18451,#15161,#15162);
#12913=AXIS2_PLACEMENT_3D('',#18457,#15166,#15167);
#12914=AXIS2_PLACEMENT_3D('',#18463,#15171,#15172);
#12915=AXIS2_PLACEMENT_3D('',#18473,#15178,#15179);
#12916=AXIS2_PLACEMENT_3D('',#18476,#15182,#15183);
#12917=AXIS2_PLACEMENT_3D('',#18485,#15188,#15189);
#12918=AXIS2_PLACEMENT_3D('',#18491,#15193,#15194);
#12919=AXIS2_PLACEMENT_3D('',#18497,#15198,#15199);
#12920=AXIS2_PLACEMENT_3D('',#18503,#15203,#15204);
#12921=AXIS2_PLACEMENT_3D('',#18509,#15208,#15209);
#12922=AXIS2_PLACEMENT_3D('',#18512,#15212,#15213);
#12923=AXIS2_PLACEMENT_3D('',#18521,#15218,#15219);
#12924=AXIS2_PLACEMENT_3D('',#18527,#15223,#15224);
#12925=AXIS2_PLACEMENT_3D('',#18533,#15228,#15229);
#12926=AXIS2_PLACEMENT_3D('',#18539,#15233,#15234);
#12927=AXIS2_PLACEMENT_3D('',#18545,#15238,#15239);
#12928=AXIS2_PLACEMENT_3D('',#18548,#15242,#15243);
#12929=AXIS2_PLACEMENT_3D('',#18557,#15248,#15249);
#12930=AXIS2_PLACEMENT_3D('',#18563,#15253,#15254);
#12931=AXIS2_PLACEMENT_3D('',#18569,#15258,#15259);
#12932=AXIS2_PLACEMENT_3D('',#18575,#15263,#15264);
#12933=AXIS2_PLACEMENT_3D('',#18581,#15268,#15269);
#12934=AXIS2_PLACEMENT_3D('',#18584,#15272,#15273);
#12935=AXIS2_PLACEMENT_3D('',#18593,#15278,#15279);
#12936=AXIS2_PLACEMENT_3D('',#18599,#15283,#15284);
#12937=AXIS2_PLACEMENT_3D('',#18605,#15288,#15289);
#12938=AXIS2_PLACEMENT_3D('',#18611,#15293,#15294);
#12939=AXIS2_PLACEMENT_3D('',#18617,#15298,#15299);
#12940=AXIS2_PLACEMENT_3D('',#18620,#15302,#15303);
#12941=AXIS2_PLACEMENT_3D('',#18629,#15308,#15309);
#12942=AXIS2_PLACEMENT_3D('',#18635,#15313,#15314);
#12943=AXIS2_PLACEMENT_3D('',#18641,#15318,#15319);
#12944=AXIS2_PLACEMENT_3D('',#18647,#15323,#15324);
#12945=AXIS2_PLACEMENT_3D('',#18653,#15328,#15329);
#12946=AXIS2_PLACEMENT_3D('',#18656,#15332,#15333);
#12947=AXIS2_PLACEMENT_3D('',#18665,#15338,#15339);
#12948=AXIS2_PLACEMENT_3D('',#18671,#15343,#15344);
#12949=AXIS2_PLACEMENT_3D('',#18677,#15348,#15349);
#12950=AXIS2_PLACEMENT_3D('',#18683,#15353,#15354);
#12951=AXIS2_PLACEMENT_3D('',#18689,#15358,#15359);
#12952=AXIS2_PLACEMENT_3D('',#18692,#15362,#15363);
#12953=AXIS2_PLACEMENT_3D('',#18701,#15368,#15369);
#12954=AXIS2_PLACEMENT_3D('',#18707,#15373,#15374);
#12955=AXIS2_PLACEMENT_3D('',#18713,#15378,#15379);
#12956=AXIS2_PLACEMENT_3D('',#18719,#15383,#15384);
#12957=AXIS2_PLACEMENT_3D('',#18725,#15388,#15389);
#12958=AXIS2_PLACEMENT_3D('',#18728,#15392,#15393);
#12959=AXIS2_PLACEMENT_3D('',#18737,#15398,#15399);
#12960=AXIS2_PLACEMENT_3D('',#18743,#15403,#15404);
#12961=AXIS2_PLACEMENT_3D('',#18749,#15408,#15409);
#12962=AXIS2_PLACEMENT_3D('',#18755,#15413,#15414);
#12963=AXIS2_PLACEMENT_3D('',#18761,#15418,#15419);
#12964=AXIS2_PLACEMENT_3D('',#18764,#15422,#15423);
#12965=AXIS2_PLACEMENT_3D('',#18773,#15428,#15429);
#12966=AXIS2_PLACEMENT_3D('',#18779,#15433,#15434);
#12967=AXIS2_PLACEMENT_3D('',#18785,#15438,#15439);
#12968=AXIS2_PLACEMENT_3D('',#18791,#15443,#15444);
#12969=AXIS2_PLACEMENT_3D('',#18797,#15448,#15449);
#12970=AXIS2_PLACEMENT_3D('',#18800,#15452,#15453);
#12971=AXIS2_PLACEMENT_3D('',#18809,#15458,#15459);
#12972=AXIS2_PLACEMENT_3D('',#18815,#15463,#15464);
#12973=AXIS2_PLACEMENT_3D('',#18821,#15468,#15469);
#12974=AXIS2_PLACEMENT_3D('',#18827,#15473,#15474);
#12975=AXIS2_PLACEMENT_3D('',#18833,#15478,#15479);
#12976=AXIS2_PLACEMENT_3D('',#18836,#15482,#15483);
#12977=AXIS2_PLACEMENT_3D('',#18845,#15488,#15489);
#12978=AXIS2_PLACEMENT_3D('',#18851,#15493,#15494);
#12979=AXIS2_PLACEMENT_3D('',#18857,#15498,#15499);
#12980=AXIS2_PLACEMENT_3D('',#18863,#15503,#15504);
#12981=AXIS2_PLACEMENT_3D('',#18869,#15508,#15509);
#12982=AXIS2_PLACEMENT_3D('',#18872,#15512,#15513);
#12983=AXIS2_PLACEMENT_3D('',#18881,#15518,#15519);
#12984=AXIS2_PLACEMENT_3D('',#18887,#15523,#15524);
#12985=AXIS2_PLACEMENT_3D('',#18893,#15528,#15529);
#12986=AXIS2_PLACEMENT_3D('',#18899,#15533,#15534);
#12987=AXIS2_PLACEMENT_3D('',#18905,#15538,#15539);
#12988=AXIS2_PLACEMENT_3D('',#18908,#15542,#15543);
#12989=AXIS2_PLACEMENT_3D('',#18917,#15548,#15549);
#12990=AXIS2_PLACEMENT_3D('',#18923,#15553,#15554);
#12991=AXIS2_PLACEMENT_3D('',#18929,#15558,#15559);
#12992=AXIS2_PLACEMENT_3D('',#18935,#15563,#15564);
#12993=AXIS2_PLACEMENT_3D('',#18941,#15568,#15569);
#12994=AXIS2_PLACEMENT_3D('',#18944,#15572,#15573);
#12995=AXIS2_PLACEMENT_3D('',#18953,#15578,#15579);
#12996=AXIS2_PLACEMENT_3D('',#18959,#15583,#15584);
#12997=AXIS2_PLACEMENT_3D('',#18965,#15588,#15589);
#12998=AXIS2_PLACEMENT_3D('',#18971,#15593,#15594);
#12999=AXIS2_PLACEMENT_3D('',#18977,#15598,#15599);
#13000=AXIS2_PLACEMENT_3D('',#18980,#15602,#15603);
#13001=AXIS2_PLACEMENT_3D('',#18989,#15608,#15609);
#13002=AXIS2_PLACEMENT_3D('',#18995,#15613,#15614);
#13003=AXIS2_PLACEMENT_3D('',#19001,#15618,#15619);
#13004=AXIS2_PLACEMENT_3D('',#19007,#15623,#15624);
#13005=AXIS2_PLACEMENT_3D('',#19013,#15628,#15629);
#13006=AXIS2_PLACEMENT_3D('',#19016,#15632,#15633);
#13007=AXIS2_PLACEMENT_3D('',#19025,#15638,#15639);
#13008=AXIS2_PLACEMENT_3D('',#19031,#15643,#15644);
#13009=AXIS2_PLACEMENT_3D('',#19037,#15648,#15649);
#13010=AXIS2_PLACEMENT_3D('',#19043,#15653,#15654);
#13011=AXIS2_PLACEMENT_3D('',#19049,#15658,#15659);
#13012=AXIS2_PLACEMENT_3D('',#19052,#15662,#15663);
#13013=AXIS2_PLACEMENT_3D('',#19061,#15668,#15669);
#13014=AXIS2_PLACEMENT_3D('',#19067,#15673,#15674);
#13015=AXIS2_PLACEMENT_3D('',#19073,#15678,#15679);
#13016=AXIS2_PLACEMENT_3D('',#19079,#15683,#15684);
#13017=AXIS2_PLACEMENT_3D('',#19085,#15688,#15689);
#13018=AXIS2_PLACEMENT_3D('',#19088,#15692,#15693);
#13019=AXIS2_PLACEMENT_3D('',#19097,#15698,#15699);
#13020=AXIS2_PLACEMENT_3D('',#19103,#15703,#15704);
#13021=AXIS2_PLACEMENT_3D('',#19109,#15708,#15709);
#13022=AXIS2_PLACEMENT_3D('',#19115,#15713,#15714);
#13023=AXIS2_PLACEMENT_3D('',#19121,#15718,#15719);
#13024=AXIS2_PLACEMENT_3D('',#19124,#15722,#15723);
#13025=AXIS2_PLACEMENT_3D('',#19133,#15728,#15729);
#13026=AXIS2_PLACEMENT_3D('',#19139,#15733,#15734);
#13027=AXIS2_PLACEMENT_3D('',#19145,#15738,#15739);
#13028=AXIS2_PLACEMENT_3D('',#19151,#15743,#15744);
#13029=AXIS2_PLACEMENT_3D('',#19157,#15748,#15749);
#13030=AXIS2_PLACEMENT_3D('',#19160,#15752,#15753);
#13031=AXIS2_PLACEMENT_3D('',#19169,#15758,#15759);
#13032=AXIS2_PLACEMENT_3D('',#19175,#15763,#15764);
#13033=AXIS2_PLACEMENT_3D('',#19181,#15768,#15769);
#13034=AXIS2_PLACEMENT_3D('',#19187,#15773,#15774);
#13035=AXIS2_PLACEMENT_3D('',#19193,#15778,#15779);
#13036=AXIS2_PLACEMENT_3D('',#19196,#15782,#15783);
#13037=AXIS2_PLACEMENT_3D('',#19205,#15788,#15789);
#13038=AXIS2_PLACEMENT_3D('',#19211,#15793,#15794);
#13039=AXIS2_PLACEMENT_3D('',#19217,#15798,#15799);
#13040=AXIS2_PLACEMENT_3D('',#19223,#15803,#15804);
#13041=AXIS2_PLACEMENT_3D('',#19229,#15808,#15809);
#13042=AXIS2_PLACEMENT_3D('',#19232,#15812,#15813);
#13043=AXIS2_PLACEMENT_3D('',#19241,#15818,#15819);
#13044=AXIS2_PLACEMENT_3D('',#19247,#15823,#15824);
#13045=AXIS2_PLACEMENT_3D('',#19253,#15828,#15829);
#13046=AXIS2_PLACEMENT_3D('',#19259,#15833,#15834);
#13047=AXIS2_PLACEMENT_3D('',#19265,#15838,#15839);
#13048=AXIS2_PLACEMENT_3D('',#19268,#15842,#15843);
#13049=AXIS2_PLACEMENT_3D('',#19277,#15848,#15849);
#13050=AXIS2_PLACEMENT_3D('',#19283,#15853,#15854);
#13051=AXIS2_PLACEMENT_3D('',#19289,#15858,#15859);
#13052=AXIS2_PLACEMENT_3D('',#19295,#15863,#15864);
#13053=AXIS2_PLACEMENT_3D('',#19301,#15868,#15869);
#13054=AXIS2_PLACEMENT_3D('',#19304,#15872,#15873);
#13055=AXIS2_PLACEMENT_3D('',#19305,#15874,#15875);
#13056=AXIS2_PLACEMENT_3D('',#19307,#15876,#15877);
#13057=AXIS2_PLACEMENT_3D('',#19321,#15884,#15885);
#13058=AXIS2_PLACEMENT_3D('',#19323,#15886,#15887);
#13059=AXIS2_PLACEMENT_3D('',#19347,#15900,#15901);
#13060=AXIS2_PLACEMENT_3D('',#19348,#15902,#15903);
#13061=AXIS2_PLACEMENT_3D('',#19350,#15904,#15905);
#13062=AXIS2_PLACEMENT_3D('',#19352,#15906,#15907);
#13063=AXIS2_PLACEMENT_3D('',#19382,#15922,#15923);
#13064=AXIS2_PLACEMENT_3D('',#19384,#15924,#15925);
#13065=AXIS2_PLACEMENT_3D('',#19390,#15929,#15930);
#13066=AXIS2_PLACEMENT_3D('',#19393,#15933,#15934);
#13067=AXIS2_PLACEMENT_3D('',#19399,#15938,#15939);
#13068=AXIS2_PLACEMENT_3D('',#19402,#15942,#15943);
#13069=AXIS2_PLACEMENT_3D('',#19404,#15945,#15946);
#13070=AXIS2_PLACEMENT_3D('',#19405,#15947,#15948);
#13071=AXIS2_PLACEMENT_3D('',#19407,#15950,#15951);
#13072=AXIS2_PLACEMENT_3D('',#19413,#15955,#15956);
#13073=AXIS2_PLACEMENT_3D('',#19419,#15960,#15961);
#13074=AXIS2_PLACEMENT_3D('',#19423,#15963,#15964);
#13075=AXIS2_PLACEMENT_3D('',#19429,#15968,#15969);
#13076=AXIS2_PLACEMENT_3D('',#19430,#15970,#15971);
#13077=AXIS2_PLACEMENT_3D('',#19431,#15972,#15973);
#13078=AXIS2_PLACEMENT_3D('',#19433,#15974,#15975);
#13079=AXIS2_PLACEMENT_3D('',#19443,#15980,#15981);
#13080=AXIS2_PLACEMENT_3D('',#19449,#15985,#15986);
#13081=AXIS2_PLACEMENT_3D('',#19455,#15990,#15991);
#13082=AXIS2_PLACEMENT_3D('',#19457,#15993,#15994);
#13083=AXIS2_PLACEMENT_3D('',#19458,#15995,#15996);
#13084=AXIS2_PLACEMENT_3D('',#19459,#15997,#15998);
#13085=AXIS2_PLACEMENT_3D('',#19462,#16001,#16002);
#13086=AXIS2_PLACEMENT_3D('',#19464,#16004,#16005);
#13087=AXIS2_PLACEMENT_3D('',#19466,#16007,#16008);
#13088=AXIS2_PLACEMENT_3D('',#19467,#16009,#16010);
#13089=AXIS2_PLACEMENT_3D('',#19470,#16013,#16014);
#13090=AXIS2_PLACEMENT_3D('',#19472,#16016,#16017);
#13091=AXIS2_PLACEMENT_3D('',#19474,#16019,#16020);
#13092=AXIS2_PLACEMENT_3D('',#19476,#16022,#16023);
#13093=AXIS2_PLACEMENT_3D('',#19478,#16025,#16026);
#13094=AXIS2_PLACEMENT_3D('',#19479,#16027,#16028);
#13095=AXIS2_PLACEMENT_3D('',#19480,#16029,#16030);
#13096=AXIS2_PLACEMENT_3D('',#19481,#16031,#16032);
#13097=AXIS2_PLACEMENT_3D('',#19482,#16033,#16034);
#13098=AXIS2_PLACEMENT_3D('',#19483,#16035,#16036);
#13099=AXIS2_PLACEMENT_3D('',#19485,#16038,#16039);
#13100=AXIS2_PLACEMENT_3D('',#19486,#16040,#16041);
#13101=AXIS2_PLACEMENT_3D('',#19487,#16042,#16043);
#13102=DIRECTION('',(0.,0.,1.));
#13103=DIRECTION('',(1.,0.,0.));
#13104=DIRECTION('',(1.,0.,0.));
#13105=DIRECTION('',(0.,0.,-1.));
#13106=DIRECTION('',(0.,0.,-1.));
#13107=DIRECTION('',(0.,1.,0.));
#13108=DIRECTION('',(0.,0.,-1.));
#13109=DIRECTION('',(0.,1.,0.));
#13110=DIRECTION('',(0.,-1.,0.));
#13111=DIRECTION('',(1.,0.,0.));
#13112=DIRECTION('',(-0.707106781186548,0.,-0.707106781186548));
#13113=DIRECTION('',(0.707106781186548,0.,-0.707106781186548));
#13114=DIRECTION('',(-0.707106781186548,0.,0.707106781186548));
#13115=DIRECTION('',(0.,0.,-1.));
#13116=DIRECTION('',(0.7926239891046,0.,0.609710760849692));
#13117=DIRECTION('',(0.,0.,-1.));
#13118=DIRECTION('',(0.,-1.,0.));
#13119=DIRECTION('',(1.,0.,0.));
#13120=DIRECTION('',(0.707106781186548,0.,-0.707106781186548));
#13121=DIRECTION('',(-0.707106781186548,0.,-0.707106781186548));
#13122=DIRECTION('',(0.,0.,-1.));
#13123=DIRECTION('',(0.7926239891046,0.,0.609710760849692));
#13124=DIRECTION('',(0.,0.,-1.));
#13125=DIRECTION('',(-0.707106781186548,0.,0.707106781186548));
#13126=DIRECTION('',(1.,0.,0.));
#13127=DIRECTION('',(0.,0.,-1.));
#13128=DIRECTION('',(1.,0.,0.));
#13129=DIRECTION('',(0.,0.,-1.));
#13130=DIRECTION('',(1.,0.,0.));
#13131=DIRECTION('',(0.,0.,-1.));
#13132=DIRECTION('',(1.,0.,0.));
#13133=DIRECTION('',(0.,0.,-1.));
#13134=DIRECTION('',(1.,0.,0.));
#13135=DIRECTION('',(0.,0.,-1.));
#13136=DIRECTION('',(1.,0.,0.));
#13137=DIRECTION('',(0.,0.,-1.));
#13138=DIRECTION('',(1.,0.,0.));
#13139=DIRECTION('',(0.,0.,-1.));
#13140=DIRECTION('',(1.,0.,0.));
#13141=DIRECTION('',(0.,0.,-1.));
#13142=DIRECTION('',(1.,0.,0.));
#13143=DIRECTION('',(0.,0.,-1.));
#13144=DIRECTION('',(1.,0.,0.));
#13145=DIRECTION('',(0.,0.,-1.));
#13146=DIRECTION('',(0.,1.,0.));
#13147=DIRECTION('',(0.,1.,0.));
#13148=DIRECTION('',(0.707106781186548,0.,-0.707106781186547));
#13149=DIRECTION('',(-0.707106781186547,0.,-0.707106781186548));
#13150=DIRECTION('',(0.,-1.,0.));
#13151=DIRECTION('',(-0.707106781186547,0.,-0.707106781186548));
#13152=DIRECTION('',(0.,1.,0.));
#13153=DIRECTION('',(-0.707106781186547,0.,-0.707106781186548));
#13154=DIRECTION('',(0.,-1.,0.));
#13155=DIRECTION('',(0.707106781186548,0.,0.707106781186548));
#13156=DIRECTION('',(0.707106781186548,0.,-0.707106781186548));
#13157=DIRECTION('',(-0.703900512826931,0.0951216909225585,0.703900512826931));
#13158=DIRECTION('',(0.,1.,0.));
#13159=DIRECTION('',(0.703900512826931,0.0951216909225582,-0.703900512826931));
#13160=DIRECTION('',(-0.707106781186548,0.,-0.707106781186548));
#13161=DIRECTION('',(-0.707106781186548,0.,0.707106781186548));
#13162=DIRECTION('',(-0.707106781186548,0.,-0.707106781186548));
#13163=DIRECTION('',(-0.707106781186548,0.,0.707106781186548));
#13164=DIRECTION('',(-0.707106781186548,0.,-0.707106781186548));
#13165=DIRECTION('',(-0.707106781186548,0.,0.707106781186548));
#13166=DIRECTION('',(0.,1.,0.));
#13167=DIRECTION('',(1.,0.,0.));
#13168=DIRECTION('',(0.,0.,-1.));
#13169=DIRECTION('',(1.,0.,0.));
#13170=DIRECTION('',(0.,0.,-1.));
#13171=DIRECTION('',(1.,0.,0.));
#13172=DIRECTION('',(0.,0.,-1.));
#13173=DIRECTION('',(1.,0.,0.));
#13174=DIRECTION('',(0.,0.,-1.));
#13175=DIRECTION('',(1.,0.,0.));
#13176=DIRECTION('',(0.,0.,-1.));
#13177=DIRECTION('',(0.,1.,0.));
#13178=DIRECTION('',(-0.609710760849692,0.,0.7926239891046));
#13179=DIRECTION('',(0.7926239891046,0.,0.609710760849692));
#13180=DIRECTION('',(-0.609710760849692,0.,0.7926239891046));
#13181=DIRECTION('',(0.7926239891046,0.,0.609710760849692));
#13182=DIRECTION('',(-0.609710760849692,0.,0.7926239891046));
#13183=DIRECTION('',(0.7926239891046,0.,0.609710760849692));
#13184=DIRECTION('',(-0.609710760849692,0.,0.7926239891046));
#13185=DIRECTION('',(0.7926239891046,0.,0.609710760849692));
#13186=DIRECTION('',(-1.,0.,0.));
#13187=DIRECTION('',(0.,0.,1.));
#13188=DIRECTION('',(1.,0.,0.));
#13189=DIRECTION('',(0.,0.,-1.));
#13190=DIRECTION('',(1.,0.,0.));
#13191=DIRECTION('',(0.,1.,0.));
#13192=DIRECTION('',(-1.,0.,0.));
#13193=DIRECTION('',(0.,0.,1.));
#13194=DIRECTION('',(1.,0.,0.));
#13195=DIRECTION('',(0.,0.,-1.));
#13196=DIRECTION('',(1.,0.,0.));
#13197=DIRECTION('',(0.,1.,0.));
#13198=DIRECTION('',(-1.,0.,0.));
#13199=DIRECTION('',(0.,0.,1.));
#13200=DIRECTION('',(1.,0.,0.));
#13201=DIRECTION('',(0.,0.,-1.));
#13202=DIRECTION('',(1.,0.,0.));
#13203=DIRECTION('',(0.,1.,0.));
#13204=DIRECTION('',(-1.,0.,0.));
#13205=DIRECTION('',(0.,0.,1.));
#13206=DIRECTION('',(1.,0.,0.));
#13207=DIRECTION('',(0.,0.,-1.));
#13208=DIRECTION('',(1.,0.,0.));
#13209=DIRECTION('',(0.,1.,0.));
#13210=DIRECTION('',(-1.,0.,0.));
#13211=DIRECTION('',(0.,0.,1.));
#13212=DIRECTION('',(1.,0.,0.));
#13213=DIRECTION('',(0.,0.,-1.));
#13214=DIRECTION('',(1.,0.,0.));
#13215=DIRECTION('',(0.,1.,0.));
#13216=DIRECTION('',(-1.,0.,0.));
#13217=DIRECTION('',(0.,0.,1.));
#13218=DIRECTION('',(1.,0.,0.));
#13219=DIRECTION('',(0.,0.,-1.));
#13220=DIRECTION('',(1.,0.,0.));
#13221=DIRECTION('',(0.,1.,0.));
#13222=DIRECTION('',(-1.,0.,0.));
#13223=DIRECTION('',(0.,0.,1.));
#13224=DIRECTION('',(1.,0.,0.));
#13225=DIRECTION('',(0.,0.,-1.));
#13226=DIRECTION('',(1.,0.,0.));
#13227=DIRECTION('',(0.,1.,0.));
#13228=DIRECTION('',(-1.,0.,0.));
#13229=DIRECTION('',(0.,0.,1.));
#13230=DIRECTION('',(1.,0.,0.));
#13231=DIRECTION('',(0.,0.,-1.));
#13232=DIRECTION('',(1.,0.,0.));
#13233=DIRECTION('',(0.,1.,0.));
#13234=DIRECTION('',(-1.,0.,0.));
#13235=DIRECTION('',(0.,0.,1.));
#13236=DIRECTION('',(1.,0.,0.));
#13237=DIRECTION('',(0.,0.,-1.));
#13238=DIRECTION('',(1.,0.,0.));
#13239=DIRECTION('',(0.,1.,0.));
#13240=DIRECTION('',(-0.609710760849692,0.,0.7926239891046));
#13241=DIRECTION('',(0.7926239891046,0.,0.609710760849692));
#13242=DIRECTION('',(0.609710760849692,0.,-0.7926239891046));
#13243=DIRECTION('',(-0.7926239891046,0.,-0.609710760849692));
#13244=DIRECTION('',(0.609710760849692,0.,-0.7926239891046));
#13245=DIRECTION('',(0.7926239891046,0.,0.609710760849692));
#13246=DIRECTION('',(-0.609710760849692,0.,0.7926239891046));
#13247=DIRECTION('',(0.7926239891046,0.,0.609710760849692));
#13248=DIRECTION('',(0.609710760849692,0.,-0.7926239891046));
#13249=DIRECTION('',(-0.7926239891046,0.,-0.609710760849692));
#13250=DIRECTION('',(0.609710760849692,0.,-0.7926239891046));
#13251=DIRECTION('',(0.7926239891046,0.,0.609710760849692));
#13252=DIRECTION('',(-0.609710760849692,0.,0.7926239891046));
#13253=DIRECTION('',(0.7926239891046,0.,0.609710760849692));
#13254=DIRECTION('',(0.609710760849692,0.,-0.7926239891046));
#13255=DIRECTION('',(-0.7926239891046,0.,-0.609710760849692));
#13256=DIRECTION('',(0.609710760849692,0.,-0.7926239891046));
#13257=DIRECTION('',(0.7926239891046,0.,0.609710760849692));
#13258=DIRECTION('',(-1.,0.,0.));
#13259=DIRECTION('',(0.,0.,1.));
#13260=DIRECTION('',(1.,0.,0.));
#13261=DIRECTION('',(0.,0.,-1.));
#13262=DIRECTION('',(1.,0.,0.));
#13263=DIRECTION('',(0.,1.,0.));
#13264=DIRECTION('',(-1.,0.,0.));
#13265=DIRECTION('',(0.,0.,1.));
#13266=DIRECTION('',(1.,0.,0.));
#13267=DIRECTION('',(0.,0.,-1.));
#13268=DIRECTION('',(1.,0.,0.));
#13269=DIRECTION('',(0.,1.,0.));
#13270=DIRECTION('',(-1.,0.,0.));
#13271=DIRECTION('',(0.,0.,1.));
#13272=DIRECTION('',(1.,0.,0.));
#13273=DIRECTION('',(0.,0.,-1.));
#13274=DIRECTION('',(1.,0.,0.));
#13275=DIRECTION('',(0.,1.,0.));
#13276=DIRECTION('',(-1.,0.,0.));
#13277=DIRECTION('',(0.,0.,1.));
#13278=DIRECTION('',(1.,0.,0.));
#13279=DIRECTION('',(0.,0.,-1.));
#13280=DIRECTION('',(1.,0.,0.));
#13281=DIRECTION('',(0.,1.,0.));
#13282=DIRECTION('',(-0.707106781186548,0.,-0.707106781186548));
#13283=DIRECTION('',(-0.707106781186548,0.,0.707106781186548));
#13284=DIRECTION('',(0.707106781186548,0.,0.707106781186548));
#13285=DIRECTION('',(0.707106781186548,0.,-0.707106781186548));
#13286=DIRECTION('',(0.707106781186548,0.,0.707106781186548));
#13287=DIRECTION('',(0.,1.,0.));
#13288=DIRECTION('',(-0.707106781186548,0.,-0.707106781186548));
#13289=DIRECTION('',(-0.707106781186548,0.,0.707106781186548));
#13290=DIRECTION('',(0.707106781186548,0.,0.707106781186548));
#13291=DIRECTION('',(0.707106781186548,0.,-0.707106781186548));
#13292=DIRECTION('',(0.707106781186548,0.,0.707106781186548));
#13293=DIRECTION('',(0.,1.,0.));
#13294=DIRECTION('',(-0.0672611926892719,-0.995465651801223,0.0672611926892719));
#13295=DIRECTION('',(0.997725098286392,-0.0674138579923239,0.));
#13296=DIRECTION('',(-0.703900512826931,0.0951216909225585,0.703900512826931));
#13297=DIRECTION('',(-0.707106781186547,0.,-0.707106781186548));
#13298=DIRECTION('',(-0.707106781186548,0.,0.707106781186547));
#13299=DIRECTION('',(0.707106781186548,0.,0.707106781186548));
#13300=DIRECTION('',(0.,1.,0.));
#13301=DIRECTION('',(-0.707106781186547,0.,-0.707106781186548));
#13302=DIRECTION('',(-0.0672611926892718,0.995465651801223,0.0672611926892718));
#13303=DIRECTION('',(-0.997725098286392,-0.0674138579923238,0.));
#13304=DIRECTION('',(0.703900512826931,0.0951216909225582,-0.703900512826931));
#13305=DIRECTION('',(-0.707106781186548,0.,-0.707106781186548));
#13306=DIRECTION('',(0.,-1.,0.));
#13307=DIRECTION('',(0.,0.,1.));
#13308=DIRECTION('',(1.,0.,0.));
#13309=DIRECTION('',(0.,0.,1.));
#13310=DIRECTION('',(1.,0.,0.));
#13311=DIRECTION('',(1.,0.,0.));
#13312=DIRECTION('',(0.,-1.,0.));
#13313=DIRECTION('',(-1.,0.,0.));
#13314=DIRECTION('',(0.,1.,0.));
#13315=DIRECTION('',(0.,-0.5,0.866025403784439));
#13316=DIRECTION('',(0.,-0.866025403784439,-0.5));
#13317=DIRECTION('',(1.,0.,0.));
#13318=DIRECTION('',(0.,-0.866025403784439,-0.5));
#13319=DIRECTION('',(1.,0.,0.));
#13320=DIRECTION('',(0.,-0.866025403784439,-0.5));
#13321=DIRECTION('',(0.,-1.,0.));
#13322=DIRECTION('',(0.,0.,-1.));
#13323=DIRECTION('',(0.,0.,-1.));
#13324=DIRECTION('',(1.,0.,0.));
#13325=DIRECTION('',(0.,0.,-1.));
#13326=DIRECTION('',(0.,-0.5,-0.866025403784438));
#13327=DIRECTION('',(0.,0.866025403784438,-0.5));
#13328=DIRECTION('',(0.,0.866025403784438,-0.5));
#13329=DIRECTION('',(1.,0.,0.));
#13330=DIRECTION('',(0.,0.866025403784438,-0.5));
#13331=DIRECTION('',(0.,0.5,-0.866025403784439));
#13332=DIRECTION('',(0.,0.866025403784439,0.5));
#13333=DIRECTION('',(0.,0.866025403784439,0.5));
#13334=DIRECTION('',(1.,0.,0.));
#13335=DIRECTION('',(0.,0.866025403784439,0.5));
#13336=DIRECTION('',(0.,1.,0.));
#13337=DIRECTION('',(0.,0.,1.));
#13338=DIRECTION('',(0.,0.,1.));
#13339=DIRECTION('',(1.,0.,0.));
#13340=DIRECTION('',(0.,0.,1.));
#13341=DIRECTION('',(0.,0.5,0.866025403784439));
#13342=DIRECTION('',(0.,-0.866025403784439,0.5));
#13343=DIRECTION('',(0.,-0.866025403784439,0.5));
#13344=DIRECTION('',(0.,-0.866025403784439,0.5));
#13345=DIRECTION('',(0.,-0.5,0.866025403784439));
#13346=DIRECTION('',(0.,-0.866025403784439,-0.5));
#13347=DIRECTION('',(1.,0.,0.));
#13348=DIRECTION('',(0.,-0.866025403784439,-0.5));
#13349=DIRECTION('',(1.,0.,0.));
#13350=DIRECTION('',(0.,-0.866025403784439,-0.5));
#13351=DIRECTION('',(0.,-1.,0.));
#13352=DIRECTION('',(0.,0.,-1.));
#13353=DIRECTION('',(0.,0.,-1.));
#13354=DIRECTION('',(1.,0.,0.));
#13355=DIRECTION('',(0.,0.,-1.));
#13356=DIRECTION('',(0.,-0.5,-0.866025403784438));
#13357=DIRECTION('',(0.,0.866025403784438,-0.5));
#13358=DIRECTION('',(0.,0.866025403784438,-0.5));
#13359=DIRECTION('',(1.,0.,0.));
#13360=DIRECTION('',(0.,0.866025403784438,-0.5));
#13361=DIRECTION('',(0.,0.5,-0.866025403784439));
#13362=DIRECTION('',(0.,0.866025403784439,0.5));
#13363=DIRECTION('',(0.,0.866025403784439,0.5));
#13364=DIRECTION('',(1.,0.,0.));
#13365=DIRECTION('',(0.,0.866025403784439,0.5));
#13366=DIRECTION('',(0.,1.,0.));
#13367=DIRECTION('',(0.,0.,1.));
#13368=DIRECTION('',(0.,0.,1.));
#13369=DIRECTION('',(1.,0.,0.));
#13370=DIRECTION('',(0.,0.,1.));
#13371=DIRECTION('',(0.,0.5,0.866025403784439));
#13372=DIRECTION('',(0.,-0.866025403784439,0.5));
#13373=DIRECTION('',(0.,-0.866025403784439,0.5));
#13374=DIRECTION('',(0.,-0.866025403784439,0.5));
#13375=DIRECTION('',(0.,-0.5,0.866025403784439));
#13376=DIRECTION('',(0.,-0.866025403784439,-0.5));
#13377=DIRECTION('',(1.,0.,0.));
#13378=DIRECTION('',(0.,-0.866025403784439,-0.5));
#13379=DIRECTION('',(1.,0.,0.));
#13380=DIRECTION('',(0.,-0.866025403784439,-0.5));
#13381=DIRECTION('',(0.,-1.,0.));
#13382=DIRECTION('',(0.,0.,-1.));
#13383=DIRECTION('',(0.,0.,-1.));
#13384=DIRECTION('',(1.,0.,0.));
#13385=DIRECTION('',(0.,0.,-1.));
#13386=DIRECTION('',(0.,-0.5,-0.866025403784438));
#13387=DIRECTION('',(0.,0.866025403784438,-0.5));
#13388=DIRECTION('',(0.,0.866025403784438,-0.5));
#13389=DIRECTION('',(1.,0.,0.));
#13390=DIRECTION('',(0.,0.866025403784438,-0.5));
#13391=DIRECTION('',(0.,0.5,-0.866025403784439));
#13392=DIRECTION('',(0.,0.866025403784439,0.5));
#13393=DIRECTION('',(0.,0.866025403784439,0.5));
#13394=DIRECTION('',(1.,0.,0.));
#13395=DIRECTION('',(0.,0.866025403784439,0.5));
#13396=DIRECTION('',(0.,1.,0.));
#13397=DIRECTION('',(0.,0.,1.));
#13398=DIRECTION('',(0.,0.,1.));
#13399=DIRECTION('',(1.,0.,0.));
#13400=DIRECTION('',(0.,0.,1.));
#13401=DIRECTION('',(0.,0.5,0.866025403784439));
#13402=DIRECTION('',(0.,-0.866025403784439,0.5));
#13403=DIRECTION('',(0.,-0.866025403784439,0.5));
#13404=DIRECTION('',(0.,-0.866025403784439,0.5));
#13405=DIRECTION('',(0.,-0.5,0.866025403784439));
#13406=DIRECTION('',(0.,-0.866025403784439,-0.5));
#13407=DIRECTION('',(1.,0.,0.));
#13408=DIRECTION('',(0.,-0.866025403784439,-0.5));
#13409=DIRECTION('',(1.,0.,0.));
#13410=DIRECTION('',(0.,-0.866025403784439,-0.5));
#13411=DIRECTION('',(0.,-1.,0.));
#13412=DIRECTION('',(0.,0.,-1.));
#13413=DIRECTION('',(0.,0.,-1.));
#13414=DIRECTION('',(1.,0.,0.));
#13415=DIRECTION('',(0.,0.,-1.));
#13416=DIRECTION('',(0.,-0.5,-0.866025403784438));
#13417=DIRECTION('',(0.,0.866025403784438,-0.5));
#13418=DIRECTION('',(0.,0.866025403784438,-0.5));
#13419=DIRECTION('',(1.,0.,0.));
#13420=DIRECTION('',(0.,0.866025403784438,-0.5));
#13421=DIRECTION('',(0.,0.5,-0.866025403784439));
#13422=DIRECTION('',(0.,0.866025403784439,0.5));
#13423=DIRECTION('',(0.,0.866025403784439,0.5));
#13424=DIRECTION('',(1.,0.,0.));
#13425=DIRECTION('',(0.,0.866025403784439,0.5));
#13426=DIRECTION('',(0.,1.,0.));
#13427=DIRECTION('',(0.,0.,1.));
#13428=DIRECTION('',(0.,0.,1.));
#13429=DIRECTION('',(1.,0.,0.));
#13430=DIRECTION('',(0.,0.,1.));
#13431=DIRECTION('',(0.,0.5,0.866025403784439));
#13432=DIRECTION('',(0.,-0.866025403784439,0.5));
#13433=DIRECTION('',(0.,-0.866025403784439,0.5));
#13434=DIRECTION('',(0.,-0.866025403784439,0.5));
#13435=DIRECTION('',(0.,-0.5,0.866025403784439));
#13436=DIRECTION('',(0.,-0.866025403784439,-0.5));
#13437=DIRECTION('',(1.,0.,0.));
#13438=DIRECTION('',(0.,-0.866025403784439,-0.5));
#13439=DIRECTION('',(1.,0.,0.));
#13440=DIRECTION('',(0.,-0.866025403784439,-0.5));
#13441=DIRECTION('',(0.,-1.,0.));
#13442=DIRECTION('',(0.,0.,-1.));
#13443=DIRECTION('',(0.,0.,-1.));
#13444=DIRECTION('',(1.,0.,0.));
#13445=DIRECTION('',(0.,0.,-1.));
#13446=DIRECTION('',(0.,-0.5,-0.866025403784438));
#13447=DIRECTION('',(0.,0.866025403784438,-0.5));
#13448=DIRECTION('',(0.,0.866025403784438,-0.5));
#13449=DIRECTION('',(1.,0.,0.));
#13450=DIRECTION('',(0.,0.866025403784438,-0.5));
#13451=DIRECTION('',(0.,0.5,-0.866025403784439));
#13452=DIRECTION('',(0.,0.866025403784439,0.5));
#13453=DIRECTION('',(0.,0.866025403784439,0.5));
#13454=DIRECTION('',(1.,0.,0.));
#13455=DIRECTION('',(0.,0.866025403784439,0.5));
#13456=DIRECTION('',(0.,1.,0.));
#13457=DIRECTION('',(0.,0.,1.));
#13458=DIRECTION('',(0.,0.,1.));
#13459=DIRECTION('',(1.,0.,0.));
#13460=DIRECTION('',(0.,0.,1.));
#13461=DIRECTION('',(0.,0.5,0.866025403784439));
#13462=DIRECTION('',(0.,-0.866025403784439,0.5));
#13463=DIRECTION('',(0.,-0.866025403784439,0.5));
#13464=DIRECTION('',(0.,-0.866025403784439,0.5));
#13465=DIRECTION('',(0.,-0.5,0.866025403784439));
#13466=DIRECTION('',(0.,-0.866025403784439,-0.5));
#13467=DIRECTION('',(1.,0.,0.));
#13468=DIRECTION('',(0.,-0.866025403784439,-0.5));
#13469=DIRECTION('',(1.,0.,0.));
#13470=DIRECTION('',(0.,-0.866025403784439,-0.5));
#13471=DIRECTION('',(0.,-1.,0.));
#13472=DIRECTION('',(0.,0.,-1.));
#13473=DIRECTION('',(0.,0.,-1.));
#13474=DIRECTION('',(1.,0.,0.));
#13475=DIRECTION('',(0.,0.,-1.));
#13476=DIRECTION('',(0.,-0.5,-0.866025403784438));
#13477=DIRECTION('',(0.,0.866025403784438,-0.5));
#13478=DIRECTION('',(0.,0.866025403784438,-0.5));
#13479=DIRECTION('',(1.,0.,0.));
#13480=DIRECTION('',(0.,0.866025403784438,-0.5));
#13481=DIRECTION('',(0.,0.5,-0.866025403784439));
#13482=DIRECTION('',(0.,0.866025403784439,0.5));
#13483=DIRECTION('',(0.,0.866025403784439,0.5));
#13484=DIRECTION('',(1.,0.,0.));
#13485=DIRECTION('',(0.,0.866025403784439,0.5));
#13486=DIRECTION('',(0.,1.,0.));
#13487=DIRECTION('',(0.,0.,1.));
#13488=DIRECTION('',(0.,0.,1.));
#13489=DIRECTION('',(1.,0.,0.));
#13490=DIRECTION('',(0.,0.,1.));
#13491=DIRECTION('',(0.,0.5,0.866025403784439));
#13492=DIRECTION('',(0.,-0.866025403784439,0.5));
#13493=DIRECTION('',(0.,-0.866025403784439,0.5));
#13494=DIRECTION('',(0.,-0.866025403784439,0.5));
#13495=DIRECTION('',(0.,-0.5,0.866025403784439));
#13496=DIRECTION('',(0.,-0.866025403784439,-0.5));
#13497=DIRECTION('',(1.,0.,0.));
#13498=DIRECTION('',(0.,-0.866025403784439,-0.5));
#13499=DIRECTION('',(1.,0.,0.));
#13500=DIRECTION('',(0.,-0.866025403784439,-0.5));
#13501=DIRECTION('',(0.,-1.,0.));
#13502=DIRECTION('',(0.,0.,-1.));
#13503=DIRECTION('',(0.,0.,-1.));
#13504=DIRECTION('',(1.,0.,0.));
#13505=DIRECTION('',(0.,0.,-1.));
#13506=DIRECTION('',(0.,-0.5,-0.866025403784438));
#13507=DIRECTION('',(0.,0.866025403784438,-0.5));
#13508=DIRECTION('',(0.,0.866025403784438,-0.5));
#13509=DIRECTION('',(1.,0.,0.));
#13510=DIRECTION('',(0.,0.866025403784438,-0.5));
#13511=DIRECTION('',(0.,0.5,-0.866025403784439));
#13512=DIRECTION('',(0.,0.866025403784439,0.5));
#13513=DIRECTION('',(0.,0.866025403784439,0.5));
#13514=DIRECTION('',(1.,0.,0.));
#13515=DIRECTION('',(0.,0.866025403784439,0.5));
#13516=DIRECTION('',(0.,1.,0.));
#13517=DIRECTION('',(0.,0.,1.));
#13518=DIRECTION('',(0.,0.,1.));
#13519=DIRECTION('',(1.,0.,0.));
#13520=DIRECTION('',(0.,0.,1.));
#13521=DIRECTION('',(0.,0.5,0.866025403784439));
#13522=DIRECTION('',(0.,-0.866025403784439,0.5));
#13523=DIRECTION('',(0.,-0.866025403784439,0.5));
#13524=DIRECTION('',(0.,-0.866025403784439,0.5));
#13525=DIRECTION('',(0.,-0.5,0.866025403784439));
#13526=DIRECTION('',(0.,-0.866025403784439,-0.5));
#13527=DIRECTION('',(1.,0.,0.));
#13528=DIRECTION('',(0.,-0.866025403784439,-0.5));
#13529=DIRECTION('',(1.,0.,0.));
#13530=DIRECTION('',(0.,-0.866025403784439,-0.5));
#13531=DIRECTION('',(0.,-1.,0.));
#13532=DIRECTION('',(0.,0.,-1.));
#13533=DIRECTION('',(0.,0.,-1.));
#13534=DIRECTION('',(1.,0.,0.));
#13535=DIRECTION('',(0.,0.,-1.));
#13536=DIRECTION('',(0.,-0.5,-0.866025403784438));
#13537=DIRECTION('',(0.,0.866025403784438,-0.5));
#13538=DIRECTION('',(0.,0.866025403784438,-0.5));
#13539=DIRECTION('',(1.,0.,0.));
#13540=DIRECTION('',(0.,0.866025403784438,-0.5));
#13541=DIRECTION('',(0.,0.5,-0.866025403784439));
#13542=DIRECTION('',(0.,0.866025403784439,0.5));
#13543=DIRECTION('',(0.,0.866025403784439,0.5));
#13544=DIRECTION('',(1.,0.,0.));
#13545=DIRECTION('',(0.,0.866025403784439,0.5));
#13546=DIRECTION('',(0.,1.,0.));
#13547=DIRECTION('',(0.,0.,1.));
#13548=DIRECTION('',(0.,0.,1.));
#13549=DIRECTION('',(1.,0.,0.));
#13550=DIRECTION('',(0.,0.,1.));
#13551=DIRECTION('',(0.,0.5,0.866025403784439));
#13552=DIRECTION('',(0.,-0.866025403784439,0.5));
#13553=DIRECTION('',(0.,-0.866025403784439,0.5));
#13554=DIRECTION('',(0.,-0.866025403784439,0.5));
#13555=DIRECTION('',(0.,-0.5,0.866025403784439));
#13556=DIRECTION('',(0.,-0.866025403784439,-0.5));
#13557=DIRECTION('',(1.,0.,0.));
#13558=DIRECTION('',(0.,-0.866025403784439,-0.5));
#13559=DIRECTION('',(1.,0.,0.));
#13560=DIRECTION('',(0.,-0.866025403784439,-0.5));
#13561=DIRECTION('',(0.,-1.,0.));
#13562=DIRECTION('',(0.,0.,-1.));
#13563=DIRECTION('',(0.,0.,-1.));
#13564=DIRECTION('',(1.,0.,0.));
#13565=DIRECTION('',(0.,0.,-1.));
#13566=DIRECTION('',(0.,-0.5,-0.866025403784438));
#13567=DIRECTION('',(0.,0.866025403784438,-0.5));
#13568=DIRECTION('',(0.,0.866025403784438,-0.5));
#13569=DIRECTION('',(1.,0.,0.));
#13570=DIRECTION('',(0.,0.866025403784438,-0.5));
#13571=DIRECTION('',(0.,0.5,-0.866025403784439));
#13572=DIRECTION('',(0.,0.866025403784439,0.5));
#13573=DIRECTION('',(0.,0.866025403784439,0.5));
#13574=DIRECTION('',(1.,0.,0.));
#13575=DIRECTION('',(0.,0.866025403784439,0.5));
#13576=DIRECTION('',(0.,1.,0.));
#13577=DIRECTION('',(0.,0.,1.));
#13578=DIRECTION('',(0.,0.,1.));
#13579=DIRECTION('',(1.,0.,0.));
#13580=DIRECTION('',(0.,0.,1.));
#13581=DIRECTION('',(0.,0.5,0.866025403784439));
#13582=DIRECTION('',(0.,-0.866025403784439,0.5));
#13583=DIRECTION('',(0.,-0.866025403784439,0.5));
#13584=DIRECTION('',(0.,-0.866025403784439,0.5));
#13585=DIRECTION('',(0.,-0.5,0.866025403784439));
#13586=DIRECTION('',(0.,-0.866025403784439,-0.5));
#13587=DIRECTION('',(1.,0.,0.));
#13588=DIRECTION('',(0.,-0.866025403784439,-0.5));
#13589=DIRECTION('',(1.,0.,0.));
#13590=DIRECTION('',(0.,-0.866025403784439,-0.5));
#13591=DIRECTION('',(0.,-1.,0.));
#13592=DIRECTION('',(0.,0.,-1.));
#13593=DIRECTION('',(0.,0.,-1.));
#13594=DIRECTION('',(1.,0.,0.));
#13595=DIRECTION('',(0.,0.,-1.));
#13596=DIRECTION('',(0.,-0.5,-0.866025403784438));
#13597=DIRECTION('',(0.,0.866025403784438,-0.5));
#13598=DIRECTION('',(0.,0.866025403784438,-0.5));
#13599=DIRECTION('',(1.,0.,0.));
#13600=DIRECTION('',(0.,0.866025403784438,-0.5));
#13601=DIRECTION('',(0.,0.5,-0.866025403784439));
#13602=DIRECTION('',(0.,0.866025403784439,0.5));
#13603=DIRECTION('',(0.,0.866025403784439,0.5));
#13604=DIRECTION('',(1.,0.,0.));
#13605=DIRECTION('',(0.,0.866025403784439,0.5));
#13606=DIRECTION('',(0.,1.,0.));
#13607=DIRECTION('',(0.,0.,1.));
#13608=DIRECTION('',(0.,0.,1.));
#13609=DIRECTION('',(1.,0.,0.));
#13610=DIRECTION('',(0.,0.,1.));
#13611=DIRECTION('',(0.,0.5,0.866025403784439));
#13612=DIRECTION('',(0.,-0.866025403784439,0.5));
#13613=DIRECTION('',(0.,-0.866025403784439,0.5));
#13614=DIRECTION('',(0.,-0.866025403784439,0.5));
#13615=DIRECTION('',(0.,-0.5,0.866025403784439));
#13616=DIRECTION('',(0.,-0.866025403784439,-0.5));
#13617=DIRECTION('',(1.,0.,0.));
#13618=DIRECTION('',(0.,-0.866025403784439,-0.5));
#13619=DIRECTION('',(1.,0.,0.));
#13620=DIRECTION('',(0.,-0.866025403784439,-0.5));
#13621=DIRECTION('',(0.,-1.,0.));
#13622=DIRECTION('',(0.,0.,-1.));
#13623=DIRECTION('',(0.,0.,-1.));
#13624=DIRECTION('',(1.,0.,0.));
#13625=DIRECTION('',(0.,0.,-1.));
#13626=DIRECTION('',(0.,-0.5,-0.866025403784438));
#13627=DIRECTION('',(0.,0.866025403784438,-0.5));
#13628=DIRECTION('',(0.,0.866025403784438,-0.5));
#13629=DIRECTION('',(1.,0.,0.));
#13630=DIRECTION('',(0.,0.866025403784438,-0.5));
#13631=DIRECTION('',(0.,0.5,-0.866025403784439));
#13632=DIRECTION('',(0.,0.866025403784439,0.5));
#13633=DIRECTION('',(0.,0.866025403784439,0.5));
#13634=DIRECTION('',(1.,0.,0.));
#13635=DIRECTION('',(0.,0.866025403784439,0.5));
#13636=DIRECTION('',(0.,1.,0.));
#13637=DIRECTION('',(0.,0.,1.));
#13638=DIRECTION('',(0.,0.,1.));
#13639=DIRECTION('',(1.,0.,0.));
#13640=DIRECTION('',(0.,0.,1.));
#13641=DIRECTION('',(0.,0.5,0.866025403784439));
#13642=DIRECTION('',(0.,-0.866025403784439,0.5));
#13643=DIRECTION('',(0.,-0.866025403784439,0.5));
#13644=DIRECTION('',(0.,-0.866025403784439,0.5));
#13645=DIRECTION('',(0.,-0.5,0.866025403784439));
#13646=DIRECTION('',(0.,-0.866025403784439,-0.5));
#13647=DIRECTION('',(1.,0.,0.));
#13648=DIRECTION('',(0.,-0.866025403784439,-0.5));
#13649=DIRECTION('',(1.,0.,0.));
#13650=DIRECTION('',(0.,-0.866025403784439,-0.5));
#13651=DIRECTION('',(0.,-1.,0.));
#13652=DIRECTION('',(0.,0.,-1.));
#13653=DIRECTION('',(0.,0.,-1.));
#13654=DIRECTION('',(1.,0.,0.));
#13655=DIRECTION('',(0.,0.,-1.));
#13656=DIRECTION('',(0.,-0.5,-0.866025403784438));
#13657=DIRECTION('',(0.,0.866025403784438,-0.5));
#13658=DIRECTION('',(0.,0.866025403784438,-0.5));
#13659=DIRECTION('',(1.,0.,0.));
#13660=DIRECTION('',(0.,0.866025403784438,-0.5));
#13661=DIRECTION('',(0.,0.5,-0.866025403784439));
#13662=DIRECTION('',(0.,0.866025403784439,0.5));
#13663=DIRECTION('',(0.,0.866025403784439,0.5));
#13664=DIRECTION('',(1.,0.,0.));
#13665=DIRECTION('',(0.,0.866025403784439,0.5));
#13666=DIRECTION('',(0.,1.,0.));
#13667=DIRECTION('',(0.,0.,1.));
#13668=DIRECTION('',(0.,0.,1.));
#13669=DIRECTION('',(1.,0.,0.));
#13670=DIRECTION('',(0.,0.,1.));
#13671=DIRECTION('',(0.,0.5,0.866025403784439));
#13672=DIRECTION('',(0.,-0.866025403784439,0.5));
#13673=DIRECTION('',(0.,-0.866025403784439,0.5));
#13674=DIRECTION('',(0.,-0.866025403784439,0.5));
#13675=DIRECTION('',(0.,-0.5,0.866025403784439));
#13676=DIRECTION('',(0.,-0.866025403784439,-0.5));
#13677=DIRECTION('',(1.,0.,0.));
#13678=DIRECTION('',(0.,-0.866025403784439,-0.5));
#13679=DIRECTION('',(1.,0.,0.));
#13680=DIRECTION('',(0.,-0.866025403784439,-0.5));
#13681=DIRECTION('',(0.,-1.,0.));
#13682=DIRECTION('',(0.,0.,-1.));
#13683=DIRECTION('',(0.,0.,-1.));
#13684=DIRECTION('',(1.,0.,0.));
#13685=DIRECTION('',(0.,0.,-1.));
#13686=DIRECTION('',(0.,-0.5,-0.866025403784438));
#13687=DIRECTION('',(0.,0.866025403784438,-0.5));
#13688=DIRECTION('',(0.,0.866025403784438,-0.5));
#13689=DIRECTION('',(1.,0.,0.));
#13690=DIRECTION('',(0.,0.866025403784438,-0.5));
#13691=DIRECTION('',(0.,0.5,-0.866025403784439));
#13692=DIRECTION('',(0.,0.866025403784439,0.5));
#13693=DIRECTION('',(0.,0.866025403784439,0.5));
#13694=DIRECTION('',(1.,0.,0.));
#13695=DIRECTION('',(0.,0.866025403784439,0.5));
#13696=DIRECTION('',(0.,1.,0.));
#13697=DIRECTION('',(0.,0.,1.));
#13698=DIRECTION('',(0.,0.,1.));
#13699=DIRECTION('',(1.,0.,0.));
#13700=DIRECTION('',(0.,0.,1.));
#13701=DIRECTION('',(0.,0.5,0.866025403784439));
#13702=DIRECTION('',(0.,-0.866025403784439,0.5));
#13703=DIRECTION('',(0.,-0.866025403784439,0.5));
#13704=DIRECTION('',(0.,-0.866025403784439,0.5));
#13705=DIRECTION('',(0.,-0.5,0.866025403784439));
#13706=DIRECTION('',(0.,-0.866025403784439,-0.5));
#13707=DIRECTION('',(1.,0.,0.));
#13708=DIRECTION('',(0.,-0.866025403784439,-0.5));
#13709=DIRECTION('',(1.,0.,0.));
#13710=DIRECTION('',(0.,-0.866025403784439,-0.5));
#13711=DIRECTION('',(0.,-1.,0.));
#13712=DIRECTION('',(0.,0.,-1.));
#13713=DIRECTION('',(0.,0.,-1.));
#13714=DIRECTION('',(1.,0.,0.));
#13715=DIRECTION('',(0.,0.,-1.));
#13716=DIRECTION('',(0.,-0.5,-0.866025403784438));
#13717=DIRECTION('',(0.,0.866025403784438,-0.5));
#13718=DIRECTION('',(0.,0.866025403784438,-0.5));
#13719=DIRECTION('',(1.,0.,0.));
#13720=DIRECTION('',(0.,0.866025403784438,-0.5));
#13721=DIRECTION('',(0.,0.5,-0.866025403784439));
#13722=DIRECTION('',(0.,0.866025403784439,0.5));
#13723=DIRECTION('',(0.,0.866025403784439,0.5));
#13724=DIRECTION('',(1.,0.,0.));
#13725=DIRECTION('',(0.,0.866025403784439,0.5));
#13726=DIRECTION('',(0.,1.,0.));
#13727=DIRECTION('',(0.,0.,1.));
#13728=DIRECTION('',(0.,0.,1.));
#13729=DIRECTION('',(1.,0.,0.));
#13730=DIRECTION('',(0.,0.,1.));
#13731=DIRECTION('',(0.,0.5,0.866025403784439));
#13732=DIRECTION('',(0.,-0.866025403784439,0.5));
#13733=DIRECTION('',(0.,-0.866025403784439,0.5));
#13734=DIRECTION('',(0.,-0.866025403784439,0.5));
#13735=DIRECTION('',(0.,-0.5,0.866025403784439));
#13736=DIRECTION('',(0.,-0.866025403784439,-0.5));
#13737=DIRECTION('',(1.,0.,0.));
#13738=DIRECTION('',(0.,-0.866025403784439,-0.5));
#13739=DIRECTION('',(1.,0.,0.));
#13740=DIRECTION('',(0.,-0.866025403784439,-0.5));
#13741=DIRECTION('',(0.,-1.,0.));
#13742=DIRECTION('',(0.,0.,-1.));
#13743=DIRECTION('',(0.,0.,-1.));
#13744=DIRECTION('',(1.,0.,0.));
#13745=DIRECTION('',(0.,0.,-1.));
#13746=DIRECTION('',(0.,-0.5,-0.866025403784438));
#13747=DIRECTION('',(0.,0.866025403784438,-0.5));
#13748=DIRECTION('',(0.,0.866025403784438,-0.5));
#13749=DIRECTION('',(1.,0.,0.));
#13750=DIRECTION('',(0.,0.866025403784438,-0.5));
#13751=DIRECTION('',(0.,0.5,-0.866025403784439));
#13752=DIRECTION('',(0.,0.866025403784439,0.5));
#13753=DIRECTION('',(0.,0.866025403784439,0.5));
#13754=DIRECTION('',(1.,0.,0.));
#13755=DIRECTION('',(0.,0.866025403784439,0.5));
#13756=DIRECTION('',(0.,1.,0.));
#13757=DIRECTION('',(0.,0.,1.));
#13758=DIRECTION('',(0.,0.,1.));
#13759=DIRECTION('',(1.,0.,0.));
#13760=DIRECTION('',(0.,0.,1.));
#13761=DIRECTION('',(0.,0.5,0.866025403784439));
#13762=DIRECTION('',(0.,-0.866025403784439,0.5));
#13763=DIRECTION('',(0.,-0.866025403784439,0.5));
#13764=DIRECTION('',(0.,-0.866025403784439,0.5));
#13765=DIRECTION('',(0.,-0.5,0.866025403784439));
#13766=DIRECTION('',(0.,-0.866025403784439,-0.5));
#13767=DIRECTION('',(1.,0.,0.));
#13768=DIRECTION('',(0.,-0.866025403784439,-0.5));
#13769=DIRECTION('',(1.,0.,0.));
#13770=DIRECTION('',(0.,-0.866025403784439,-0.5));
#13771=DIRECTION('',(0.,-1.,0.));
#13772=DIRECTION('',(0.,0.,-1.));
#13773=DIRECTION('',(0.,0.,-1.));
#13774=DIRECTION('',(1.,0.,0.));
#13775=DIRECTION('',(0.,0.,-1.));
#13776=DIRECTION('',(0.,-0.5,-0.866025403784438));
#13777=DIRECTION('',(0.,0.866025403784438,-0.5));
#13778=DIRECTION('',(0.,0.866025403784438,-0.5));
#13779=DIRECTION('',(1.,0.,0.));
#13780=DIRECTION('',(0.,0.866025403784438,-0.5));
#13781=DIRECTION('',(0.,0.5,-0.866025403784439));
#13782=DIRECTION('',(0.,0.866025403784439,0.5));
#13783=DIRECTION('',(0.,0.866025403784439,0.5));
#13784=DIRECTION('',(1.,0.,0.));
#13785=DIRECTION('',(0.,0.866025403784439,0.5));
#13786=DIRECTION('',(0.,1.,0.));
#13787=DIRECTION('',(0.,0.,1.));
#13788=DIRECTION('',(0.,0.,1.));
#13789=DIRECTION('',(1.,0.,0.));
#13790=DIRECTION('',(0.,0.,1.));
#13791=DIRECTION('',(0.,0.5,0.866025403784439));
#13792=DIRECTION('',(0.,-0.866025403784439,0.5));
#13793=DIRECTION('',(0.,-0.866025403784439,0.5));
#13794=DIRECTION('',(0.,-0.866025403784439,0.5));
#13795=DIRECTION('',(0.,-0.5,0.866025403784439));
#13796=DIRECTION('',(0.,-0.866025403784439,-0.5));
#13797=DIRECTION('',(1.,0.,0.));
#13798=DIRECTION('',(0.,-0.866025403784439,-0.5));
#13799=DIRECTION('',(1.,0.,0.));
#13800=DIRECTION('',(0.,-0.866025403784439,-0.5));
#13801=DIRECTION('',(0.,-1.,0.));
#13802=DIRECTION('',(0.,0.,-1.));
#13803=DIRECTION('',(0.,0.,-1.));
#13804=DIRECTION('',(1.,0.,0.));
#13805=DIRECTION('',(0.,0.,-1.));
#13806=DIRECTION('',(0.,-0.5,-0.866025403784438));
#13807=DIRECTION('',(0.,0.866025403784438,-0.5));
#13808=DIRECTION('',(0.,0.866025403784438,-0.5));
#13809=DIRECTION('',(1.,0.,0.));
#13810=DIRECTION('',(0.,0.866025403784438,-0.5));
#13811=DIRECTION('',(0.,0.5,-0.866025403784439));
#13812=DIRECTION('',(0.,0.866025403784439,0.5));
#13813=DIRECTION('',(0.,0.866025403784439,0.5));
#13814=DIRECTION('',(1.,0.,0.));
#13815=DIRECTION('',(0.,0.866025403784439,0.5));
#13816=DIRECTION('',(0.,1.,0.));
#13817=DIRECTION('',(0.,0.,1.));
#13818=DIRECTION('',(0.,0.,1.));
#13819=DIRECTION('',(1.,0.,0.));
#13820=DIRECTION('',(0.,0.,1.));
#13821=DIRECTION('',(0.,0.5,0.866025403784439));
#13822=DIRECTION('',(0.,-0.866025403784439,0.5));
#13823=DIRECTION('',(0.,-0.866025403784439,0.5));
#13824=DIRECTION('',(0.,-0.866025403784439,0.5));
#13825=DIRECTION('',(0.,-0.5,0.866025403784439));
#13826=DIRECTION('',(0.,-0.866025403784439,-0.5));
#13827=DIRECTION('',(1.,0.,0.));
#13828=DIRECTION('',(0.,-0.866025403784439,-0.5));
#13829=DIRECTION('',(1.,0.,0.));
#13830=DIRECTION('',(0.,-0.866025403784439,-0.5));
#13831=DIRECTION('',(0.,-1.,0.));
#13832=DIRECTION('',(0.,0.,-1.));
#13833=DIRECTION('',(0.,0.,-1.));
#13834=DIRECTION('',(1.,0.,0.));
#13835=DIRECTION('',(0.,0.,-1.));
#13836=DIRECTION('',(0.,-0.5,-0.866025403784438));
#13837=DIRECTION('',(0.,0.866025403784438,-0.5));
#13838=DIRECTION('',(0.,0.866025403784438,-0.5));
#13839=DIRECTION('',(1.,0.,0.));
#13840=DIRECTION('',(0.,0.866025403784438,-0.5));
#13841=DIRECTION('',(0.,0.5,-0.866025403784439));
#13842=DIRECTION('',(0.,0.866025403784439,0.5));
#13843=DIRECTION('',(0.,0.866025403784439,0.5));
#13844=DIRECTION('',(1.,0.,0.));
#13845=DIRECTION('',(0.,0.866025403784439,0.5));
#13846=DIRECTION('',(0.,1.,0.));
#13847=DIRECTION('',(0.,0.,1.));
#13848=DIRECTION('',(0.,0.,1.));
#13849=DIRECTION('',(1.,0.,0.));
#13850=DIRECTION('',(0.,0.,1.));
#13851=DIRECTION('',(0.,0.5,0.866025403784439));
#13852=DIRECTION('',(0.,-0.866025403784439,0.5));
#13853=DIRECTION('',(0.,-0.866025403784439,0.5));
#13854=DIRECTION('',(0.,-0.866025403784439,0.5));
#13855=DIRECTION('',(0.,-0.5,0.866025403784439));
#13856=DIRECTION('',(0.,-0.866025403784439,-0.5));
#13857=DIRECTION('',(1.,0.,0.));
#13858=DIRECTION('',(0.,-0.866025403784439,-0.5));
#13859=DIRECTION('',(1.,0.,0.));
#13860=DIRECTION('',(0.,-0.866025403784439,-0.5));
#13861=DIRECTION('',(0.,-1.,0.));
#13862=DIRECTION('',(0.,0.,-1.));
#13863=DIRECTION('',(0.,0.,-1.));
#13864=DIRECTION('',(1.,0.,0.));
#13865=DIRECTION('',(0.,0.,-1.));
#13866=DIRECTION('',(0.,-0.5,-0.866025403784438));
#13867=DIRECTION('',(0.,0.866025403784438,-0.5));
#13868=DIRECTION('',(0.,0.866025403784438,-0.5));
#13869=DIRECTION('',(1.,0.,0.));
#13870=DIRECTION('',(0.,0.866025403784438,-0.5));
#13871=DIRECTION('',(0.,0.5,-0.866025403784439));
#13872=DIRECTION('',(0.,0.866025403784439,0.5));
#13873=DIRECTION('',(0.,0.866025403784439,0.5));
#13874=DIRECTION('',(1.,0.,0.));
#13875=DIRECTION('',(0.,0.866025403784439,0.5));
#13876=DIRECTION('',(0.,1.,0.));
#13877=DIRECTION('',(0.,0.,1.));
#13878=DIRECTION('',(0.,0.,1.));
#13879=DIRECTION('',(1.,0.,0.));
#13880=DIRECTION('',(0.,0.,1.));
#13881=DIRECTION('',(0.,0.5,0.866025403784439));
#13882=DIRECTION('',(0.,-0.866025403784439,0.5));
#13883=DIRECTION('',(0.,-0.866025403784439,0.5));
#13884=DIRECTION('',(0.,-0.866025403784439,0.5));
#13885=DIRECTION('',(0.,-0.5,0.866025403784439));
#13886=DIRECTION('',(0.,-0.866025403784439,-0.5));
#13887=DIRECTION('',(1.,0.,0.));
#13888=DIRECTION('',(0.,-0.866025403784439,-0.5));
#13889=DIRECTION('',(1.,0.,0.));
#13890=DIRECTION('',(0.,-0.866025403784439,-0.5));
#13891=DIRECTION('',(0.,-1.,0.));
#13892=DIRECTION('',(0.,0.,-1.));
#13893=DIRECTION('',(0.,0.,-1.));
#13894=DIRECTION('',(1.,0.,0.));
#13895=DIRECTION('',(0.,0.,-1.));
#13896=DIRECTION('',(0.,-0.5,-0.866025403784438));
#13897=DIRECTION('',(0.,0.866025403784438,-0.5));
#13898=DIRECTION('',(0.,0.866025403784438,-0.5));
#13899=DIRECTION('',(1.,0.,0.));
#13900=DIRECTION('',(0.,0.866025403784438,-0.5));
#13901=DIRECTION('',(0.,0.5,-0.866025403784439));
#13902=DIRECTION('',(0.,0.866025403784439,0.5));
#13903=DIRECTION('',(0.,0.866025403784439,0.5));
#13904=DIRECTION('',(1.,0.,0.));
#13905=DIRECTION('',(0.,0.866025403784439,0.5));
#13906=DIRECTION('',(0.,1.,0.));
#13907=DIRECTION('',(0.,0.,1.));
#13908=DIRECTION('',(0.,0.,1.));
#13909=DIRECTION('',(1.,0.,0.));
#13910=DIRECTION('',(0.,0.,1.));
#13911=DIRECTION('',(0.,0.5,0.866025403784439));
#13912=DIRECTION('',(0.,-0.866025403784439,0.5));
#13913=DIRECTION('',(0.,-0.866025403784439,0.5));
#13914=DIRECTION('',(0.,-0.866025403784439,0.5));
#13915=DIRECTION('',(0.,-0.5,0.866025403784439));
#13916=DIRECTION('',(0.,-0.866025403784439,-0.5));
#13917=DIRECTION('',(1.,0.,0.));
#13918=DIRECTION('',(0.,-0.866025403784439,-0.5));
#13919=DIRECTION('',(1.,0.,0.));
#13920=DIRECTION('',(0.,-0.866025403784439,-0.5));
#13921=DIRECTION('',(0.,-1.,0.));
#13922=DIRECTION('',(0.,0.,-1.));
#13923=DIRECTION('',(0.,0.,-1.));
#13924=DIRECTION('',(1.,0.,0.));
#13925=DIRECTION('',(0.,0.,-1.));
#13926=DIRECTION('',(0.,-0.5,-0.866025403784438));
#13927=DIRECTION('',(0.,0.866025403784438,-0.5));
#13928=DIRECTION('',(0.,0.866025403784438,-0.5));
#13929=DIRECTION('',(1.,0.,0.));
#13930=DIRECTION('',(0.,0.866025403784438,-0.5));
#13931=DIRECTION('',(0.,0.5,-0.866025403784439));
#13932=DIRECTION('',(0.,0.866025403784439,0.5));
#13933=DIRECTION('',(0.,0.866025403784439,0.5));
#13934=DIRECTION('',(1.,0.,0.));
#13935=DIRECTION('',(0.,0.866025403784439,0.5));
#13936=DIRECTION('',(0.,1.,0.));
#13937=DIRECTION('',(0.,0.,1.));
#13938=DIRECTION('',(0.,0.,1.));
#13939=DIRECTION('',(1.,0.,0.));
#13940=DIRECTION('',(0.,0.,1.));
#13941=DIRECTION('',(0.,0.5,0.866025403784439));
#13942=DIRECTION('',(0.,-0.866025403784439,0.5));
#13943=DIRECTION('',(0.,-0.866025403784439,0.5));
#13944=DIRECTION('',(0.,-0.866025403784439,0.5));
#13945=DIRECTION('',(0.,-0.5,0.866025403784439));
#13946=DIRECTION('',(0.,-0.866025403784439,-0.5));
#13947=DIRECTION('',(1.,0.,0.));
#13948=DIRECTION('',(0.,-0.866025403784439,-0.5));
#13949=DIRECTION('',(1.,0.,0.));
#13950=DIRECTION('',(0.,-0.866025403784439,-0.5));
#13951=DIRECTION('',(0.,-1.,0.));
#13952=DIRECTION('',(0.,0.,-1.));
#13953=DIRECTION('',(0.,0.,-1.));
#13954=DIRECTION('',(1.,0.,0.));
#13955=DIRECTION('',(0.,0.,-1.));
#13956=DIRECTION('',(0.,-0.5,-0.866025403784438));
#13957=DIRECTION('',(0.,0.866025403784438,-0.5));
#13958=DIRECTION('',(0.,0.866025403784438,-0.5));
#13959=DIRECTION('',(1.,0.,0.));
#13960=DIRECTION('',(0.,0.866025403784438,-0.5));
#13961=DIRECTION('',(0.,0.5,-0.866025403784439));
#13962=DIRECTION('',(0.,0.866025403784439,0.5));
#13963=DIRECTION('',(0.,0.866025403784439,0.5));
#13964=DIRECTION('',(1.,0.,0.));
#13965=DIRECTION('',(0.,0.866025403784439,0.5));
#13966=DIRECTION('',(0.,1.,0.));
#13967=DIRECTION('',(0.,0.,1.));
#13968=DIRECTION('',(0.,0.,1.));
#13969=DIRECTION('',(1.,0.,0.));
#13970=DIRECTION('',(0.,0.,1.));
#13971=DIRECTION('',(0.,0.5,0.866025403784439));
#13972=DIRECTION('',(0.,-0.866025403784439,0.5));
#13973=DIRECTION('',(0.,-0.866025403784439,0.5));
#13974=DIRECTION('',(0.,-0.866025403784439,0.5));
#13975=DIRECTION('',(0.,-0.5,0.866025403784439));
#13976=DIRECTION('',(0.,-0.866025403784439,-0.5));
#13977=DIRECTION('',(1.,0.,0.));
#13978=DIRECTION('',(0.,-0.866025403784439,-0.5));
#13979=DIRECTION('',(1.,0.,0.));
#13980=DIRECTION('',(0.,-0.866025403784439,-0.5));
#13981=DIRECTION('',(0.,-1.,0.));
#13982=DIRECTION('',(0.,0.,-1.));
#13983=DIRECTION('',(0.,0.,-1.));
#13984=DIRECTION('',(1.,0.,0.));
#13985=DIRECTION('',(0.,0.,-1.));
#13986=DIRECTION('',(0.,-0.5,-0.866025403784438));
#13987=DIRECTION('',(0.,0.866025403784438,-0.5));
#13988=DIRECTION('',(0.,0.866025403784438,-0.5));
#13989=DIRECTION('',(1.,0.,0.));
#13990=DIRECTION('',(0.,0.866025403784438,-0.5));
#13991=DIRECTION('',(0.,0.5,-0.866025403784439));
#13992=DIRECTION('',(0.,0.866025403784439,0.5));
#13993=DIRECTION('',(0.,0.866025403784439,0.5));
#13994=DIRECTION('',(1.,0.,0.));
#13995=DIRECTION('',(0.,0.866025403784439,0.5));
#13996=DIRECTION('',(0.,1.,0.));
#13997=DIRECTION('',(0.,0.,1.));
#13998=DIRECTION('',(0.,0.,1.));
#13999=DIRECTION('',(1.,0.,0.));
#14000=DIRECTION('',(0.,0.,1.));
#14001=DIRECTION('',(0.,0.5,0.866025403784439));
#14002=DIRECTION('',(0.,-0.866025403784439,0.5));
#14003=DIRECTION('',(0.,-0.866025403784439,0.5));
#14004=DIRECTION('',(0.,-0.866025403784439,0.5));
#14005=DIRECTION('',(0.,-0.5,0.866025403784439));
#14006=DIRECTION('',(0.,-0.866025403784439,-0.5));
#14007=DIRECTION('',(1.,0.,0.));
#14008=DIRECTION('',(0.,-0.866025403784439,-0.5));
#14009=DIRECTION('',(1.,0.,0.));
#14010=DIRECTION('',(0.,-0.866025403784439,-0.5));
#14011=DIRECTION('',(0.,-1.,0.));
#14012=DIRECTION('',(0.,0.,-1.));
#14013=DIRECTION('',(0.,0.,-1.));
#14014=DIRECTION('',(1.,0.,0.));
#14015=DIRECTION('',(0.,0.,-1.));
#14016=DIRECTION('',(0.,-0.5,-0.866025403784438));
#14017=DIRECTION('',(0.,0.866025403784438,-0.5));
#14018=DIRECTION('',(0.,0.866025403784438,-0.5));
#14019=DIRECTION('',(1.,0.,0.));
#14020=DIRECTION('',(0.,0.866025403784438,-0.5));
#14021=DIRECTION('',(0.,0.5,-0.866025403784439));
#14022=DIRECTION('',(0.,0.866025403784439,0.5));
#14023=DIRECTION('',(0.,0.866025403784439,0.5));
#14024=DIRECTION('',(1.,0.,0.));
#14025=DIRECTION('',(0.,0.866025403784439,0.5));
#14026=DIRECTION('',(0.,1.,0.));
#14027=DIRECTION('',(0.,0.,1.));
#14028=DIRECTION('',(0.,0.,1.));
#14029=DIRECTION('',(1.,0.,0.));
#14030=DIRECTION('',(0.,0.,1.));
#14031=DIRECTION('',(0.,0.5,0.866025403784439));
#14032=DIRECTION('',(0.,-0.866025403784439,0.5));
#14033=DIRECTION('',(0.,-0.866025403784439,0.5));
#14034=DIRECTION('',(0.,-0.866025403784439,0.5));
#14035=DIRECTION('',(0.,-0.5,0.866025403784439));
#14036=DIRECTION('',(0.,-0.866025403784439,-0.5));
#14037=DIRECTION('',(1.,0.,0.));
#14038=DIRECTION('',(0.,-0.866025403784439,-0.5));
#14039=DIRECTION('',(1.,0.,0.));
#14040=DIRECTION('',(0.,-0.866025403784439,-0.5));
#14041=DIRECTION('',(0.,-1.,0.));
#14042=DIRECTION('',(0.,0.,-1.));
#14043=DIRECTION('',(0.,0.,-1.));
#14044=DIRECTION('',(1.,0.,0.));
#14045=DIRECTION('',(0.,0.,-1.));
#14046=DIRECTION('',(0.,-0.5,-0.866025403784438));
#14047=DIRECTION('',(0.,0.866025403784438,-0.5));
#14048=DIRECTION('',(0.,0.866025403784438,-0.5));
#14049=DIRECTION('',(1.,0.,0.));
#14050=DIRECTION('',(0.,0.866025403784438,-0.5));
#14051=DIRECTION('',(0.,0.5,-0.866025403784439));
#14052=DIRECTION('',(0.,0.866025403784439,0.5));
#14053=DIRECTION('',(0.,0.866025403784439,0.5));
#14054=DIRECTION('',(1.,0.,0.));
#14055=DIRECTION('',(0.,0.866025403784439,0.5));
#14056=DIRECTION('',(0.,1.,0.));
#14057=DIRECTION('',(0.,0.,1.));
#14058=DIRECTION('',(0.,0.,1.));
#14059=DIRECTION('',(1.,0.,0.));
#14060=DIRECTION('',(0.,0.,1.));
#14061=DIRECTION('',(0.,0.5,0.866025403784439));
#14062=DIRECTION('',(0.,-0.866025403784439,0.5));
#14063=DIRECTION('',(0.,-0.866025403784439,0.5));
#14064=DIRECTION('',(0.,-0.866025403784439,0.5));
#14065=DIRECTION('',(0.,-0.5,0.866025403784439));
#14066=DIRECTION('',(0.,-0.866025403784439,-0.5));
#14067=DIRECTION('',(1.,0.,0.));
#14068=DIRECTION('',(0.,-0.866025403784439,-0.5));
#14069=DIRECTION('',(1.,0.,0.));
#14070=DIRECTION('',(0.,-0.866025403784439,-0.5));
#14071=DIRECTION('',(0.,-1.,0.));
#14072=DIRECTION('',(0.,0.,-1.));
#14073=DIRECTION('',(0.,0.,-1.));
#14074=DIRECTION('',(1.,0.,0.));
#14075=DIRECTION('',(0.,0.,-1.));
#14076=DIRECTION('',(0.,-0.5,-0.866025403784438));
#14077=DIRECTION('',(0.,0.866025403784438,-0.5));
#14078=DIRECTION('',(0.,0.866025403784438,-0.5));
#14079=DIRECTION('',(1.,0.,0.));
#14080=DIRECTION('',(0.,0.866025403784438,-0.5));
#14081=DIRECTION('',(0.,0.5,-0.866025403784439));
#14082=DIRECTION('',(0.,0.866025403784439,0.5));
#14083=DIRECTION('',(0.,0.866025403784439,0.5));
#14084=DIRECTION('',(1.,0.,0.));
#14085=DIRECTION('',(0.,0.866025403784439,0.5));
#14086=DIRECTION('',(0.,1.,0.));
#14087=DIRECTION('',(0.,0.,1.));
#14088=DIRECTION('',(0.,0.,1.));
#14089=DIRECTION('',(1.,0.,0.));
#14090=DIRECTION('',(0.,0.,1.));
#14091=DIRECTION('',(0.,0.5,0.866025403784439));
#14092=DIRECTION('',(0.,-0.866025403784439,0.5));
#14093=DIRECTION('',(0.,-0.866025403784439,0.5));
#14094=DIRECTION('',(0.,-0.866025403784439,0.5));
#14095=DIRECTION('',(0.,-0.5,0.866025403784439));
#14096=DIRECTION('',(0.,-0.866025403784439,-0.5));
#14097=DIRECTION('',(1.,0.,0.));
#14098=DIRECTION('',(0.,-0.866025403784439,-0.5));
#14099=DIRECTION('',(1.,0.,0.));
#14100=DIRECTION('',(0.,-0.866025403784439,-0.5));
#14101=DIRECTION('',(0.,-1.,0.));
#14102=DIRECTION('',(0.,0.,-1.));
#14103=DIRECTION('',(0.,0.,-1.));
#14104=DIRECTION('',(1.,0.,0.));
#14105=DIRECTION('',(0.,0.,-1.));
#14106=DIRECTION('',(0.,-0.5,-0.866025403784438));
#14107=DIRECTION('',(0.,0.866025403784438,-0.5));
#14108=DIRECTION('',(0.,0.866025403784438,-0.5));
#14109=DIRECTION('',(1.,0.,0.));
#14110=DIRECTION('',(0.,0.866025403784438,-0.5));
#14111=DIRECTION('',(0.,0.5,-0.866025403784439));
#14112=DIRECTION('',(0.,0.866025403784439,0.5));
#14113=DIRECTION('',(0.,0.866025403784439,0.5));
#14114=DIRECTION('',(1.,0.,0.));
#14115=DIRECTION('',(0.,0.866025403784439,0.5));
#14116=DIRECTION('',(0.,1.,0.));
#14117=DIRECTION('',(0.,0.,1.));
#14118=DIRECTION('',(0.,0.,1.));
#14119=DIRECTION('',(1.,0.,0.));
#14120=DIRECTION('',(0.,0.,1.));
#14121=DIRECTION('',(0.,0.5,0.866025403784439));
#14122=DIRECTION('',(0.,-0.866025403784439,0.5));
#14123=DIRECTION('',(0.,-0.866025403784439,0.5));
#14124=DIRECTION('',(0.,-0.866025403784439,0.5));
#14125=DIRECTION('',(0.,-0.5,0.866025403784439));
#14126=DIRECTION('',(0.,-0.866025403784439,-0.5));
#14127=DIRECTION('',(1.,0.,0.));
#14128=DIRECTION('',(0.,-0.866025403784439,-0.5));
#14129=DIRECTION('',(1.,0.,0.));
#14130=DIRECTION('',(0.,-0.866025403784439,-0.5));
#14131=DIRECTION('',(0.,-1.,0.));
#14132=DIRECTION('',(0.,0.,-1.));
#14133=DIRECTION('',(0.,0.,-1.));
#14134=DIRECTION('',(1.,0.,0.));
#14135=DIRECTION('',(0.,0.,-1.));
#14136=DIRECTION('',(0.,-0.5,-0.866025403784438));
#14137=DIRECTION('',(0.,0.866025403784438,-0.5));
#14138=DIRECTION('',(0.,0.866025403784438,-0.5));
#14139=DIRECTION('',(1.,0.,0.));
#14140=DIRECTION('',(0.,0.866025403784438,-0.5));
#14141=DIRECTION('',(0.,0.5,-0.866025403784439));
#14142=DIRECTION('',(0.,0.866025403784439,0.5));
#14143=DIRECTION('',(0.,0.866025403784439,0.5));
#14144=DIRECTION('',(1.,0.,0.));
#14145=DIRECTION('',(0.,0.866025403784439,0.5));
#14146=DIRECTION('',(0.,1.,0.));
#14147=DIRECTION('',(0.,0.,1.));
#14148=DIRECTION('',(0.,0.,1.));
#14149=DIRECTION('',(1.,0.,0.));
#14150=DIRECTION('',(0.,0.,1.));
#14151=DIRECTION('',(0.,0.5,0.866025403784439));
#14152=DIRECTION('',(0.,-0.866025403784439,0.5));
#14153=DIRECTION('',(0.,-0.866025403784439,0.5));
#14154=DIRECTION('',(0.,-0.866025403784439,0.5));
#14155=DIRECTION('',(0.,-0.5,0.866025403784439));
#14156=DIRECTION('',(0.,-0.866025403784439,-0.5));
#14157=DIRECTION('',(1.,0.,0.));
#14158=DIRECTION('',(0.,-0.866025403784439,-0.5));
#14159=DIRECTION('',(1.,0.,0.));
#14160=DIRECTION('',(0.,-0.866025403784439,-0.5));
#14161=DIRECTION('',(0.,-1.,0.));
#14162=DIRECTION('',(0.,0.,-1.));
#14163=DIRECTION('',(0.,0.,-1.));
#14164=DIRECTION('',(1.,0.,0.));
#14165=DIRECTION('',(0.,0.,-1.));
#14166=DIRECTION('',(0.,-0.5,-0.866025403784438));
#14167=DIRECTION('',(0.,0.866025403784438,-0.5));
#14168=DIRECTION('',(0.,0.866025403784438,-0.5));
#14169=DIRECTION('',(1.,0.,0.));
#14170=DIRECTION('',(0.,0.866025403784438,-0.5));
#14171=DIRECTION('',(0.,0.5,-0.866025403784439));
#14172=DIRECTION('',(0.,0.866025403784439,0.5));
#14173=DIRECTION('',(0.,0.866025403784439,0.5));
#14174=DIRECTION('',(1.,0.,0.));
#14175=DIRECTION('',(0.,0.866025403784439,0.5));
#14176=DIRECTION('',(0.,1.,0.));
#14177=DIRECTION('',(0.,0.,1.));
#14178=DIRECTION('',(0.,0.,1.));
#14179=DIRECTION('',(1.,0.,0.));
#14180=DIRECTION('',(0.,0.,1.));
#14181=DIRECTION('',(0.,0.5,0.866025403784439));
#14182=DIRECTION('',(0.,-0.866025403784439,0.5));
#14183=DIRECTION('',(0.,-0.866025403784439,0.5));
#14184=DIRECTION('',(0.,-0.866025403784439,0.5));
#14185=DIRECTION('',(0.,-0.5,0.866025403784439));
#14186=DIRECTION('',(0.,-0.866025403784439,-0.5));
#14187=DIRECTION('',(1.,0.,0.));
#14188=DIRECTION('',(0.,-0.866025403784439,-0.5));
#14189=DIRECTION('',(1.,0.,0.));
#14190=DIRECTION('',(0.,-0.866025403784439,-0.5));
#14191=DIRECTION('',(0.,-1.,0.));
#14192=DIRECTION('',(0.,0.,-1.));
#14193=DIRECTION('',(0.,0.,-1.));
#14194=DIRECTION('',(1.,0.,0.));
#14195=DIRECTION('',(0.,0.,-1.));
#14196=DIRECTION('',(0.,-0.5,-0.866025403784438));
#14197=DIRECTION('',(0.,0.866025403784438,-0.5));
#14198=DIRECTION('',(0.,0.866025403784438,-0.5));
#14199=DIRECTION('',(1.,0.,0.));
#14200=DIRECTION('',(0.,0.866025403784438,-0.5));
#14201=DIRECTION('',(0.,0.5,-0.866025403784439));
#14202=DIRECTION('',(0.,0.866025403784439,0.5));
#14203=DIRECTION('',(0.,0.866025403784439,0.5));
#14204=DIRECTION('',(1.,0.,0.));
#14205=DIRECTION('',(0.,0.866025403784439,0.5));
#14206=DIRECTION('',(0.,1.,0.));
#14207=DIRECTION('',(0.,0.,1.));
#14208=DIRECTION('',(0.,0.,1.));
#14209=DIRECTION('',(1.,0.,0.));
#14210=DIRECTION('',(0.,0.,1.));
#14211=DIRECTION('',(0.,0.5,0.866025403784439));
#14212=DIRECTION('',(0.,-0.866025403784439,0.5));
#14213=DIRECTION('',(0.,-0.866025403784439,0.5));
#14214=DIRECTION('',(0.,-0.866025403784439,0.5));
#14215=DIRECTION('',(0.,-0.5,0.866025403784439));
#14216=DIRECTION('',(0.,-0.866025403784439,-0.5));
#14217=DIRECTION('',(1.,0.,0.));
#14218=DIRECTION('',(0.,-0.866025403784439,-0.5));
#14219=DIRECTION('',(1.,0.,0.));
#14220=DIRECTION('',(0.,-0.866025403784439,-0.5));
#14221=DIRECTION('',(0.,-1.,0.));
#14222=DIRECTION('',(0.,0.,-1.));
#14223=DIRECTION('',(0.,0.,-1.));
#14224=DIRECTION('',(1.,0.,0.));
#14225=DIRECTION('',(0.,0.,-1.));
#14226=DIRECTION('',(0.,-0.5,-0.866025403784438));
#14227=DIRECTION('',(0.,0.866025403784438,-0.5));
#14228=DIRECTION('',(0.,0.866025403784438,-0.5));
#14229=DIRECTION('',(1.,0.,0.));
#14230=DIRECTION('',(0.,0.866025403784438,-0.5));
#14231=DIRECTION('',(0.,0.5,-0.866025403784439));
#14232=DIRECTION('',(0.,0.866025403784439,0.5));
#14233=DIRECTION('',(0.,0.866025403784439,0.5));
#14234=DIRECTION('',(1.,0.,0.));
#14235=DIRECTION('',(0.,0.866025403784439,0.5));
#14236=DIRECTION('',(0.,1.,0.));
#14237=DIRECTION('',(0.,0.,1.));
#14238=DIRECTION('',(0.,0.,1.));
#14239=DIRECTION('',(1.,0.,0.));
#14240=DIRECTION('',(0.,0.,1.));
#14241=DIRECTION('',(0.,0.5,0.866025403784439));
#14242=DIRECTION('',(0.,-0.866025403784439,0.5));
#14243=DIRECTION('',(0.,-0.866025403784439,0.5));
#14244=DIRECTION('',(0.,-0.866025403784439,0.5));
#14245=DIRECTION('',(0.,-0.5,0.866025403784439));
#14246=DIRECTION('',(0.,-0.866025403784439,-0.5));
#14247=DIRECTION('',(1.,0.,0.));
#14248=DIRECTION('',(0.,-0.866025403784439,-0.5));
#14249=DIRECTION('',(1.,0.,0.));
#14250=DIRECTION('',(0.,-0.866025403784439,-0.5));
#14251=DIRECTION('',(0.,-1.,0.));
#14252=DIRECTION('',(0.,0.,-1.));
#14253=DIRECTION('',(0.,0.,-1.));
#14254=DIRECTION('',(1.,0.,0.));
#14255=DIRECTION('',(0.,0.,-1.));
#14256=DIRECTION('',(0.,-0.5,-0.866025403784438));
#14257=DIRECTION('',(0.,0.866025403784438,-0.5));
#14258=DIRECTION('',(0.,0.866025403784438,-0.5));
#14259=DIRECTION('',(1.,0.,0.));
#14260=DIRECTION('',(0.,0.866025403784438,-0.5));
#14261=DIRECTION('',(0.,0.5,-0.866025403784439));
#14262=DIRECTION('',(0.,0.866025403784439,0.5));
#14263=DIRECTION('',(0.,0.866025403784439,0.5));
#14264=DIRECTION('',(1.,0.,0.));
#14265=DIRECTION('',(0.,0.866025403784439,0.5));
#14266=DIRECTION('',(0.,1.,0.));
#14267=DIRECTION('',(0.,0.,1.));
#14268=DIRECTION('',(0.,0.,1.));
#14269=DIRECTION('',(1.,0.,0.));
#14270=DIRECTION('',(0.,0.,1.));
#14271=DIRECTION('',(0.,0.5,0.866025403784439));
#14272=DIRECTION('',(0.,-0.866025403784439,0.5));
#14273=DIRECTION('',(0.,-0.866025403784439,0.5));
#14274=DIRECTION('',(0.,-0.866025403784439,0.5));
#14275=DIRECTION('',(0.,-0.5,0.866025403784439));
#14276=DIRECTION('',(0.,-0.866025403784439,-0.5));
#14277=DIRECTION('',(1.,0.,0.));
#14278=DIRECTION('',(0.,-0.866025403784439,-0.5));
#14279=DIRECTION('',(1.,0.,0.));
#14280=DIRECTION('',(0.,-0.866025403784439,-0.5));
#14281=DIRECTION('',(0.,-1.,0.));
#14282=DIRECTION('',(0.,0.,-1.));
#14283=DIRECTION('',(0.,0.,-1.));
#14284=DIRECTION('',(1.,0.,0.));
#14285=DIRECTION('',(0.,0.,-1.));
#14286=DIRECTION('',(0.,-0.5,-0.866025403784438));
#14287=DIRECTION('',(0.,0.866025403784438,-0.5));
#14288=DIRECTION('',(0.,0.866025403784438,-0.5));
#14289=DIRECTION('',(1.,0.,0.));
#14290=DIRECTION('',(0.,0.866025403784438,-0.5));
#14291=DIRECTION('',(0.,0.5,-0.866025403784439));
#14292=DIRECTION('',(0.,0.866025403784439,0.5));
#14293=DIRECTION('',(0.,0.866025403784439,0.5));
#14294=DIRECTION('',(1.,0.,0.));
#14295=DIRECTION('',(0.,0.866025403784439,0.5));
#14296=DIRECTION('',(0.,1.,0.));
#14297=DIRECTION('',(0.,0.,1.));
#14298=DIRECTION('',(0.,0.,1.));
#14299=DIRECTION('',(1.,0.,0.));
#14300=DIRECTION('',(0.,0.,1.));
#14301=DIRECTION('',(0.,0.5,0.866025403784439));
#14302=DIRECTION('',(0.,-0.866025403784439,0.5));
#14303=DIRECTION('',(0.,-0.866025403784439,0.5));
#14304=DIRECTION('',(0.,-0.866025403784439,0.5));
#14305=DIRECTION('',(0.,-0.5,0.866025403784439));
#14306=DIRECTION('',(0.,-0.866025403784439,-0.5));
#14307=DIRECTION('',(1.,0.,0.));
#14308=DIRECTION('',(0.,-0.866025403784439,-0.5));
#14309=DIRECTION('',(1.,0.,0.));
#14310=DIRECTION('',(0.,-0.866025403784439,-0.5));
#14311=DIRECTION('',(0.,-1.,0.));
#14312=DIRECTION('',(0.,0.,-1.));
#14313=DIRECTION('',(0.,0.,-1.));
#14314=DIRECTION('',(1.,0.,0.));
#14315=DIRECTION('',(0.,0.,-1.));
#14316=DIRECTION('',(0.,-0.5,-0.866025403784438));
#14317=DIRECTION('',(0.,0.866025403784438,-0.5));
#14318=DIRECTION('',(0.,0.866025403784438,-0.5));
#14319=DIRECTION('',(1.,0.,0.));
#14320=DIRECTION('',(0.,0.866025403784438,-0.5));
#14321=DIRECTION('',(0.,0.5,-0.866025403784439));
#14322=DIRECTION('',(0.,0.866025403784439,0.5));
#14323=DIRECTION('',(0.,0.866025403784439,0.5));
#14324=DIRECTION('',(1.,0.,0.));
#14325=DIRECTION('',(0.,0.866025403784439,0.5));
#14326=DIRECTION('',(0.,1.,0.));
#14327=DIRECTION('',(0.,0.,1.));
#14328=DIRECTION('',(0.,0.,1.));
#14329=DIRECTION('',(1.,0.,0.));
#14330=DIRECTION('',(0.,0.,1.));
#14331=DIRECTION('',(0.,0.5,0.866025403784439));
#14332=DIRECTION('',(0.,-0.866025403784439,0.5));
#14333=DIRECTION('',(0.,-0.866025403784439,0.5));
#14334=DIRECTION('',(0.,-0.866025403784439,0.5));
#14335=DIRECTION('',(0.,-0.5,0.866025403784439));
#14336=DIRECTION('',(0.,-0.866025403784439,-0.5));
#14337=DIRECTION('',(1.,0.,0.));
#14338=DIRECTION('',(0.,-0.866025403784439,-0.5));
#14339=DIRECTION('',(1.,0.,0.));
#14340=DIRECTION('',(0.,-0.866025403784439,-0.5));
#14341=DIRECTION('',(0.,-1.,0.));
#14342=DIRECTION('',(0.,0.,-1.));
#14343=DIRECTION('',(0.,0.,-1.));
#14344=DIRECTION('',(1.,0.,0.));
#14345=DIRECTION('',(0.,0.,-1.));
#14346=DIRECTION('',(0.,-0.5,-0.866025403784438));
#14347=DIRECTION('',(0.,0.866025403784438,-0.5));
#14348=DIRECTION('',(0.,0.866025403784438,-0.5));
#14349=DIRECTION('',(1.,0.,0.));
#14350=DIRECTION('',(0.,0.866025403784438,-0.5));
#14351=DIRECTION('',(0.,0.5,-0.866025403784439));
#14352=DIRECTION('',(0.,0.866025403784439,0.5));
#14353=DIRECTION('',(0.,0.866025403784439,0.5));
#14354=DIRECTION('',(1.,0.,0.));
#14355=DIRECTION('',(0.,0.866025403784439,0.5));
#14356=DIRECTION('',(0.,1.,0.));
#14357=DIRECTION('',(0.,0.,1.));
#14358=DIRECTION('',(0.,0.,1.));
#14359=DIRECTION('',(1.,0.,0.));
#14360=DIRECTION('',(0.,0.,1.));
#14361=DIRECTION('',(0.,0.5,0.866025403784439));
#14362=DIRECTION('',(0.,-0.866025403784439,0.5));
#14363=DIRECTION('',(0.,-0.866025403784439,0.5));
#14364=DIRECTION('',(0.,-0.866025403784439,0.5));
#14365=DIRECTION('',(0.,-0.5,0.866025403784439));
#14366=DIRECTION('',(0.,-0.866025403784439,-0.5));
#14367=DIRECTION('',(1.,0.,0.));
#14368=DIRECTION('',(0.,-0.866025403784439,-0.5));
#14369=DIRECTION('',(1.,0.,0.));
#14370=DIRECTION('',(0.,-0.866025403784439,-0.5));
#14371=DIRECTION('',(0.,-1.,0.));
#14372=DIRECTION('',(0.,0.,-1.));
#14373=DIRECTION('',(0.,0.,-1.));
#14374=DIRECTION('',(1.,0.,0.));
#14375=DIRECTION('',(0.,0.,-1.));
#14376=DIRECTION('',(0.,-0.5,-0.866025403784438));
#14377=DIRECTION('',(0.,0.866025403784438,-0.5));
#14378=DIRECTION('',(0.,0.866025403784438,-0.5));
#14379=DIRECTION('',(1.,0.,0.));
#14380=DIRECTION('',(0.,0.866025403784438,-0.5));
#14381=DIRECTION('',(0.,0.5,-0.866025403784439));
#14382=DIRECTION('',(0.,0.866025403784439,0.5));
#14383=DIRECTION('',(0.,0.866025403784439,0.5));
#14384=DIRECTION('',(1.,0.,0.));
#14385=DIRECTION('',(0.,0.866025403784439,0.5));
#14386=DIRECTION('',(0.,1.,0.));
#14387=DIRECTION('',(0.,0.,1.));
#14388=DIRECTION('',(0.,0.,1.));
#14389=DIRECTION('',(1.,0.,0.));
#14390=DIRECTION('',(0.,0.,1.));
#14391=DIRECTION('',(0.,0.5,0.866025403784439));
#14392=DIRECTION('',(0.,-0.866025403784439,0.5));
#14393=DIRECTION('',(0.,-0.866025403784439,0.5));
#14394=DIRECTION('',(0.,-0.866025403784439,0.5));
#14395=DIRECTION('',(0.,-0.5,0.866025403784439));
#14396=DIRECTION('',(0.,-0.866025403784439,-0.5));
#14397=DIRECTION('',(1.,0.,0.));
#14398=DIRECTION('',(0.,-0.866025403784439,-0.5));
#14399=DIRECTION('',(1.,0.,0.));
#14400=DIRECTION('',(0.,-0.866025403784439,-0.5));
#14401=DIRECTION('',(0.,-1.,0.));
#14402=DIRECTION('',(0.,0.,-1.));
#14403=DIRECTION('',(0.,0.,-1.));
#14404=DIRECTION('',(1.,0.,0.));
#14405=DIRECTION('',(0.,0.,-1.));
#14406=DIRECTION('',(0.,-0.5,-0.866025403784438));
#14407=DIRECTION('',(0.,0.866025403784438,-0.5));
#14408=DIRECTION('',(0.,0.866025403784438,-0.5));
#14409=DIRECTION('',(1.,0.,0.));
#14410=DIRECTION('',(0.,0.866025403784438,-0.5));
#14411=DIRECTION('',(0.,0.5,-0.866025403784439));
#14412=DIRECTION('',(0.,0.866025403784439,0.5));
#14413=DIRECTION('',(0.,0.866025403784439,0.5));
#14414=DIRECTION('',(1.,0.,0.));
#14415=DIRECTION('',(0.,0.866025403784439,0.5));
#14416=DIRECTION('',(0.,1.,0.));
#14417=DIRECTION('',(0.,0.,1.));
#14418=DIRECTION('',(0.,0.,1.));
#14419=DIRECTION('',(1.,0.,0.));
#14420=DIRECTION('',(0.,0.,1.));
#14421=DIRECTION('',(0.,0.5,0.866025403784439));
#14422=DIRECTION('',(0.,-0.866025403784439,0.5));
#14423=DIRECTION('',(0.,-0.866025403784439,0.5));
#14424=DIRECTION('',(0.,-0.866025403784439,0.5));
#14425=DIRECTION('',(0.,-0.5,0.866025403784439));
#14426=DIRECTION('',(0.,-0.866025403784439,-0.5));
#14427=DIRECTION('',(1.,0.,0.));
#14428=DIRECTION('',(0.,-0.866025403784439,-0.5));
#14429=DIRECTION('',(1.,0.,0.));
#14430=DIRECTION('',(0.,-0.866025403784439,-0.5));
#14431=DIRECTION('',(0.,-1.,0.));
#14432=DIRECTION('',(0.,0.,-1.));
#14433=DIRECTION('',(0.,0.,-1.));
#14434=DIRECTION('',(1.,0.,0.));
#14435=DIRECTION('',(0.,0.,-1.));
#14436=DIRECTION('',(0.,-0.5,-0.866025403784438));
#14437=DIRECTION('',(0.,0.866025403784438,-0.5));
#14438=DIRECTION('',(0.,0.866025403784438,-0.5));
#14439=DIRECTION('',(1.,0.,0.));
#14440=DIRECTION('',(0.,0.866025403784438,-0.5));
#14441=DIRECTION('',(0.,0.5,-0.866025403784439));
#14442=DIRECTION('',(0.,0.866025403784439,0.5));
#14443=DIRECTION('',(0.,0.866025403784439,0.5));
#14444=DIRECTION('',(1.,0.,0.));
#14445=DIRECTION('',(0.,0.866025403784439,0.5));
#14446=DIRECTION('',(0.,1.,0.));
#14447=DIRECTION('',(0.,0.,1.));
#14448=DIRECTION('',(0.,0.,1.));
#14449=DIRECTION('',(1.,0.,0.));
#14450=DIRECTION('',(0.,0.,1.));
#14451=DIRECTION('',(0.,0.5,0.866025403784439));
#14452=DIRECTION('',(0.,-0.866025403784439,0.5));
#14453=DIRECTION('',(0.,-0.866025403784439,0.5));
#14454=DIRECTION('',(0.,-0.866025403784439,0.5));
#14455=DIRECTION('',(0.,-0.5,0.866025403784439));
#14456=DIRECTION('',(0.,-0.866025403784439,-0.5));
#14457=DIRECTION('',(1.,0.,0.));
#14458=DIRECTION('',(0.,-0.866025403784439,-0.5));
#14459=DIRECTION('',(1.,0.,0.));
#14460=DIRECTION('',(0.,-0.866025403784439,-0.5));
#14461=DIRECTION('',(0.,-1.,0.));
#14462=DIRECTION('',(0.,0.,-1.));
#14463=DIRECTION('',(0.,0.,-1.));
#14464=DIRECTION('',(1.,0.,0.));
#14465=DIRECTION('',(0.,0.,-1.));
#14466=DIRECTION('',(0.,-0.5,-0.866025403784438));
#14467=DIRECTION('',(0.,0.866025403784438,-0.5));
#14468=DIRECTION('',(0.,0.866025403784438,-0.5));
#14469=DIRECTION('',(1.,0.,0.));
#14470=DIRECTION('',(0.,0.866025403784438,-0.5));
#14471=DIRECTION('',(0.,0.5,-0.866025403784439));
#14472=DIRECTION('',(0.,0.866025403784439,0.5));
#14473=DIRECTION('',(0.,0.866025403784439,0.5));
#14474=DIRECTION('',(1.,0.,0.));
#14475=DIRECTION('',(0.,0.866025403784439,0.5));
#14476=DIRECTION('',(0.,1.,0.));
#14477=DIRECTION('',(0.,0.,1.));
#14478=DIRECTION('',(0.,0.,1.));
#14479=DIRECTION('',(1.,0.,0.));
#14480=DIRECTION('',(0.,0.,1.));
#14481=DIRECTION('',(0.,0.5,0.866025403784439));
#14482=DIRECTION('',(0.,-0.866025403784439,0.5));
#14483=DIRECTION('',(0.,-0.866025403784439,0.5));
#14484=DIRECTION('',(0.,-0.866025403784439,0.5));
#14485=DIRECTION('',(0.,-0.5,0.866025403784439));
#14486=DIRECTION('',(0.,-0.866025403784439,-0.5));
#14487=DIRECTION('',(1.,0.,0.));
#14488=DIRECTION('',(0.,-0.866025403784439,-0.5));
#14489=DIRECTION('',(1.,0.,0.));
#14490=DIRECTION('',(0.,-0.866025403784439,-0.5));
#14491=DIRECTION('',(0.,-1.,0.));
#14492=DIRECTION('',(0.,0.,-1.));
#14493=DIRECTION('',(0.,0.,-1.));
#14494=DIRECTION('',(1.,0.,0.));
#14495=DIRECTION('',(0.,0.,-1.));
#14496=DIRECTION('',(0.,-0.5,-0.866025403784438));
#14497=DIRECTION('',(0.,0.866025403784438,-0.5));
#14498=DIRECTION('',(0.,0.866025403784438,-0.5));
#14499=DIRECTION('',(1.,0.,0.));
#14500=DIRECTION('',(0.,0.866025403784438,-0.5));
#14501=DIRECTION('',(0.,0.5,-0.866025403784439));
#14502=DIRECTION('',(0.,0.866025403784439,0.5));
#14503=DIRECTION('',(0.,0.866025403784439,0.5));
#14504=DIRECTION('',(1.,0.,0.));
#14505=DIRECTION('',(0.,0.866025403784439,0.5));
#14506=DIRECTION('',(0.,1.,0.));
#14507=DIRECTION('',(0.,0.,1.));
#14508=DIRECTION('',(0.,0.,1.));
#14509=DIRECTION('',(1.,0.,0.));
#14510=DIRECTION('',(0.,0.,1.));
#14511=DIRECTION('',(0.,0.5,0.866025403784439));
#14512=DIRECTION('',(0.,-0.866025403784439,0.5));
#14513=DIRECTION('',(0.,-0.866025403784439,0.5));
#14514=DIRECTION('',(0.,-0.866025403784439,0.5));
#14515=DIRECTION('',(0.,-0.5,0.866025403784439));
#14516=DIRECTION('',(0.,-0.866025403784439,-0.5));
#14517=DIRECTION('',(1.,0.,0.));
#14518=DIRECTION('',(0.,-0.866025403784439,-0.5));
#14519=DIRECTION('',(1.,0.,0.));
#14520=DIRECTION('',(0.,-0.866025403784439,-0.5));
#14521=DIRECTION('',(0.,-1.,0.));
#14522=DIRECTION('',(0.,0.,-1.));
#14523=DIRECTION('',(0.,0.,-1.));
#14524=DIRECTION('',(1.,0.,0.));
#14525=DIRECTION('',(0.,0.,-1.));
#14526=DIRECTION('',(0.,-0.5,-0.866025403784438));
#14527=DIRECTION('',(0.,0.866025403784438,-0.5));
#14528=DIRECTION('',(0.,0.866025403784438,-0.5));
#14529=DIRECTION('',(1.,0.,0.));
#14530=DIRECTION('',(0.,0.866025403784438,-0.5));
#14531=DIRECTION('',(0.,0.5,-0.866025403784439));
#14532=DIRECTION('',(0.,0.866025403784439,0.5));
#14533=DIRECTION('',(0.,0.866025403784439,0.5));
#14534=DIRECTION('',(1.,0.,0.));
#14535=DIRECTION('',(0.,0.866025403784439,0.5));
#14536=DIRECTION('',(0.,1.,0.));
#14537=DIRECTION('',(0.,0.,1.));
#14538=DIRECTION('',(0.,0.,1.));
#14539=DIRECTION('',(1.,0.,0.));
#14540=DIRECTION('',(0.,0.,1.));
#14541=DIRECTION('',(0.,0.5,0.866025403784439));
#14542=DIRECTION('',(0.,-0.866025403784439,0.5));
#14543=DIRECTION('',(0.,-0.866025403784439,0.5));
#14544=DIRECTION('',(0.,-0.866025403784439,0.5));
#14545=DIRECTION('',(0.,-0.5,0.866025403784439));
#14546=DIRECTION('',(0.,-0.866025403784439,-0.5));
#14547=DIRECTION('',(1.,0.,0.));
#14548=DIRECTION('',(0.,-0.866025403784439,-0.5));
#14549=DIRECTION('',(1.,0.,0.));
#14550=DIRECTION('',(0.,-0.866025403784439,-0.5));
#14551=DIRECTION('',(0.,-1.,0.));
#14552=DIRECTION('',(0.,0.,-1.));
#14553=DIRECTION('',(0.,0.,-1.));
#14554=DIRECTION('',(1.,0.,0.));
#14555=DIRECTION('',(0.,0.,-1.));
#14556=DIRECTION('',(0.,-0.5,-0.866025403784438));
#14557=DIRECTION('',(0.,0.866025403784438,-0.5));
#14558=DIRECTION('',(0.,0.866025403784438,-0.5));
#14559=DIRECTION('',(1.,0.,0.));
#14560=DIRECTION('',(0.,0.866025403784438,-0.5));
#14561=DIRECTION('',(0.,0.5,-0.866025403784439));
#14562=DIRECTION('',(0.,0.866025403784439,0.5));
#14563=DIRECTION('',(0.,0.866025403784439,0.5));
#14564=DIRECTION('',(1.,0.,0.));
#14565=DIRECTION('',(0.,0.866025403784439,0.5));
#14566=DIRECTION('',(0.,1.,0.));
#14567=DIRECTION('',(0.,0.,1.));
#14568=DIRECTION('',(0.,0.,1.));
#14569=DIRECTION('',(1.,0.,0.));
#14570=DIRECTION('',(0.,0.,1.));
#14571=DIRECTION('',(0.,0.5,0.866025403784439));
#14572=DIRECTION('',(0.,-0.866025403784439,0.5));
#14573=DIRECTION('',(0.,-0.866025403784439,0.5));
#14574=DIRECTION('',(0.,-0.866025403784439,0.5));
#14575=DIRECTION('',(0.,-0.5,0.866025403784439));
#14576=DIRECTION('',(0.,-0.866025403784439,-0.5));
#14577=DIRECTION('',(1.,0.,0.));
#14578=DIRECTION('',(0.,-0.866025403784439,-0.5));
#14579=DIRECTION('',(1.,0.,0.));
#14580=DIRECTION('',(0.,-0.866025403784439,-0.5));
#14581=DIRECTION('',(0.,-1.,0.));
#14582=DIRECTION('',(0.,0.,-1.));
#14583=DIRECTION('',(0.,0.,-1.));
#14584=DIRECTION('',(1.,0.,0.));
#14585=DIRECTION('',(0.,0.,-1.));
#14586=DIRECTION('',(0.,-0.5,-0.866025403784438));
#14587=DIRECTION('',(0.,0.866025403784438,-0.5));
#14588=DIRECTION('',(0.,0.866025403784438,-0.5));
#14589=DIRECTION('',(1.,0.,0.));
#14590=DIRECTION('',(0.,0.866025403784438,-0.5));
#14591=DIRECTION('',(0.,0.5,-0.866025403784439));
#14592=DIRECTION('',(0.,0.866025403784439,0.5));
#14593=DIRECTION('',(0.,0.866025403784439,0.5));
#14594=DIRECTION('',(1.,0.,0.));
#14595=DIRECTION('',(0.,0.866025403784439,0.5));
#14596=DIRECTION('',(0.,1.,0.));
#14597=DIRECTION('',(0.,0.,1.));
#14598=DIRECTION('',(0.,0.,1.));
#14599=DIRECTION('',(1.,0.,0.));
#14600=DIRECTION('',(0.,0.,1.));
#14601=DIRECTION('',(0.,0.5,0.866025403784439));
#14602=DIRECTION('',(0.,-0.866025403784439,0.5));
#14603=DIRECTION('',(0.,-0.866025403784439,0.5));
#14604=DIRECTION('',(0.,-0.866025403784439,0.5));
#14605=DIRECTION('',(0.,-0.5,0.866025403784439));
#14606=DIRECTION('',(0.,-0.866025403784439,-0.5));
#14607=DIRECTION('',(1.,0.,0.));
#14608=DIRECTION('',(0.,-0.866025403784439,-0.5));
#14609=DIRECTION('',(1.,0.,0.));
#14610=DIRECTION('',(0.,-0.866025403784439,-0.5));
#14611=DIRECTION('',(0.,-1.,0.));
#14612=DIRECTION('',(0.,0.,-1.));
#14613=DIRECTION('',(0.,0.,-1.));
#14614=DIRECTION('',(1.,0.,0.));
#14615=DIRECTION('',(0.,0.,-1.));
#14616=DIRECTION('',(0.,-0.5,-0.866025403784438));
#14617=DIRECTION('',(0.,0.866025403784438,-0.5));
#14618=DIRECTION('',(0.,0.866025403784438,-0.5));
#14619=DIRECTION('',(1.,0.,0.));
#14620=DIRECTION('',(0.,0.866025403784438,-0.5));
#14621=DIRECTION('',(0.,0.5,-0.866025403784439));
#14622=DIRECTION('',(0.,0.866025403784439,0.5));
#14623=DIRECTION('',(0.,0.866025403784439,0.5));
#14624=DIRECTION('',(1.,0.,0.));
#14625=DIRECTION('',(0.,0.866025403784439,0.5));
#14626=DIRECTION('',(0.,1.,0.));
#14627=DIRECTION('',(0.,0.,1.));
#14628=DIRECTION('',(0.,0.,1.));
#14629=DIRECTION('',(1.,0.,0.));
#14630=DIRECTION('',(0.,0.,1.));
#14631=DIRECTION('',(0.,0.5,0.866025403784439));
#14632=DIRECTION('',(0.,-0.866025403784439,0.5));
#14633=DIRECTION('',(0.,-0.866025403784439,0.5));
#14634=DIRECTION('',(0.,-0.866025403784439,0.5));
#14635=DIRECTION('',(0.,-0.5,0.866025403784439));
#14636=DIRECTION('',(0.,-0.866025403784439,-0.5));
#14637=DIRECTION('',(1.,0.,0.));
#14638=DIRECTION('',(0.,-0.866025403784439,-0.5));
#14639=DIRECTION('',(1.,0.,0.));
#14640=DIRECTION('',(0.,-0.866025403784439,-0.5));
#14641=DIRECTION('',(0.,-1.,0.));
#14642=DIRECTION('',(0.,0.,-1.));
#14643=DIRECTION('',(0.,0.,-1.));
#14644=DIRECTION('',(1.,0.,0.));
#14645=DIRECTION('',(0.,0.,-1.));
#14646=DIRECTION('',(0.,-0.5,-0.866025403784438));
#14647=DIRECTION('',(0.,0.866025403784438,-0.5));
#14648=DIRECTION('',(0.,0.866025403784438,-0.5));
#14649=DIRECTION('',(1.,0.,0.));
#14650=DIRECTION('',(0.,0.866025403784438,-0.5));
#14651=DIRECTION('',(0.,0.5,-0.866025403784439));
#14652=DIRECTION('',(0.,0.866025403784439,0.5));
#14653=DIRECTION('',(0.,0.866025403784439,0.5));
#14654=DIRECTION('',(1.,0.,0.));
#14655=DIRECTION('',(0.,0.866025403784439,0.5));
#14656=DIRECTION('',(0.,1.,0.));
#14657=DIRECTION('',(0.,0.,1.));
#14658=DIRECTION('',(0.,0.,1.));
#14659=DIRECTION('',(1.,0.,0.));
#14660=DIRECTION('',(0.,0.,1.));
#14661=DIRECTION('',(0.,0.5,0.866025403784439));
#14662=DIRECTION('',(0.,-0.866025403784439,0.5));
#14663=DIRECTION('',(0.,-0.866025403784439,0.5));
#14664=DIRECTION('',(0.,-0.866025403784439,0.5));
#14665=DIRECTION('',(0.,-0.5,0.866025403784439));
#14666=DIRECTION('',(0.,-0.866025403784439,-0.5));
#14667=DIRECTION('',(1.,0.,0.));
#14668=DIRECTION('',(0.,-0.866025403784439,-0.5));
#14669=DIRECTION('',(1.,0.,0.));
#14670=DIRECTION('',(0.,-0.866025403784439,-0.5));
#14671=DIRECTION('',(0.,-1.,0.));
#14672=DIRECTION('',(0.,0.,-1.));
#14673=DIRECTION('',(0.,0.,-1.));
#14674=DIRECTION('',(1.,0.,0.));
#14675=DIRECTION('',(0.,0.,-1.));
#14676=DIRECTION('',(0.,-0.5,-0.866025403784438));
#14677=DIRECTION('',(0.,0.866025403784438,-0.5));
#14678=DIRECTION('',(0.,0.866025403784438,-0.5));
#14679=DIRECTION('',(1.,0.,0.));
#14680=DIRECTION('',(0.,0.866025403784438,-0.5));
#14681=DIRECTION('',(0.,0.5,-0.866025403784439));
#14682=DIRECTION('',(0.,0.866025403784439,0.5));
#14683=DIRECTION('',(0.,0.866025403784439,0.5));
#14684=DIRECTION('',(1.,0.,0.));
#14685=DIRECTION('',(0.,0.866025403784439,0.5));
#14686=DIRECTION('',(0.,1.,0.));
#14687=DIRECTION('',(0.,0.,1.));
#14688=DIRECTION('',(0.,0.,1.));
#14689=DIRECTION('',(1.,0.,0.));
#14690=DIRECTION('',(0.,0.,1.));
#14691=DIRECTION('',(0.,0.5,0.866025403784439));
#14692=DIRECTION('',(0.,-0.866025403784439,0.5));
#14693=DIRECTION('',(0.,-0.866025403784439,0.5));
#14694=DIRECTION('',(0.,-0.866025403784439,0.5));
#14695=DIRECTION('',(0.,-0.5,0.866025403784439));
#14696=DIRECTION('',(0.,-0.866025403784439,-0.5));
#14697=DIRECTION('',(1.,0.,0.));
#14698=DIRECTION('',(0.,-0.866025403784439,-0.5));
#14699=DIRECTION('',(1.,0.,0.));
#14700=DIRECTION('',(0.,-0.866025403784439,-0.5));
#14701=DIRECTION('',(0.,-1.,0.));
#14702=DIRECTION('',(0.,0.,-1.));
#14703=DIRECTION('',(0.,0.,-1.));
#14704=DIRECTION('',(1.,0.,0.));
#14705=DIRECTION('',(0.,0.,-1.));
#14706=DIRECTION('',(0.,-0.5,-0.866025403784438));
#14707=DIRECTION('',(0.,0.866025403784438,-0.5));
#14708=DIRECTION('',(0.,0.866025403784438,-0.5));
#14709=DIRECTION('',(1.,0.,0.));
#14710=DIRECTION('',(0.,0.866025403784438,-0.5));
#14711=DIRECTION('',(0.,0.5,-0.866025403784439));
#14712=DIRECTION('',(0.,0.866025403784439,0.5));
#14713=DIRECTION('',(0.,0.866025403784439,0.5));
#14714=DIRECTION('',(1.,0.,0.));
#14715=DIRECTION('',(0.,0.866025403784439,0.5));
#14716=DIRECTION('',(0.,1.,0.));
#14717=DIRECTION('',(0.,0.,1.));
#14718=DIRECTION('',(0.,0.,1.));
#14719=DIRECTION('',(1.,0.,0.));
#14720=DIRECTION('',(0.,0.,1.));
#14721=DIRECTION('',(0.,0.5,0.866025403784439));
#14722=DIRECTION('',(0.,-0.866025403784439,0.5));
#14723=DIRECTION('',(0.,-0.866025403784439,0.5));
#14724=DIRECTION('',(0.,-0.866025403784439,0.5));
#14725=DIRECTION('',(0.,-0.5,0.866025403784439));
#14726=DIRECTION('',(0.,-0.866025403784439,-0.5));
#14727=DIRECTION('',(1.,0.,0.));
#14728=DIRECTION('',(0.,-0.866025403784439,-0.5));
#14729=DIRECTION('',(1.,0.,0.));
#14730=DIRECTION('',(0.,-0.866025403784439,-0.5));
#14731=DIRECTION('',(0.,-1.,0.));
#14732=DIRECTION('',(0.,0.,-1.));
#14733=DIRECTION('',(0.,0.,-1.));
#14734=DIRECTION('',(1.,0.,0.));
#14735=DIRECTION('',(0.,0.,-1.));
#14736=DIRECTION('',(0.,-0.5,-0.866025403784438));
#14737=DIRECTION('',(0.,0.866025403784438,-0.5));
#14738=DIRECTION('',(0.,0.866025403784438,-0.5));
#14739=DIRECTION('',(1.,0.,0.));
#14740=DIRECTION('',(0.,0.866025403784438,-0.5));
#14741=DIRECTION('',(0.,0.5,-0.866025403784439));
#14742=DIRECTION('',(0.,0.866025403784439,0.5));
#14743=DIRECTION('',(0.,0.866025403784439,0.5));
#14744=DIRECTION('',(1.,0.,0.));
#14745=DIRECTION('',(0.,0.866025403784439,0.5));
#14746=DIRECTION('',(0.,1.,0.));
#14747=DIRECTION('',(0.,0.,1.));
#14748=DIRECTION('',(0.,0.,1.));
#14749=DIRECTION('',(1.,0.,0.));
#14750=DIRECTION('',(0.,0.,1.));
#14751=DIRECTION('',(0.,0.5,0.866025403784439));
#14752=DIRECTION('',(0.,-0.866025403784439,0.5));
#14753=DIRECTION('',(0.,-0.866025403784439,0.5));
#14754=DIRECTION('',(0.,-0.866025403784439,0.5));
#14755=DIRECTION('',(0.,-0.5,0.866025403784439));
#14756=DIRECTION('',(0.,-0.866025403784439,-0.5));
#14757=DIRECTION('',(1.,0.,0.));
#14758=DIRECTION('',(0.,-0.866025403784439,-0.5));
#14759=DIRECTION('',(1.,0.,0.));
#14760=DIRECTION('',(0.,-0.866025403784439,-0.5));
#14761=DIRECTION('',(0.,-1.,0.));
#14762=DIRECTION('',(0.,0.,-1.));
#14763=DIRECTION('',(0.,0.,-1.));
#14764=DIRECTION('',(1.,0.,0.));
#14765=DIRECTION('',(0.,0.,-1.));
#14766=DIRECTION('',(0.,-0.5,-0.866025403784438));
#14767=DIRECTION('',(0.,0.866025403784438,-0.5));
#14768=DIRECTION('',(0.,0.866025403784438,-0.5));
#14769=DIRECTION('',(1.,0.,0.));
#14770=DIRECTION('',(0.,0.866025403784438,-0.5));
#14771=DIRECTION('',(0.,0.5,-0.866025403784439));
#14772=DIRECTION('',(0.,0.866025403784439,0.5));
#14773=DIRECTION('',(0.,0.866025403784439,0.5));
#14774=DIRECTION('',(1.,0.,0.));
#14775=DIRECTION('',(0.,0.866025403784439,0.5));
#14776=DIRECTION('',(0.,1.,0.));
#14777=DIRECTION('',(0.,0.,1.));
#14778=DIRECTION('',(0.,0.,1.));
#14779=DIRECTION('',(1.,0.,0.));
#14780=DIRECTION('',(0.,0.,1.));
#14781=DIRECTION('',(0.,0.5,0.866025403784439));
#14782=DIRECTION('',(0.,-0.866025403784439,0.5));
#14783=DIRECTION('',(0.,-0.866025403784439,0.5));
#14784=DIRECTION('',(0.,-0.866025403784439,0.5));
#14785=DIRECTION('',(0.,-0.5,0.866025403784439));
#14786=DIRECTION('',(0.,-0.866025403784439,-0.5));
#14787=DIRECTION('',(1.,0.,0.));
#14788=DIRECTION('',(0.,-0.866025403784439,-0.5));
#14789=DIRECTION('',(1.,0.,0.));
#14790=DIRECTION('',(0.,-0.866025403784439,-0.5));
#14791=DIRECTION('',(0.,-1.,0.));
#14792=DIRECTION('',(0.,0.,-1.));
#14793=DIRECTION('',(0.,0.,-1.));
#14794=DIRECTION('',(1.,0.,0.));
#14795=DIRECTION('',(0.,0.,-1.));
#14796=DIRECTION('',(0.,-0.5,-0.866025403784438));
#14797=DIRECTION('',(0.,0.866025403784438,-0.5));
#14798=DIRECTION('',(0.,0.866025403784438,-0.5));
#14799=DIRECTION('',(1.,0.,0.));
#14800=DIRECTION('',(0.,0.866025403784438,-0.5));
#14801=DIRECTION('',(0.,0.5,-0.866025403784439));
#14802=DIRECTION('',(0.,0.866025403784439,0.5));
#14803=DIRECTION('',(0.,0.866025403784439,0.5));
#14804=DIRECTION('',(1.,0.,0.));
#14805=DIRECTION('',(0.,0.866025403784439,0.5));
#14806=DIRECTION('',(0.,1.,0.));
#14807=DIRECTION('',(0.,0.,1.));
#14808=DIRECTION('',(0.,0.,1.));
#14809=DIRECTION('',(1.,0.,0.));
#14810=DIRECTION('',(0.,0.,1.));
#14811=DIRECTION('',(0.,0.5,0.866025403784439));
#14812=DIRECTION('',(0.,-0.866025403784439,0.5));
#14813=DIRECTION('',(0.,-0.866025403784439,0.5));
#14814=DIRECTION('',(0.,-0.866025403784439,0.5));
#14815=DIRECTION('',(0.,-0.5,0.866025403784439));
#14816=DIRECTION('',(0.,-0.866025403784439,-0.5));
#14817=DIRECTION('',(1.,0.,0.));
#14818=DIRECTION('',(0.,-0.866025403784439,-0.5));
#14819=DIRECTION('',(1.,0.,0.));
#14820=DIRECTION('',(0.,-0.866025403784439,-0.5));
#14821=DIRECTION('',(0.,-1.,0.));
#14822=DIRECTION('',(0.,0.,-1.));
#14823=DIRECTION('',(0.,0.,-1.));
#14824=DIRECTION('',(1.,0.,0.));
#14825=DIRECTION('',(0.,0.,-1.));
#14826=DIRECTION('',(0.,-0.5,-0.866025403784438));
#14827=DIRECTION('',(0.,0.866025403784438,-0.5));
#14828=DIRECTION('',(0.,0.866025403784438,-0.5));
#14829=DIRECTION('',(1.,0.,0.));
#14830=DIRECTION('',(0.,0.866025403784438,-0.5));
#14831=DIRECTION('',(0.,0.5,-0.866025403784439));
#14832=DIRECTION('',(0.,0.866025403784439,0.5));
#14833=DIRECTION('',(0.,0.866025403784439,0.5));
#14834=DIRECTION('',(1.,0.,0.));
#14835=DIRECTION('',(0.,0.866025403784439,0.5));
#14836=DIRECTION('',(0.,1.,0.));
#14837=DIRECTION('',(0.,0.,1.));
#14838=DIRECTION('',(0.,0.,1.));
#14839=DIRECTION('',(1.,0.,0.));
#14840=DIRECTION('',(0.,0.,1.));
#14841=DIRECTION('',(0.,0.5,0.866025403784439));
#14842=DIRECTION('',(0.,-0.866025403784439,0.5));
#14843=DIRECTION('',(0.,-0.866025403784439,0.5));
#14844=DIRECTION('',(0.,-0.866025403784439,0.5));
#14845=DIRECTION('',(0.,-0.5,0.866025403784439));
#14846=DIRECTION('',(0.,-0.866025403784439,-0.5));
#14847=DIRECTION('',(1.,0.,0.));
#14848=DIRECTION('',(0.,-0.866025403784439,-0.5));
#14849=DIRECTION('',(1.,0.,0.));
#14850=DIRECTION('',(0.,-0.866025403784439,-0.5));
#14851=DIRECTION('',(0.,-1.,0.));
#14852=DIRECTION('',(0.,0.,-1.));
#14853=DIRECTION('',(0.,0.,-1.));
#14854=DIRECTION('',(1.,0.,0.));
#14855=DIRECTION('',(0.,0.,-1.));
#14856=DIRECTION('',(0.,-0.5,-0.866025403784438));
#14857=DIRECTION('',(0.,0.866025403784438,-0.5));
#14858=DIRECTION('',(0.,0.866025403784438,-0.5));
#14859=DIRECTION('',(1.,0.,0.));
#14860=DIRECTION('',(0.,0.866025403784438,-0.5));
#14861=DIRECTION('',(0.,0.5,-0.866025403784439));
#14862=DIRECTION('',(0.,0.866025403784439,0.5));
#14863=DIRECTION('',(0.,0.866025403784439,0.5));
#14864=DIRECTION('',(1.,0.,0.));
#14865=DIRECTION('',(0.,0.866025403784439,0.5));
#14866=DIRECTION('',(0.,1.,0.));
#14867=DIRECTION('',(0.,0.,1.));
#14868=DIRECTION('',(0.,0.,1.));
#14869=DIRECTION('',(1.,0.,0.));
#14870=DIRECTION('',(0.,0.,1.));
#14871=DIRECTION('',(0.,0.5,0.866025403784439));
#14872=DIRECTION('',(0.,-0.866025403784439,0.5));
#14873=DIRECTION('',(0.,-0.866025403784439,0.5));
#14874=DIRECTION('',(0.,-0.866025403784439,0.5));
#14875=DIRECTION('',(0.,-0.5,0.866025403784439));
#14876=DIRECTION('',(0.,-0.866025403784439,-0.5));
#14877=DIRECTION('',(1.,0.,0.));
#14878=DIRECTION('',(0.,-0.866025403784439,-0.5));
#14879=DIRECTION('',(1.,0.,0.));
#14880=DIRECTION('',(0.,-0.866025403784439,-0.5));
#14881=DIRECTION('',(0.,-1.,0.));
#14882=DIRECTION('',(0.,0.,-1.));
#14883=DIRECTION('',(0.,0.,-1.));
#14884=DIRECTION('',(1.,0.,0.));
#14885=DIRECTION('',(0.,0.,-1.));
#14886=DIRECTION('',(0.,-0.5,-0.866025403784438));
#14887=DIRECTION('',(0.,0.866025403784438,-0.5));
#14888=DIRECTION('',(0.,0.866025403784438,-0.5));
#14889=DIRECTION('',(1.,0.,0.));
#14890=DIRECTION('',(0.,0.866025403784438,-0.5));
#14891=DIRECTION('',(0.,0.5,-0.866025403784439));
#14892=DIRECTION('',(0.,0.866025403784439,0.5));
#14893=DIRECTION('',(0.,0.866025403784439,0.5));
#14894=DIRECTION('',(1.,0.,0.));
#14895=DIRECTION('',(0.,0.866025403784439,0.5));
#14896=DIRECTION('',(0.,1.,0.));
#14897=DIRECTION('',(0.,0.,1.));
#14898=DIRECTION('',(0.,0.,1.));
#14899=DIRECTION('',(1.,0.,0.));
#14900=DIRECTION('',(0.,0.,1.));
#14901=DIRECTION('',(0.,0.5,0.866025403784439));
#14902=DIRECTION('',(0.,-0.866025403784439,0.5));
#14903=DIRECTION('',(0.,-0.866025403784439,0.5));
#14904=DIRECTION('',(0.,-0.866025403784439,0.5));
#14905=DIRECTION('',(0.,-0.5,0.866025403784439));
#14906=DIRECTION('',(0.,-0.866025403784439,-0.5));
#14907=DIRECTION('',(1.,0.,0.));
#14908=DIRECTION('',(0.,-0.866025403784439,-0.5));
#14909=DIRECTION('',(1.,0.,0.));
#14910=DIRECTION('',(0.,-0.866025403784439,-0.5));
#14911=DIRECTION('',(0.,-1.,0.));
#14912=DIRECTION('',(0.,0.,-1.));
#14913=DIRECTION('',(0.,0.,-1.));
#14914=DIRECTION('',(1.,0.,0.));
#14915=DIRECTION('',(0.,0.,-1.));
#14916=DIRECTION('',(0.,-0.5,-0.866025403784438));
#14917=DIRECTION('',(0.,0.866025403784438,-0.5));
#14918=DIRECTION('',(0.,0.866025403784438,-0.5));
#14919=DIRECTION('',(1.,0.,0.));
#14920=DIRECTION('',(0.,0.866025403784438,-0.5));
#14921=DIRECTION('',(0.,0.5,-0.866025403784439));
#14922=DIRECTION('',(0.,0.866025403784439,0.5));
#14923=DIRECTION('',(0.,0.866025403784439,0.5));
#14924=DIRECTION('',(1.,0.,0.));
#14925=DIRECTION('',(0.,0.866025403784439,0.5));
#14926=DIRECTION('',(0.,1.,0.));
#14927=DIRECTION('',(0.,0.,1.));
#14928=DIRECTION('',(0.,0.,1.));
#14929=DIRECTION('',(1.,0.,0.));
#14930=DIRECTION('',(0.,0.,1.));
#14931=DIRECTION('',(0.,0.5,0.866025403784439));
#14932=DIRECTION('',(0.,-0.866025403784439,0.5));
#14933=DIRECTION('',(0.,-0.866025403784439,0.5));
#14934=DIRECTION('',(0.,-0.866025403784439,0.5));
#14935=DIRECTION('',(0.,-0.5,0.866025403784439));
#14936=DIRECTION('',(0.,-0.866025403784439,-0.5));
#14937=DIRECTION('',(1.,0.,0.));
#14938=DIRECTION('',(0.,-0.866025403784439,-0.5));
#14939=DIRECTION('',(1.,0.,0.));
#14940=DIRECTION('',(0.,-0.866025403784439,-0.5));
#14941=DIRECTION('',(0.,-1.,0.));
#14942=DIRECTION('',(0.,0.,-1.));
#14943=DIRECTION('',(0.,0.,-1.));
#14944=DIRECTION('',(1.,0.,0.));
#14945=DIRECTION('',(0.,0.,-1.));
#14946=DIRECTION('',(0.,-0.5,-0.866025403784438));
#14947=DIRECTION('',(0.,0.866025403784438,-0.5));
#14948=DIRECTION('',(0.,0.866025403784438,-0.5));
#14949=DIRECTION('',(1.,0.,0.));
#14950=DIRECTION('',(0.,0.866025403784438,-0.5));
#14951=DIRECTION('',(0.,0.5,-0.866025403784439));
#14952=DIRECTION('',(0.,0.866025403784439,0.5));
#14953=DIRECTION('',(0.,0.866025403784439,0.5));
#14954=DIRECTION('',(1.,0.,0.));
#14955=DIRECTION('',(0.,0.866025403784439,0.5));
#14956=DIRECTION('',(0.,1.,0.));
#14957=DIRECTION('',(0.,0.,1.));
#14958=DIRECTION('',(0.,0.,1.));
#14959=DIRECTION('',(1.,0.,0.));
#14960=DIRECTION('',(0.,0.,1.));
#14961=DIRECTION('',(0.,0.5,0.866025403784439));
#14962=DIRECTION('',(0.,-0.866025403784439,0.5));
#14963=DIRECTION('',(0.,-0.866025403784439,0.5));
#14964=DIRECTION('',(0.,-0.866025403784439,0.5));
#14965=DIRECTION('',(0.,-0.5,0.866025403784439));
#14966=DIRECTION('',(0.,-0.866025403784439,-0.5));
#14967=DIRECTION('',(1.,0.,0.));
#14968=DIRECTION('',(0.,-0.866025403784439,-0.5));
#14969=DIRECTION('',(1.,0.,0.));
#14970=DIRECTION('',(0.,-0.866025403784439,-0.5));
#14971=DIRECTION('',(0.,-1.,0.));
#14972=DIRECTION('',(0.,0.,-1.));
#14973=DIRECTION('',(0.,0.,-1.));
#14974=DIRECTION('',(1.,0.,0.));
#14975=DIRECTION('',(0.7926239891046,0.,0.609710760849692));
#14976=DIRECTION('',(1.,0.,0.));
#14977=DIRECTION('',(0.,0.,-1.));
#14978=DIRECTION('',(0.,-0.5,-0.866025403784438));
#14979=DIRECTION('',(0.,0.866025403784438,-0.5));
#14980=DIRECTION('',(0.,0.866025403784438,-0.5));
#14981=DIRECTION('',(1.,0.,0.));
#14982=DIRECTION('',(0.544988350595415,-0.726113471357244,0.419221808150319));
#14983=DIRECTION('',(0.,0.5,-0.866025403784439));
#14984=DIRECTION('',(0.,0.866025403784439,0.5));
#14985=DIRECTION('',(0.,0.866025403784439,0.5));
#14986=DIRECTION('',(1.,0.,0.));
#14987=DIRECTION('',(0.,0.866025403784439,0.5));
#14988=DIRECTION('',(-1.,0.,0.));
#14989=DIRECTION('',(-0.544988350595414,-0.726113471357244,-0.419221808150319));
#14990=DIRECTION('',(0.,1.,0.));
#14991=DIRECTION('',(0.,0.,1.));
#14992=DIRECTION('',(0.,0.,1.));
#14993=DIRECTION('',(1.,0.,0.));
#14994=DIRECTION('',(0.,0.,1.));
#14995=DIRECTION('',(0.,0.5,0.866025403784439));
#14996=DIRECTION('',(0.,-0.866025403784439,0.5));
#14997=DIRECTION('',(0.,-0.866025403784439,0.5));
#14998=DIRECTION('',(0.,-0.866025403784439,0.5));
#14999=DIRECTION('',(0.,-0.5,0.866025403784439));
#15000=DIRECTION('',(0.,-0.866025403784439,-0.5));
#15001=DIRECTION('',(1.,0.,0.));
#15002=DIRECTION('',(0.,-0.866025403784439,-0.5));
#15003=DIRECTION('',(1.,0.,0.));
#15004=DIRECTION('',(0.,-0.866025403784439,-0.5));
#15005=DIRECTION('',(0.,-1.,0.));
#15006=DIRECTION('',(0.,0.,-1.));
#15007=DIRECTION('',(0.,0.,-1.));
#15008=DIRECTION('',(1.,0.,0.));
#15009=DIRECTION('',(0.,0.,-1.));
#15010=DIRECTION('',(0.,-0.5,-0.866025403784438));
#15011=DIRECTION('',(0.,0.866025403784438,-0.5));
#15012=DIRECTION('',(0.,0.866025403784438,-0.5));
#15013=DIRECTION('',(1.,0.,0.));
#15014=DIRECTION('',(0.,0.866025403784438,-0.5));
#15015=DIRECTION('',(0.,0.5,-0.866025403784439));
#15016=DIRECTION('',(0.,0.866025403784439,0.5));
#15017=DIRECTION('',(0.,0.866025403784439,0.5));
#15018=DIRECTION('',(1.,0.,0.));
#15019=DIRECTION('',(0.,0.866025403784439,0.5));
#15020=DIRECTION('',(0.,1.,0.));
#15021=DIRECTION('',(0.,0.,1.));
#15022=DIRECTION('',(0.,0.,1.));
#15023=DIRECTION('',(1.,0.,0.));
#15024=DIRECTION('',(0.,0.,1.));
#15025=DIRECTION('',(0.,0.5,0.866025403784439));
#15026=DIRECTION('',(0.,-0.866025403784439,0.5));
#15027=DIRECTION('',(0.,-0.866025403784439,0.5));
#15028=DIRECTION('',(0.,-0.866025403784439,0.5));
#15029=DIRECTION('',(0.,-0.5,0.866025403784439));
#15030=DIRECTION('',(0.,-0.866025403784439,-0.5));
#15031=DIRECTION('',(1.,0.,0.));
#15032=DIRECTION('',(0.,-0.866025403784439,-0.5));
#15033=DIRECTION('',(1.,0.,0.));
#15034=DIRECTION('',(0.,-0.866025403784439,-0.5));
#15035=DIRECTION('',(0.,-1.,0.));
#15036=DIRECTION('',(0.,0.,-1.));
#15037=DIRECTION('',(0.,0.,-1.));
#15038=DIRECTION('',(1.,0.,0.));
#15039=DIRECTION('',(0.,0.,-1.));
#15040=DIRECTION('',(0.,-0.5,-0.866025403784438));
#15041=DIRECTION('',(0.,0.866025403784438,-0.5));
#15042=DIRECTION('',(0.,0.866025403784438,-0.5));
#15043=DIRECTION('',(1.,0.,0.));
#15044=DIRECTION('',(0.,0.866025403784438,-0.5));
#15045=DIRECTION('',(0.,0.5,-0.866025403784439));
#15046=DIRECTION('',(0.,0.866025403784439,0.5));
#15047=DIRECTION('',(0.,0.866025403784439,0.5));
#15048=DIRECTION('',(1.,0.,0.));
#15049=DIRECTION('',(0.,0.866025403784439,0.5));
#15050=DIRECTION('',(0.,1.,0.));
#15051=DIRECTION('',(0.,0.,1.));
#15052=DIRECTION('',(0.,0.,1.));
#15053=DIRECTION('',(1.,0.,0.));
#15054=DIRECTION('',(0.,0.,1.));
#15055=DIRECTION('',(0.,0.5,0.866025403784439));
#15056=DIRECTION('',(0.,-0.866025403784439,0.5));
#15057=DIRECTION('',(0.,-0.866025403784439,0.5));
#15058=DIRECTION('',(0.,-0.866025403784439,0.5));
#15059=DIRECTION('',(0.,-0.5,0.866025403784439));
#15060=DIRECTION('',(0.,-0.866025403784439,-0.5));
#15061=DIRECTION('',(1.,0.,0.));
#15062=DIRECTION('',(0.,-0.866025403784439,-0.5));
#15063=DIRECTION('',(1.,0.,0.));
#15064=DIRECTION('',(0.,-0.866025403784439,-0.5));
#15065=DIRECTION('',(0.,-1.,0.));
#15066=DIRECTION('',(0.,0.,-1.));
#15067=DIRECTION('',(0.,0.,-1.));
#15068=DIRECTION('',(1.,0.,0.));
#15069=DIRECTION('',(0.,0.,-1.));
#15070=DIRECTION('',(0.,-0.5,-0.866025403784438));
#15071=DIRECTION('',(0.,0.866025403784438,-0.5));
#15072=DIRECTION('',(0.,0.866025403784438,-0.5));
#15073=DIRECTION('',(1.,0.,0.));
#15074=DIRECTION('',(0.,0.866025403784438,-0.5));
#15075=DIRECTION('',(0.,0.5,-0.866025403784439));
#15076=DIRECTION('',(0.,0.866025403784439,0.5));
#15077=DIRECTION('',(0.,0.866025403784439,0.5));
#15078=DIRECTION('',(1.,0.,0.));
#15079=DIRECTION('',(0.,0.866025403784439,0.5));
#15080=DIRECTION('',(0.,1.,0.));
#15081=DIRECTION('',(0.,0.,1.));
#15082=DIRECTION('',(0.,0.,1.));
#15083=DIRECTION('',(1.,0.,0.));
#15084=DIRECTION('',(0.,0.,1.));
#15085=DIRECTION('',(0.,0.5,0.866025403784439));
#15086=DIRECTION('',(0.,-0.866025403784439,0.5));
#15087=DIRECTION('',(0.,-0.866025403784439,0.5));
#15088=DIRECTION('',(0.,-0.866025403784439,0.5));
#15089=DIRECTION('',(0.,-0.5,0.866025403784439));
#15090=DIRECTION('',(0.,-0.866025403784439,-0.5));
#15091=DIRECTION('',(1.,0.,0.));
#15092=DIRECTION('',(0.,-0.866025403784439,-0.5));
#15093=DIRECTION('',(1.,0.,0.));
#15094=DIRECTION('',(0.,-0.866025403784439,-0.5));
#15095=DIRECTION('',(0.,-1.,0.));
#15096=DIRECTION('',(0.,0.,-1.));
#15097=DIRECTION('',(0.,0.,-1.));
#15098=DIRECTION('',(1.,0.,0.));
#15099=DIRECTION('',(0.,0.,-1.));
#15100=DIRECTION('',(0.,-0.5,-0.866025403784438));
#15101=DIRECTION('',(0.,0.866025403784438,-0.5));
#15102=DIRECTION('',(0.,0.866025403784438,-0.5));
#15103=DIRECTION('',(1.,0.,0.));
#15104=DIRECTION('',(0.,0.866025403784438,-0.5));
#15105=DIRECTION('',(0.,0.5,-0.866025403784439));
#15106=DIRECTION('',(0.,0.866025403784439,0.5));
#15107=DIRECTION('',(0.,0.866025403784439,0.5));
#15108=DIRECTION('',(1.,0.,0.));
#15109=DIRECTION('',(0.,0.866025403784439,0.5));
#15110=DIRECTION('',(0.,1.,0.));
#15111=DIRECTION('',(0.,0.,1.));
#15112=DIRECTION('',(0.,0.,1.));
#15113=DIRECTION('',(1.,0.,0.));
#15114=DIRECTION('',(0.,0.,1.));
#15115=DIRECTION('',(0.,0.5,0.866025403784439));
#15116=DIRECTION('',(0.,-0.866025403784439,0.5));
#15117=DIRECTION('',(0.,-0.866025403784439,0.5));
#15118=DIRECTION('',(0.,-0.866025403784439,0.5));
#15119=DIRECTION('',(0.,-0.5,0.866025403784439));
#15120=DIRECTION('',(0.,-0.866025403784439,-0.5));
#15121=DIRECTION('',(1.,0.,0.));
#15122=DIRECTION('',(0.,-0.866025403784439,-0.5));
#15123=DIRECTION('',(1.,0.,0.));
#15124=DIRECTION('',(0.,-0.866025403784439,-0.5));
#15125=DIRECTION('',(0.,-1.,0.));
#15126=DIRECTION('',(0.,0.,-1.));
#15127=DIRECTION('',(0.,0.,-1.));
#15128=DIRECTION('',(1.,0.,0.));
#15129=DIRECTION('',(0.,0.,-1.));
#15130=DIRECTION('',(0.,-0.5,-0.866025403784438));
#15131=DIRECTION('',(0.,0.866025403784438,-0.5));
#15132=DIRECTION('',(0.,0.866025403784438,-0.5));
#15133=DIRECTION('',(1.,0.,0.));
#15134=DIRECTION('',(0.,0.866025403784438,-0.5));
#15135=DIRECTION('',(0.,0.5,-0.866025403784439));
#15136=DIRECTION('',(0.,0.866025403784439,0.5));
#15137=DIRECTION('',(0.,0.866025403784439,0.5));
#15138=DIRECTION('',(1.,0.,0.));
#15139=DIRECTION('',(0.,0.866025403784439,0.5));
#15140=DIRECTION('',(0.,1.,0.));
#15141=DIRECTION('',(0.,0.,1.));
#15142=DIRECTION('',(0.,0.,1.));
#15143=DIRECTION('',(1.,0.,0.));
#15144=DIRECTION('',(0.,0.,1.));
#15145=DIRECTION('',(0.,0.5,0.866025403784439));
#15146=DIRECTION('',(0.,-0.866025403784439,0.5));
#15147=DIRECTION('',(0.,-0.866025403784439,0.5));
#15148=DIRECTION('',(0.,-0.866025403784439,0.5));
#15149=DIRECTION('',(0.,-0.5,0.866025403784439));
#15150=DIRECTION('',(0.,-0.866025403784439,-0.5));
#15151=DIRECTION('',(1.,0.,0.));
#15152=DIRECTION('',(0.,-0.866025403784439,-0.5));
#15153=DIRECTION('',(1.,0.,0.));
#15154=DIRECTION('',(0.,-0.866025403784439,-0.5));
#15155=DIRECTION('',(0.,-1.,0.));
#15156=DIRECTION('',(0.,0.,-1.));
#15157=DIRECTION('',(0.,0.,-1.));
#15158=DIRECTION('',(1.,0.,0.));
#15159=DIRECTION('',(0.7926239891046,0.,0.609710760849692));
#15160=DIRECTION('',(0.,0.,-1.));
#15161=DIRECTION('',(0.,-0.5,-0.866025403784438));
#15162=DIRECTION('',(0.,0.866025403784438,-0.5));
#15163=DIRECTION('',(0.,0.866025403784438,-0.5));
#15164=DIRECTION('',(1.,0.,0.));
#15165=DIRECTION('',(0.544988350595415,-0.726113471357244,0.419221808150319));
#15166=DIRECTION('',(0.,0.5,-0.866025403784439));
#15167=DIRECTION('',(0.,0.866025403784439,0.5));
#15168=DIRECTION('',(0.,0.866025403784439,0.5));
#15169=DIRECTION('',(1.,0.,0.));
#15170=DIRECTION('',(-0.544988350595414,-0.726113471357244,-0.419221808150319));
#15171=DIRECTION('',(0.,1.,0.));
#15172=DIRECTION('',(0.,0.,1.));
#15173=DIRECTION('',(0.,0.,1.));
#15174=DIRECTION('',(1.,0.,0.));
#15175=DIRECTION('',(0.,0.,1.));
#15176=DIRECTION('',(-1.,0.,0.));
#15177=DIRECTION('',(-0.7926239891046,0.,-0.609710760849692));
#15178=DIRECTION('',(0.,0.5,0.866025403784439));
#15179=DIRECTION('',(0.,-0.866025403784439,0.5));
#15180=DIRECTION('',(0.,-0.866025403784439,0.5));
#15181=DIRECTION('',(0.,-0.866025403784439,0.5));
#15182=DIRECTION('',(0.,-0.5,0.866025403784439));
#15183=DIRECTION('',(0.,-0.866025403784439,-0.5));
#15184=DIRECTION('',(1.,0.,0.));
#15185=DIRECTION('',(0.,-0.866025403784439,-0.5));
#15186=DIRECTION('',(1.,0.,0.));
#15187=DIRECTION('',(0.,-0.866025403784439,-0.5));
#15188=DIRECTION('',(0.,-1.,0.));
#15189=DIRECTION('',(0.,0.,-1.));
#15190=DIRECTION('',(0.,0.,-1.));
#15191=DIRECTION('',(1.,0.,0.));
#15192=DIRECTION('',(0.,0.,-1.));
#15193=DIRECTION('',(0.,-0.5,-0.866025403784438));
#15194=DIRECTION('',(0.,0.866025403784438,-0.5));
#15195=DIRECTION('',(0.,0.866025403784438,-0.5));
#15196=DIRECTION('',(1.,0.,0.));
#15197=DIRECTION('',(0.,0.866025403784438,-0.5));
#15198=DIRECTION('',(0.,0.5,-0.866025403784439));
#15199=DIRECTION('',(0.,0.866025403784439,0.5));
#15200=DIRECTION('',(0.,0.866025403784439,0.5));
#15201=DIRECTION('',(1.,0.,0.));
#15202=DIRECTION('',(0.,0.866025403784439,0.5));
#15203=DIRECTION('',(0.,1.,0.));
#15204=DIRECTION('',(0.,0.,1.));
#15205=DIRECTION('',(0.,0.,1.));
#15206=DIRECTION('',(1.,0.,0.));
#15207=DIRECTION('',(0.,0.,1.));
#15208=DIRECTION('',(0.,0.5,0.866025403784439));
#15209=DIRECTION('',(0.,-0.866025403784439,0.5));
#15210=DIRECTION('',(0.,-0.866025403784439,0.5));
#15211=DIRECTION('',(0.,-0.866025403784439,0.5));
#15212=DIRECTION('',(0.,-0.5,0.866025403784439));
#15213=DIRECTION('',(0.,-0.866025403784439,-0.5));
#15214=DIRECTION('',(1.,0.,0.));
#15215=DIRECTION('',(0.,-0.866025403784439,-0.5));
#15216=DIRECTION('',(1.,0.,0.));
#15217=DIRECTION('',(0.,-0.866025403784439,-0.5));
#15218=DIRECTION('',(0.,-1.,0.));
#15219=DIRECTION('',(0.,0.,-1.));
#15220=DIRECTION('',(0.,0.,-1.));
#15221=DIRECTION('',(1.,0.,0.));
#15222=DIRECTION('',(0.,0.,-1.));
#15223=DIRECTION('',(0.,-0.5,-0.866025403784438));
#15224=DIRECTION('',(0.,0.866025403784438,-0.5));
#15225=DIRECTION('',(0.,0.866025403784438,-0.5));
#15226=DIRECTION('',(1.,0.,0.));
#15227=DIRECTION('',(0.,0.866025403784438,-0.5));
#15228=DIRECTION('',(0.,0.5,-0.866025403784439));
#15229=DIRECTION('',(0.,0.866025403784439,0.5));
#15230=DIRECTION('',(0.,0.866025403784439,0.5));
#15231=DIRECTION('',(1.,0.,0.));
#15232=DIRECTION('',(0.,0.866025403784439,0.5));
#15233=DIRECTION('',(0.,1.,0.));
#15234=DIRECTION('',(0.,0.,1.));
#15235=DIRECTION('',(0.,0.,1.));
#15236=DIRECTION('',(1.,0.,0.));
#15237=DIRECTION('',(0.,0.,1.));
#15238=DIRECTION('',(0.,0.5,0.866025403784439));
#15239=DIRECTION('',(0.,-0.866025403784439,0.5));
#15240=DIRECTION('',(0.,-0.866025403784439,0.5));
#15241=DIRECTION('',(0.,-0.866025403784439,0.5));
#15242=DIRECTION('',(0.,-0.5,0.866025403784439));
#15243=DIRECTION('',(0.,-0.866025403784439,-0.5));
#15244=DIRECTION('',(1.,0.,0.));
#15245=DIRECTION('',(0.,-0.866025403784439,-0.5));
#15246=DIRECTION('',(1.,0.,0.));
#15247=DIRECTION('',(0.,-0.866025403784439,-0.5));
#15248=DIRECTION('',(0.,-1.,0.));
#15249=DIRECTION('',(0.,0.,-1.));
#15250=DIRECTION('',(0.,0.,-1.));
#15251=DIRECTION('',(1.,0.,0.));
#15252=DIRECTION('',(0.,0.,-1.));
#15253=DIRECTION('',(0.,-0.5,-0.866025403784438));
#15254=DIRECTION('',(0.,0.866025403784438,-0.5));
#15255=DIRECTION('',(0.,0.866025403784438,-0.5));
#15256=DIRECTION('',(1.,0.,0.));
#15257=DIRECTION('',(0.,0.866025403784438,-0.5));
#15258=DIRECTION('',(0.,0.5,-0.866025403784439));
#15259=DIRECTION('',(0.,0.866025403784439,0.5));
#15260=DIRECTION('',(0.,0.866025403784439,0.5));
#15261=DIRECTION('',(1.,0.,0.));
#15262=DIRECTION('',(0.,0.866025403784439,0.5));
#15263=DIRECTION('',(0.,1.,0.));
#15264=DIRECTION('',(0.,0.,1.));
#15265=DIRECTION('',(0.,0.,1.));
#15266=DIRECTION('',(1.,0.,0.));
#15267=DIRECTION('',(0.,0.,1.));
#15268=DIRECTION('',(0.,0.5,0.866025403784439));
#15269=DIRECTION('',(0.,-0.866025403784439,0.5));
#15270=DIRECTION('',(0.,-0.866025403784439,0.5));
#15271=DIRECTION('',(0.,-0.866025403784439,0.5));
#15272=DIRECTION('',(0.,-0.5,0.866025403784439));
#15273=DIRECTION('',(0.,-0.866025403784439,-0.5));
#15274=DIRECTION('',(1.,0.,0.));
#15275=DIRECTION('',(0.,-0.866025403784439,-0.5));
#15276=DIRECTION('',(1.,0.,0.));
#15277=DIRECTION('',(0.,-0.866025403784439,-0.5));
#15278=DIRECTION('',(0.,-1.,0.));
#15279=DIRECTION('',(0.,0.,-1.));
#15280=DIRECTION('',(0.,0.,-1.));
#15281=DIRECTION('',(1.,0.,0.));
#15282=DIRECTION('',(0.,0.,-1.));
#15283=DIRECTION('',(0.,-0.5,-0.866025403784438));
#15284=DIRECTION('',(0.,0.866025403784438,-0.5));
#15285=DIRECTION('',(0.,0.866025403784438,-0.5));
#15286=DIRECTION('',(1.,0.,0.));
#15287=DIRECTION('',(0.,0.866025403784438,-0.5));
#15288=DIRECTION('',(0.,0.5,-0.866025403784439));
#15289=DIRECTION('',(0.,0.866025403784439,0.5));
#15290=DIRECTION('',(0.,0.866025403784439,0.5));
#15291=DIRECTION('',(1.,0.,0.));
#15292=DIRECTION('',(0.,0.866025403784439,0.5));
#15293=DIRECTION('',(0.,1.,0.));
#15294=DIRECTION('',(0.,0.,1.));
#15295=DIRECTION('',(0.,0.,1.));
#15296=DIRECTION('',(1.,0.,0.));
#15297=DIRECTION('',(0.,0.,1.));
#15298=DIRECTION('',(0.,0.5,0.866025403784439));
#15299=DIRECTION('',(0.,-0.866025403784439,0.5));
#15300=DIRECTION('',(0.,-0.866025403784439,0.5));
#15301=DIRECTION('',(0.,-0.866025403784439,0.5));
#15302=DIRECTION('',(0.,-0.5,0.866025403784439));
#15303=DIRECTION('',(0.,-0.866025403784439,-0.5));
#15304=DIRECTION('',(1.,0.,0.));
#15305=DIRECTION('',(0.,-0.866025403784439,-0.5));
#15306=DIRECTION('',(1.,0.,0.));
#15307=DIRECTION('',(0.,-0.866025403784439,-0.5));
#15308=DIRECTION('',(0.,-1.,0.));
#15309=DIRECTION('',(0.,0.,-1.));
#15310=DIRECTION('',(0.,0.,-1.));
#15311=DIRECTION('',(1.,0.,0.));
#15312=DIRECTION('',(0.,0.,-1.));
#15313=DIRECTION('',(0.,-0.5,-0.866025403784438));
#15314=DIRECTION('',(0.,0.866025403784438,-0.5));
#15315=DIRECTION('',(0.,0.866025403784438,-0.5));
#15316=DIRECTION('',(1.,0.,0.));
#15317=DIRECTION('',(0.,0.866025403784438,-0.5));
#15318=DIRECTION('',(0.,0.5,-0.866025403784439));
#15319=DIRECTION('',(0.,0.866025403784439,0.5));
#15320=DIRECTION('',(0.,0.866025403784439,0.5));
#15321=DIRECTION('',(1.,0.,0.));
#15322=DIRECTION('',(0.,0.866025403784439,0.5));
#15323=DIRECTION('',(0.,1.,0.));
#15324=DIRECTION('',(0.,0.,1.));
#15325=DIRECTION('',(0.,0.,1.));
#15326=DIRECTION('',(1.,0.,0.));
#15327=DIRECTION('',(0.,0.,1.));
#15328=DIRECTION('',(0.,0.5,0.866025403784439));
#15329=DIRECTION('',(0.,-0.866025403784439,0.5));
#15330=DIRECTION('',(0.,-0.866025403784439,0.5));
#15331=DIRECTION('',(0.,-0.866025403784439,0.5));
#15332=DIRECTION('',(0.,-0.5,0.866025403784439));
#15333=DIRECTION('',(0.,-0.866025403784439,-0.5));
#15334=DIRECTION('',(1.,0.,0.));
#15335=DIRECTION('',(0.,-0.866025403784439,-0.5));
#15336=DIRECTION('',(1.,0.,0.));
#15337=DIRECTION('',(0.,-0.866025403784439,-0.5));
#15338=DIRECTION('',(0.,-1.,0.));
#15339=DIRECTION('',(0.,0.,-1.));
#15340=DIRECTION('',(0.,0.,-1.));
#15341=DIRECTION('',(1.,0.,0.));
#15342=DIRECTION('',(0.,0.,-1.));
#15343=DIRECTION('',(0.,-0.5,-0.866025403784438));
#15344=DIRECTION('',(0.,0.866025403784438,-0.5));
#15345=DIRECTION('',(0.,0.866025403784438,-0.5));
#15346=DIRECTION('',(1.,0.,0.));
#15347=DIRECTION('',(0.,0.866025403784438,-0.5));
#15348=DIRECTION('',(0.,0.5,-0.866025403784439));
#15349=DIRECTION('',(0.,0.866025403784439,0.5));
#15350=DIRECTION('',(0.,0.866025403784439,0.5));
#15351=DIRECTION('',(1.,0.,0.));
#15352=DIRECTION('',(0.,0.866025403784439,0.5));
#15353=DIRECTION('',(0.,1.,0.));
#15354=DIRECTION('',(0.,0.,1.));
#15355=DIRECTION('',(0.,0.,1.));
#15356=DIRECTION('',(1.,0.,0.));
#15357=DIRECTION('',(0.,0.,1.));
#15358=DIRECTION('',(0.,0.5,0.866025403784439));
#15359=DIRECTION('',(0.,-0.866025403784439,0.5));
#15360=DIRECTION('',(0.,-0.866025403784439,0.5));
#15361=DIRECTION('',(0.,-0.866025403784439,0.5));
#15362=DIRECTION('',(0.,-0.5,0.866025403784439));
#15363=DIRECTION('',(0.,-0.866025403784439,-0.5));
#15364=DIRECTION('',(1.,0.,0.));
#15365=DIRECTION('',(0.,-0.866025403784439,-0.5));
#15366=DIRECTION('',(1.,0.,0.));
#15367=DIRECTION('',(0.,-0.866025403784439,-0.5));
#15368=DIRECTION('',(0.,-1.,0.));
#15369=DIRECTION('',(0.,0.,-1.));
#15370=DIRECTION('',(0.,0.,-1.));
#15371=DIRECTION('',(1.,0.,0.));
#15372=DIRECTION('',(0.,0.,-1.));
#15373=DIRECTION('',(0.,-0.5,-0.866025403784438));
#15374=DIRECTION('',(0.,0.866025403784438,-0.5));
#15375=DIRECTION('',(0.,0.866025403784438,-0.5));
#15376=DIRECTION('',(1.,0.,0.));
#15377=DIRECTION('',(0.,0.866025403784438,-0.5));
#15378=DIRECTION('',(0.,0.5,-0.866025403784439));
#15379=DIRECTION('',(0.,0.866025403784439,0.5));
#15380=DIRECTION('',(0.,0.866025403784439,0.5));
#15381=DIRECTION('',(1.,0.,0.));
#15382=DIRECTION('',(0.,0.866025403784439,0.5));
#15383=DIRECTION('',(0.,1.,0.));
#15384=DIRECTION('',(0.,0.,1.));
#15385=DIRECTION('',(0.,0.,1.));
#15386=DIRECTION('',(1.,0.,0.));
#15387=DIRECTION('',(0.,0.,1.));
#15388=DIRECTION('',(0.,0.5,0.866025403784439));
#15389=DIRECTION('',(0.,-0.866025403784439,0.5));
#15390=DIRECTION('',(0.,-0.866025403784439,0.5));
#15391=DIRECTION('',(0.,-0.866025403784439,0.5));
#15392=DIRECTION('',(0.,-0.5,0.866025403784439));
#15393=DIRECTION('',(0.,-0.866025403784439,-0.5));
#15394=DIRECTION('',(1.,0.,0.));
#15395=DIRECTION('',(0.,-0.866025403784439,-0.5));
#15396=DIRECTION('',(1.,0.,0.));
#15397=DIRECTION('',(0.,-0.866025403784439,-0.5));
#15398=DIRECTION('',(0.,-1.,0.));
#15399=DIRECTION('',(0.,0.,-1.));
#15400=DIRECTION('',(0.,0.,-1.));
#15401=DIRECTION('',(1.,0.,0.));
#15402=DIRECTION('',(0.,0.,-1.));
#15403=DIRECTION('',(0.,-0.5,-0.866025403784438));
#15404=DIRECTION('',(0.,0.866025403784438,-0.5));
#15405=DIRECTION('',(0.,0.866025403784438,-0.5));
#15406=DIRECTION('',(1.,0.,0.));
#15407=DIRECTION('',(0.,0.866025403784438,-0.5));
#15408=DIRECTION('',(0.,0.5,-0.866025403784439));
#15409=DIRECTION('',(0.,0.866025403784439,0.5));
#15410=DIRECTION('',(0.,0.866025403784439,0.5));
#15411=DIRECTION('',(1.,0.,0.));
#15412=DIRECTION('',(0.,0.866025403784439,0.5));
#15413=DIRECTION('',(0.,1.,0.));
#15414=DIRECTION('',(0.,0.,1.));
#15415=DIRECTION('',(0.,0.,1.));
#15416=DIRECTION('',(1.,0.,0.));
#15417=DIRECTION('',(0.,0.,1.));
#15418=DIRECTION('',(0.,0.5,0.866025403784439));
#15419=DIRECTION('',(0.,-0.866025403784439,0.5));
#15420=DIRECTION('',(0.,-0.866025403784439,0.5));
#15421=DIRECTION('',(0.,-0.866025403784439,0.5));
#15422=DIRECTION('',(0.,-0.5,0.866025403784439));
#15423=DIRECTION('',(0.,-0.866025403784439,-0.5));
#15424=DIRECTION('',(1.,0.,0.));
#15425=DIRECTION('',(0.,-0.866025403784439,-0.5));
#15426=DIRECTION('',(1.,0.,0.));
#15427=DIRECTION('',(0.,-0.866025403784439,-0.5));
#15428=DIRECTION('',(0.,-1.,0.));
#15429=DIRECTION('',(0.,0.,-1.));
#15430=DIRECTION('',(0.,0.,-1.));
#15431=DIRECTION('',(1.,0.,0.));
#15432=DIRECTION('',(0.,0.,-1.));
#15433=DIRECTION('',(0.,-0.5,-0.866025403784438));
#15434=DIRECTION('',(0.,0.866025403784438,-0.5));
#15435=DIRECTION('',(0.,0.866025403784438,-0.5));
#15436=DIRECTION('',(1.,0.,0.));
#15437=DIRECTION('',(0.,0.866025403784438,-0.5));
#15438=DIRECTION('',(0.,0.5,-0.866025403784439));
#15439=DIRECTION('',(0.,0.866025403784439,0.5));
#15440=DIRECTION('',(0.,0.866025403784439,0.5));
#15441=DIRECTION('',(1.,0.,0.));
#15442=DIRECTION('',(0.,0.866025403784439,0.5));
#15443=DIRECTION('',(0.,1.,0.));
#15444=DIRECTION('',(0.,0.,1.));
#15445=DIRECTION('',(0.,0.,1.));
#15446=DIRECTION('',(1.,0.,0.));
#15447=DIRECTION('',(0.,0.,1.));
#15448=DIRECTION('',(0.,0.5,0.866025403784439));
#15449=DIRECTION('',(0.,-0.866025403784439,0.5));
#15450=DIRECTION('',(0.,-0.866025403784439,0.5));
#15451=DIRECTION('',(0.,-0.866025403784439,0.5));
#15452=DIRECTION('',(0.,-0.5,0.866025403784439));
#15453=DIRECTION('',(0.,-0.866025403784439,-0.5));
#15454=DIRECTION('',(1.,0.,0.));
#15455=DIRECTION('',(0.,-0.866025403784439,-0.5));
#15456=DIRECTION('',(1.,0.,0.));
#15457=DIRECTION('',(0.,-0.866025403784439,-0.5));
#15458=DIRECTION('',(0.,-1.,0.));
#15459=DIRECTION('',(0.,0.,-1.));
#15460=DIRECTION('',(0.,0.,-1.));
#15461=DIRECTION('',(1.,0.,0.));
#15462=DIRECTION('',(0.,0.,-1.));
#15463=DIRECTION('',(0.,-0.5,-0.866025403784438));
#15464=DIRECTION('',(0.,0.866025403784438,-0.5));
#15465=DIRECTION('',(0.,0.866025403784438,-0.5));
#15466=DIRECTION('',(1.,0.,0.));
#15467=DIRECTION('',(0.,0.866025403784438,-0.5));
#15468=DIRECTION('',(0.,0.5,-0.866025403784439));
#15469=DIRECTION('',(0.,0.866025403784439,0.5));
#15470=DIRECTION('',(0.,0.866025403784439,0.5));
#15471=DIRECTION('',(1.,0.,0.));
#15472=DIRECTION('',(0.,0.866025403784439,0.5));
#15473=DIRECTION('',(0.,1.,0.));
#15474=DIRECTION('',(0.,0.,1.));
#15475=DIRECTION('',(0.,0.,1.));
#15476=DIRECTION('',(1.,0.,0.));
#15477=DIRECTION('',(0.,0.,1.));
#15478=DIRECTION('',(0.,0.5,0.866025403784439));
#15479=DIRECTION('',(0.,-0.866025403784439,0.5));
#15480=DIRECTION('',(0.,-0.866025403784439,0.5));
#15481=DIRECTION('',(0.,-0.866025403784439,0.5));
#15482=DIRECTION('',(0.,-0.5,0.866025403784439));
#15483=DIRECTION('',(0.,-0.866025403784439,-0.5));
#15484=DIRECTION('',(1.,0.,0.));
#15485=DIRECTION('',(0.,-0.866025403784439,-0.5));
#15486=DIRECTION('',(1.,0.,0.));
#15487=DIRECTION('',(0.,-0.866025403784439,-0.5));
#15488=DIRECTION('',(0.,-1.,0.));
#15489=DIRECTION('',(0.,0.,-1.));
#15490=DIRECTION('',(0.,0.,-1.));
#15491=DIRECTION('',(1.,0.,0.));
#15492=DIRECTION('',(0.,0.,-1.));
#15493=DIRECTION('',(0.,-0.5,-0.866025403784438));
#15494=DIRECTION('',(0.,0.866025403784438,-0.5));
#15495=DIRECTION('',(0.,0.866025403784438,-0.5));
#15496=DIRECTION('',(1.,0.,0.));
#15497=DIRECTION('',(0.,0.866025403784438,-0.5));
#15498=DIRECTION('',(0.,0.5,-0.866025403784439));
#15499=DIRECTION('',(0.,0.866025403784439,0.5));
#15500=DIRECTION('',(0.,0.866025403784439,0.5));
#15501=DIRECTION('',(1.,0.,0.));
#15502=DIRECTION('',(0.,0.866025403784439,0.5));
#15503=DIRECTION('',(0.,1.,0.));
#15504=DIRECTION('',(0.,0.,1.));
#15505=DIRECTION('',(0.,0.,1.));
#15506=DIRECTION('',(1.,0.,0.));
#15507=DIRECTION('',(0.,0.,1.));
#15508=DIRECTION('',(0.,0.5,0.866025403784439));
#15509=DIRECTION('',(0.,-0.866025403784439,0.5));
#15510=DIRECTION('',(0.,-0.866025403784439,0.5));
#15511=DIRECTION('',(0.,-0.866025403784439,0.5));
#15512=DIRECTION('',(0.,-0.5,0.866025403784439));
#15513=DIRECTION('',(0.,-0.866025403784439,-0.5));
#15514=DIRECTION('',(1.,0.,0.));
#15515=DIRECTION('',(0.,-0.866025403784439,-0.5));
#15516=DIRECTION('',(1.,0.,0.));
#15517=DIRECTION('',(0.,-0.866025403784439,-0.5));
#15518=DIRECTION('',(0.,-1.,0.));
#15519=DIRECTION('',(0.,0.,-1.));
#15520=DIRECTION('',(0.,0.,-1.));
#15521=DIRECTION('',(1.,0.,0.));
#15522=DIRECTION('',(0.,0.,-1.));
#15523=DIRECTION('',(0.,-0.5,-0.866025403784438));
#15524=DIRECTION('',(0.,0.866025403784438,-0.5));
#15525=DIRECTION('',(0.,0.866025403784438,-0.5));
#15526=DIRECTION('',(1.,0.,0.));
#15527=DIRECTION('',(0.,0.866025403784438,-0.5));
#15528=DIRECTION('',(0.,0.5,-0.866025403784439));
#15529=DIRECTION('',(0.,0.866025403784439,0.5));
#15530=DIRECTION('',(0.,0.866025403784439,0.5));
#15531=DIRECTION('',(1.,0.,0.));
#15532=DIRECTION('',(0.,0.866025403784439,0.5));
#15533=DIRECTION('',(0.,1.,0.));
#15534=DIRECTION('',(0.,0.,1.));
#15535=DIRECTION('',(0.,0.,1.));
#15536=DIRECTION('',(1.,0.,0.));
#15537=DIRECTION('',(0.,0.,1.));
#15538=DIRECTION('',(0.,0.5,0.866025403784439));
#15539=DIRECTION('',(0.,-0.866025403784439,0.5));
#15540=DIRECTION('',(0.,-0.866025403784439,0.5));
#15541=DIRECTION('',(0.,-0.866025403784439,0.5));
#15542=DIRECTION('',(0.,-0.5,0.866025403784439));
#15543=DIRECTION('',(0.,-0.866025403784439,-0.5));
#15544=DIRECTION('',(1.,0.,0.));
#15545=DIRECTION('',(0.,-0.866025403784439,-0.5));
#15546=DIRECTION('',(1.,0.,0.));
#15547=DIRECTION('',(0.,-0.866025403784439,-0.5));
#15548=DIRECTION('',(0.,-1.,0.));
#15549=DIRECTION('',(0.,0.,-1.));
#15550=DIRECTION('',(0.,0.,-1.));
#15551=DIRECTION('',(1.,0.,0.));
#15552=DIRECTION('',(0.,0.,-1.));
#15553=DIRECTION('',(0.,-0.5,-0.866025403784438));
#15554=DIRECTION('',(0.,0.866025403784438,-0.5));
#15555=DIRECTION('',(0.,0.866025403784438,-0.5));
#15556=DIRECTION('',(1.,0.,0.));
#15557=DIRECTION('',(0.,0.866025403784438,-0.5));
#15558=DIRECTION('',(0.,0.5,-0.866025403784439));
#15559=DIRECTION('',(0.,0.866025403784439,0.5));
#15560=DIRECTION('',(0.,0.866025403784439,0.5));
#15561=DIRECTION('',(1.,0.,0.));
#15562=DIRECTION('',(0.,0.866025403784439,0.5));
#15563=DIRECTION('',(0.,1.,0.));
#15564=DIRECTION('',(0.,0.,1.));
#15565=DIRECTION('',(0.,0.,1.));
#15566=DIRECTION('',(1.,0.,0.));
#15567=DIRECTION('',(0.,0.,1.));
#15568=DIRECTION('',(0.,0.5,0.866025403784439));
#15569=DIRECTION('',(0.,-0.866025403784439,0.5));
#15570=DIRECTION('',(0.,-0.866025403784439,0.5));
#15571=DIRECTION('',(0.,-0.866025403784439,0.5));
#15572=DIRECTION('',(0.,-0.5,0.866025403784439));
#15573=DIRECTION('',(0.,-0.866025403784439,-0.5));
#15574=DIRECTION('',(1.,0.,0.));
#15575=DIRECTION('',(0.,-0.866025403784439,-0.5));
#15576=DIRECTION('',(1.,0.,0.));
#15577=DIRECTION('',(0.,-0.866025403784439,-0.5));
#15578=DIRECTION('',(0.,-1.,0.));
#15579=DIRECTION('',(0.,0.,-1.));
#15580=DIRECTION('',(0.,0.,-1.));
#15581=DIRECTION('',(1.,0.,0.));
#15582=DIRECTION('',(0.,0.,-1.));
#15583=DIRECTION('',(0.,-0.5,-0.866025403784438));
#15584=DIRECTION('',(0.,0.866025403784438,-0.5));
#15585=DIRECTION('',(0.,0.866025403784438,-0.5));
#15586=DIRECTION('',(1.,0.,0.));
#15587=DIRECTION('',(0.,0.866025403784438,-0.5));
#15588=DIRECTION('',(0.,0.5,-0.866025403784439));
#15589=DIRECTION('',(0.,0.866025403784439,0.5));
#15590=DIRECTION('',(0.,0.866025403784439,0.5));
#15591=DIRECTION('',(1.,0.,0.));
#15592=DIRECTION('',(0.,0.866025403784439,0.5));
#15593=DIRECTION('',(0.,1.,0.));
#15594=DIRECTION('',(0.,0.,1.));
#15595=DIRECTION('',(0.,0.,1.));
#15596=DIRECTION('',(1.,0.,0.));
#15597=DIRECTION('',(0.,0.,1.));
#15598=DIRECTION('',(0.,0.5,0.866025403784439));
#15599=DIRECTION('',(0.,-0.866025403784439,0.5));
#15600=DIRECTION('',(0.,-0.866025403784439,0.5));
#15601=DIRECTION('',(0.,-0.866025403784439,0.5));
#15602=DIRECTION('',(0.,-0.5,0.866025403784439));
#15603=DIRECTION('',(0.,-0.866025403784439,-0.5));
#15604=DIRECTION('',(1.,0.,0.));
#15605=DIRECTION('',(0.,-0.866025403784439,-0.5));
#15606=DIRECTION('',(1.,0.,0.));
#15607=DIRECTION('',(0.,-0.866025403784439,-0.5));
#15608=DIRECTION('',(0.,-1.,0.));
#15609=DIRECTION('',(0.,0.,-1.));
#15610=DIRECTION('',(0.,0.,-1.));
#15611=DIRECTION('',(1.,0.,0.));
#15612=DIRECTION('',(0.,0.,-1.));
#15613=DIRECTION('',(0.,-0.5,-0.866025403784438));
#15614=DIRECTION('',(0.,0.866025403784438,-0.5));
#15615=DIRECTION('',(0.,0.866025403784438,-0.5));
#15616=DIRECTION('',(1.,0.,0.));
#15617=DIRECTION('',(0.,0.866025403784438,-0.5));
#15618=DIRECTION('',(0.,0.5,-0.866025403784439));
#15619=DIRECTION('',(0.,0.866025403784439,0.5));
#15620=DIRECTION('',(0.,0.866025403784439,0.5));
#15621=DIRECTION('',(1.,0.,0.));
#15622=DIRECTION('',(0.,0.866025403784439,0.5));
#15623=DIRECTION('',(0.,1.,0.));
#15624=DIRECTION('',(0.,0.,1.));
#15625=DIRECTION('',(0.,0.,1.));
#15626=DIRECTION('',(1.,0.,0.));
#15627=DIRECTION('',(0.,0.,1.));
#15628=DIRECTION('',(0.,0.5,0.866025403784439));
#15629=DIRECTION('',(0.,-0.866025403784439,0.5));
#15630=DIRECTION('',(0.,-0.866025403784439,0.5));
#15631=DIRECTION('',(0.,-0.866025403784439,0.5));
#15632=DIRECTION('',(0.,-0.5,0.866025403784439));
#15633=DIRECTION('',(0.,-0.866025403784439,-0.5));
#15634=DIRECTION('',(1.,0.,0.));
#15635=DIRECTION('',(0.,-0.866025403784439,-0.5));
#15636=DIRECTION('',(1.,0.,0.));
#15637=DIRECTION('',(0.,-0.866025403784439,-0.5));
#15638=DIRECTION('',(0.,-1.,0.));
#15639=DIRECTION('',(0.,0.,-1.));
#15640=DIRECTION('',(0.,0.,-1.));
#15641=DIRECTION('',(1.,0.,0.));
#15642=DIRECTION('',(0.,0.,-1.));
#15643=DIRECTION('',(0.,-0.5,-0.866025403784438));
#15644=DIRECTION('',(0.,0.866025403784438,-0.5));
#15645=DIRECTION('',(0.,0.866025403784438,-0.5));
#15646=DIRECTION('',(1.,0.,0.));
#15647=DIRECTION('',(0.,0.866025403784438,-0.5));
#15648=DIRECTION('',(0.,0.5,-0.866025403784439));
#15649=DIRECTION('',(0.,0.866025403784439,0.5));
#15650=DIRECTION('',(0.,0.866025403784439,0.5));
#15651=DIRECTION('',(1.,0.,0.));
#15652=DIRECTION('',(0.,0.866025403784439,0.5));
#15653=DIRECTION('',(0.,1.,0.));
#15654=DIRECTION('',(0.,0.,1.));
#15655=DIRECTION('',(0.,0.,1.));
#15656=DIRECTION('',(1.,0.,0.));
#15657=DIRECTION('',(0.,0.,1.));
#15658=DIRECTION('',(0.,0.5,0.866025403784439));
#15659=DIRECTION('',(0.,-0.866025403784439,0.5));
#15660=DIRECTION('',(0.,-0.866025403784439,0.5));
#15661=DIRECTION('',(0.,-0.866025403784439,0.5));
#15662=DIRECTION('',(0.,-0.5,0.866025403784439));
#15663=DIRECTION('',(0.,-0.866025403784439,-0.5));
#15664=DIRECTION('',(1.,0.,0.));
#15665=DIRECTION('',(0.,-0.866025403784439,-0.5));
#15666=DIRECTION('',(1.,0.,0.));
#15667=DIRECTION('',(0.,-0.866025403784439,-0.5));
#15668=DIRECTION('',(0.,-1.,0.));
#15669=DIRECTION('',(0.,0.,-1.));
#15670=DIRECTION('',(0.,0.,-1.));
#15671=DIRECTION('',(1.,0.,0.));
#15672=DIRECTION('',(0.,0.,-1.));
#15673=DIRECTION('',(0.,-0.5,-0.866025403784438));
#15674=DIRECTION('',(0.,0.866025403784438,-0.5));
#15675=DIRECTION('',(0.,0.866025403784438,-0.5));
#15676=DIRECTION('',(1.,0.,0.));
#15677=DIRECTION('',(0.,0.866025403784438,-0.5));
#15678=DIRECTION('',(0.,0.5,-0.866025403784439));
#15679=DIRECTION('',(0.,0.866025403784439,0.5));
#15680=DIRECTION('',(0.,0.866025403784439,0.5));
#15681=DIRECTION('',(1.,0.,0.));
#15682=DIRECTION('',(0.,0.866025403784439,0.5));
#15683=DIRECTION('',(0.,1.,0.));
#15684=DIRECTION('',(0.,0.,1.));
#15685=DIRECTION('',(0.,0.,1.));
#15686=DIRECTION('',(1.,0.,0.));
#15687=DIRECTION('',(0.,0.,1.));
#15688=DIRECTION('',(0.,0.5,0.866025403784439));
#15689=DIRECTION('',(0.,-0.866025403784439,0.5));
#15690=DIRECTION('',(0.,-0.866025403784439,0.5));
#15691=DIRECTION('',(0.,-0.866025403784439,0.5));
#15692=DIRECTION('',(0.,-0.5,0.866025403784439));
#15693=DIRECTION('',(0.,-0.866025403784439,-0.5));
#15694=DIRECTION('',(1.,0.,0.));
#15695=DIRECTION('',(0.,-0.866025403784439,-0.5));
#15696=DIRECTION('',(1.,0.,0.));
#15697=DIRECTION('',(0.,-0.866025403784439,-0.5));
#15698=DIRECTION('',(0.,-1.,0.));
#15699=DIRECTION('',(0.,0.,-1.));
#15700=DIRECTION('',(0.,0.,-1.));
#15701=DIRECTION('',(1.,0.,0.));
#15702=DIRECTION('',(0.,0.,-1.));
#15703=DIRECTION('',(0.,-0.5,-0.866025403784438));
#15704=DIRECTION('',(0.,0.866025403784438,-0.5));
#15705=DIRECTION('',(0.,0.866025403784438,-0.5));
#15706=DIRECTION('',(1.,0.,0.));
#15707=DIRECTION('',(0.,0.866025403784438,-0.5));
#15708=DIRECTION('',(0.,0.5,-0.866025403784439));
#15709=DIRECTION('',(0.,0.866025403784439,0.5));
#15710=DIRECTION('',(0.,0.866025403784439,0.5));
#15711=DIRECTION('',(1.,0.,0.));
#15712=DIRECTION('',(0.,0.866025403784439,0.5));
#15713=DIRECTION('',(0.,1.,0.));
#15714=DIRECTION('',(0.,0.,1.));
#15715=DIRECTION('',(0.,0.,1.));
#15716=DIRECTION('',(1.,0.,0.));
#15717=DIRECTION('',(0.,0.,1.));
#15718=DIRECTION('',(0.,0.5,0.866025403784439));
#15719=DIRECTION('',(0.,-0.866025403784439,0.5));
#15720=DIRECTION('',(0.,-0.866025403784439,0.5));
#15721=DIRECTION('',(0.,-0.866025403784439,0.5));
#15722=DIRECTION('',(0.,-0.5,0.866025403784439));
#15723=DIRECTION('',(0.,-0.866025403784439,-0.5));
#15724=DIRECTION('',(1.,0.,0.));
#15725=DIRECTION('',(0.,-0.866025403784439,-0.5));
#15726=DIRECTION('',(1.,0.,0.));
#15727=DIRECTION('',(0.,-0.866025403784439,-0.5));
#15728=DIRECTION('',(0.,-1.,0.));
#15729=DIRECTION('',(0.,0.,-1.));
#15730=DIRECTION('',(0.,0.,-1.));
#15731=DIRECTION('',(1.,0.,0.));
#15732=DIRECTION('',(0.,0.,-1.));
#15733=DIRECTION('',(0.,-0.5,-0.866025403784438));
#15734=DIRECTION('',(0.,0.866025403784438,-0.5));
#15735=DIRECTION('',(0.,0.866025403784438,-0.5));
#15736=DIRECTION('',(1.,0.,0.));
#15737=DIRECTION('',(0.,0.866025403784438,-0.5));
#15738=DIRECTION('',(0.,0.5,-0.866025403784439));
#15739=DIRECTION('',(0.,0.866025403784439,0.5));
#15740=DIRECTION('',(0.,0.866025403784439,0.5));
#15741=DIRECTION('',(1.,0.,0.));
#15742=DIRECTION('',(0.,0.866025403784439,0.5));
#15743=DIRECTION('',(0.,1.,0.));
#15744=DIRECTION('',(0.,0.,1.));
#15745=DIRECTION('',(0.,0.,1.));
#15746=DIRECTION('',(1.,0.,0.));
#15747=DIRECTION('',(0.,0.,1.));
#15748=DIRECTION('',(0.,0.5,0.866025403784439));
#15749=DIRECTION('',(0.,-0.866025403784439,0.5));
#15750=DIRECTION('',(0.,-0.866025403784439,0.5));
#15751=DIRECTION('',(0.,-0.866025403784439,0.5));
#15752=DIRECTION('',(0.,-0.5,0.866025403784439));
#15753=DIRECTION('',(0.,-0.866025403784439,-0.5));
#15754=DIRECTION('',(1.,0.,0.));
#15755=DIRECTION('',(0.,-0.866025403784439,-0.5));
#15756=DIRECTION('',(1.,0.,0.));
#15757=DIRECTION('',(0.,-0.866025403784439,-0.5));
#15758=DIRECTION('',(0.,-1.,0.));
#15759=DIRECTION('',(0.,0.,-1.));
#15760=DIRECTION('',(0.,0.,-1.));
#15761=DIRECTION('',(1.,0.,0.));
#15762=DIRECTION('',(0.,0.,-1.));
#15763=DIRECTION('',(0.,-0.5,-0.866025403784438));
#15764=DIRECTION('',(0.,0.866025403784438,-0.5));
#15765=DIRECTION('',(0.,0.866025403784438,-0.5));
#15766=DIRECTION('',(1.,0.,0.));
#15767=DIRECTION('',(0.,0.866025403784438,-0.5));
#15768=DIRECTION('',(0.,0.5,-0.866025403784439));
#15769=DIRECTION('',(0.,0.866025403784439,0.5));
#15770=DIRECTION('',(0.,0.866025403784439,0.5));
#15771=DIRECTION('',(1.,0.,0.));
#15772=DIRECTION('',(0.,0.866025403784439,0.5));
#15773=DIRECTION('',(0.,1.,0.));
#15774=DIRECTION('',(0.,0.,1.));
#15775=DIRECTION('',(0.,0.,1.));
#15776=DIRECTION('',(1.,0.,0.));
#15777=DIRECTION('',(0.,0.,1.));
#15778=DIRECTION('',(0.,0.5,0.866025403784439));
#15779=DIRECTION('',(0.,-0.866025403784439,0.5));
#15780=DIRECTION('',(0.,-0.866025403784439,0.5));
#15781=DIRECTION('',(0.,-0.866025403784439,0.5));
#15782=DIRECTION('',(0.,-0.5,0.866025403784439));
#15783=DIRECTION('',(0.,-0.866025403784439,-0.5));
#15784=DIRECTION('',(1.,0.,0.));
#15785=DIRECTION('',(0.,-0.866025403784439,-0.5));
#15786=DIRECTION('',(1.,0.,0.));
#15787=DIRECTION('',(0.,-0.866025403784439,-0.5));
#15788=DIRECTION('',(0.,-1.,0.));
#15789=DIRECTION('',(0.,0.,-1.));
#15790=DIRECTION('',(0.,0.,-1.));
#15791=DIRECTION('',(1.,0.,0.));
#15792=DIRECTION('',(0.,0.,-1.));
#15793=DIRECTION('',(0.,-0.5,-0.866025403784438));
#15794=DIRECTION('',(0.,0.866025403784438,-0.5));
#15795=DIRECTION('',(0.,0.866025403784438,-0.5));
#15796=DIRECTION('',(1.,0.,0.));
#15797=DIRECTION('',(0.,0.866025403784438,-0.5));
#15798=DIRECTION('',(0.,0.5,-0.866025403784439));
#15799=DIRECTION('',(0.,0.866025403784439,0.5));
#15800=DIRECTION('',(0.,0.866025403784439,0.5));
#15801=DIRECTION('',(1.,0.,0.));
#15802=DIRECTION('',(0.,0.866025403784439,0.5));
#15803=DIRECTION('',(0.,1.,0.));
#15804=DIRECTION('',(0.,0.,1.));
#15805=DIRECTION('',(0.,0.,1.));
#15806=DIRECTION('',(1.,0.,0.));
#15807=DIRECTION('',(0.,0.,1.));
#15808=DIRECTION('',(0.,0.5,0.866025403784439));
#15809=DIRECTION('',(0.,-0.866025403784439,0.5));
#15810=DIRECTION('',(0.,-0.866025403784439,0.5));
#15811=DIRECTION('',(0.,-0.866025403784439,0.5));
#15812=DIRECTION('',(0.,-0.5,0.866025403784439));
#15813=DIRECTION('',(0.,-0.866025403784439,-0.5));
#15814=DIRECTION('',(1.,0.,0.));
#15815=DIRECTION('',(0.,-0.866025403784439,-0.5));
#15816=DIRECTION('',(1.,0.,0.));
#15817=DIRECTION('',(0.,-0.866025403784439,-0.5));
#15818=DIRECTION('',(0.,-1.,0.));
#15819=DIRECTION('',(0.,0.,-1.));
#15820=DIRECTION('',(0.,0.,-1.));
#15821=DIRECTION('',(1.,0.,0.));
#15822=DIRECTION('',(0.,0.,-1.));
#15823=DIRECTION('',(0.,-0.5,-0.866025403784438));
#15824=DIRECTION('',(0.,0.866025403784438,-0.5));
#15825=DIRECTION('',(0.,0.866025403784438,-0.5));
#15826=DIRECTION('',(1.,0.,0.));
#15827=DIRECTION('',(0.,0.866025403784438,-0.5));
#15828=DIRECTION('',(0.,0.5,-0.866025403784439));
#15829=DIRECTION('',(0.,0.866025403784439,0.5));
#15830=DIRECTION('',(0.,0.866025403784439,0.5));
#15831=DIRECTION('',(1.,0.,0.));
#15832=DIRECTION('',(0.,0.866025403784439,0.5));
#15833=DIRECTION('',(0.,1.,0.));
#15834=DIRECTION('',(0.,0.,1.));
#15835=DIRECTION('',(0.,0.,1.));
#15836=DIRECTION('',(1.,0.,0.));
#15837=DIRECTION('',(0.,0.,1.));
#15838=DIRECTION('',(0.,0.5,0.866025403784439));
#15839=DIRECTION('',(0.,-0.866025403784439,0.5));
#15840=DIRECTION('',(0.,-0.866025403784439,0.5));
#15841=DIRECTION('',(0.,-0.866025403784439,0.5));
#15842=DIRECTION('',(0.,-0.5,0.866025403784439));
#15843=DIRECTION('',(0.,-0.866025403784439,-0.5));
#15844=DIRECTION('',(1.,0.,0.));
#15845=DIRECTION('',(0.,-0.866025403784439,-0.5));
#15846=DIRECTION('',(1.,0.,0.));
#15847=DIRECTION('',(0.,-0.866025403784439,-0.5));
#15848=DIRECTION('',(0.,-1.,0.));
#15849=DIRECTION('',(0.,0.,-1.));
#15850=DIRECTION('',(0.,0.,-1.));
#15851=DIRECTION('',(1.,0.,0.));
#15852=DIRECTION('',(0.,0.,-1.));
#15853=DIRECTION('',(0.,-0.5,-0.866025403784438));
#15854=DIRECTION('',(0.,0.866025403784438,-0.5));
#15855=DIRECTION('',(0.,0.866025403784438,-0.5));
#15856=DIRECTION('',(1.,0.,0.));
#15857=DIRECTION('',(0.,0.866025403784438,-0.5));
#15858=DIRECTION('',(0.,0.5,-0.866025403784439));
#15859=DIRECTION('',(0.,0.866025403784439,0.5));
#15860=DIRECTION('',(0.,0.866025403784439,0.5));
#15861=DIRECTION('',(1.,0.,0.));
#15862=DIRECTION('',(0.,0.866025403784439,0.5));
#15863=DIRECTION('',(0.,1.,0.));
#15864=DIRECTION('',(0.,0.,1.));
#15865=DIRECTION('',(0.,0.,1.));
#15866=DIRECTION('',(1.,0.,0.));
#15867=DIRECTION('',(0.,0.,1.));
#15868=DIRECTION('',(0.,0.5,0.866025403784439));
#15869=DIRECTION('',(0.,-0.866025403784439,0.5));
#15870=DIRECTION('',(0.,-0.866025403784439,0.5));
#15871=DIRECTION('',(0.,-0.866025403784439,0.5));
#15872=DIRECTION('',(1.,0.,0.));
#15873=DIRECTION('',(0.,1.,0.));
#15874=DIRECTION('',(1.,0.,0.));
#15875=DIRECTION('',(0.,0.,-1.));
#15876=DIRECTION('',(1.,0.,0.));
#15877=DIRECTION('',(0.,0.,-1.));
#15878=DIRECTION('',(0.,-0.866025403784439,0.5));
#15879=DIRECTION('',(0.,-0.866025403784439,-0.5));
#15880=DIRECTION('',(0.,0.,-1.));
#15881=DIRECTION('',(0.,0.866025403784438,-0.5));
#15882=DIRECTION('',(0.,0.866025403784439,0.5));
#15883=DIRECTION('',(0.,0.,1.));
#15884=DIRECTION('',(1.,0.,0.));
#15885=DIRECTION('',(0.,0.,-1.));
#15886=DIRECTION('',(1.,0.,0.));
#15887=DIRECTION('',(0.,0.,-1.));
#15888=DIRECTION('',(0.,4.95635278850517E-16,-1.));
#15889=DIRECTION('',(0.,1.,0.));
#15890=DIRECTION('',(0.,-3.89427719096834E-16,1.));
#15891=DIRECTION('',(0.,1.,0.));
#15892=DIRECTION('',(0.,0.,1.));
#15893=DIRECTION('',(0.,-1.,5.18795805899605E-16));
#15894=DIRECTION('',(0.,9.84240270057763E-17,1.));
#15895=DIRECTION('',(0.,-1.,0.));
#15896=DIRECTION('',(0.,9.84240270057763E-17,1.));
#15897=DIRECTION('',(0.,-1.,5.18795805899605E-16));
#15898=DIRECTION('',(0.,0.,-1.));
#15899=DIRECTION('',(0.,1.,0.));
#15900=DIRECTION('',(1.,0.,0.));
#15901=DIRECTION('',(0.,1.,0.));
#15902=DIRECTION('',(1.,0.,0.));
#15903=DIRECTION('',(0.,0.,-1.));
#15904=DIRECTION('',(-1.,0.,0.));
#15905=DIRECTION('',(0.,0.,-1.));
#15906=DIRECTION('',(1.,0.,0.));
#15907=DIRECTION('',(0.,0.,-1.));
#15908=DIRECTION('',(0.,-0.866025403784439,-0.5));
#15909=DIRECTION('',(0.,-0.866025403784439,0.5));
#15910=DIRECTION('',(0.,0.,1.));
#15911=DIRECTION('',(0.,0.866025403784439,0.5));
#15912=DIRECTION('',(0.,0.866025403784438,-0.5));
#15913=DIRECTION('',(0.,0.,-1.));
#15914=DIRECTION('',(0.,1.,0.));
#15915=DIRECTION('',(0.,0.,-1.));
#15916=DIRECTION('',(0.,-1.,0.));
#15917=DIRECTION('',(0.,0.,1.));
#15918=DIRECTION('',(0.,-1.,0.));
#15919=DIRECTION('',(0.,0.,1.));
#15920=DIRECTION('',(0.,-1.,0.));
#15921=DIRECTION('',(0.,0.,1.));
#15922=DIRECTION('',(-1.,0.,0.));
#15923=DIRECTION('',(0.,0.,-1.));
#15924=DIRECTION('',(0.,0.,1.));
#15925=DIRECTION('',(1.,0.,0.));
#15926=DIRECTION('',(0.,1.,0.));
#15927=DIRECTION('',(-0.997054485501582,0.0766964988847371,0.));
#15928=DIRECTION('',(-1.,0.,0.));
#15929=DIRECTION('',(0.,0.,-1.));
#15930=DIRECTION('',(-1.,0.,0.));
#15931=DIRECTION('',(-0.997054485501582,0.0766964988847371,0.));
#15932=DIRECTION('',(-1.,0.,0.));
#15933=DIRECTION('',(0.,0.,1.));
#15934=DIRECTION('',(1.,0.,0.));
#15935=DIRECTION('',(0.997054485501582,0.0766964988847371,0.));
#15936=DIRECTION('',(0.,1.,0.));
#15937=DIRECTION('',(-1.,0.,0.));
#15938=DIRECTION('',(0.,-1.,0.));
#15939=DIRECTION('',(0.,0.,-1.));
#15940=DIRECTION('',(-1.,0.,0.));
#15941=DIRECTION('',(-1.,0.,0.));
#15942=DIRECTION('',(0.,0.,-1.));
#15943=DIRECTION('',(-1.,0.,0.));
#15944=DIRECTION('',(-1.,0.,0.));
#15945=DIRECTION('',(0.,-1.,0.));
#15946=DIRECTION('',(0.,0.,-1.));
#15947=DIRECTION('',(0.,0.,-1.));
#15948=DIRECTION('',(-1.,0.,0.));
#15949=DIRECTION('',(0.997054485501582,0.0766964988847371,0.));
#15950=DIRECTION('',(0.,-1.,-3.89427719096834E-16));
#15951=DIRECTION('',(0.,3.89427719096834E-16,-1.));
#15952=DIRECTION('',(-0.7926239891046,2.37438270906491E-16,-0.609710760849692));
#15953=DIRECTION('',(0.,-3.89427719096834E-16,1.));
#15954=DIRECTION('',(-0.707106781186548,-2.75366980955382E-16,0.707106781186548));
#15955=DIRECTION('',(0.,1.,4.95635278850517E-16));
#15956=DIRECTION('',(0.,-4.95635278850517E-16,1.));
#15957=DIRECTION('',(0.707106781186548,3.50467066670486E-16,-0.707106781186548));
#15958=DIRECTION('',(0.,4.95635278850517E-16,-1.));
#15959=DIRECTION('',(0.7926239891046,-3.02194162971898E-16,0.609710760849692));
#15960=DIRECTION('',(1.,0.,0.));
#15961=DIRECTION('',(0.,1.,0.));
#15962=DIRECTION('',(0.,-1.,0.));
#15963=DIRECTION('',(1.,0.,0.));
#15964=DIRECTION('',(0.,0.,-1.));
#15965=DIRECTION('',(0.,-1.,0.));
#15966=DIRECTION('',(0.,1.,0.));
#15967=DIRECTION('',(0.,-1.,0.));
#15968=DIRECTION('',(1.,0.,0.));
#15969=DIRECTION('',(0.,0.,-1.));
#15970=DIRECTION('',(1.,0.,0.));
#15971=DIRECTION('',(0.,1.,0.));
#15972=DIRECTION('',(1.,0.,0.));
#15973=DIRECTION('',(0.,0.,-1.));
#15974=DIRECTION('',(1.,0.,0.));
#15975=DIRECTION('',(0.,0.,-1.));
#15976=DIRECTION('',(0.,0.,1.));
#15977=DIRECTION('',(0.,-1.,0.));
#15978=DIRECTION('',(0.,0.,-1.));
#15979=DIRECTION('',(0.,1.,0.));
#15980=DIRECTION('',(0.,1.,0.));
#15981=DIRECTION('',(0.,0.,1.));
#15982=DIRECTION('',(1.,0.,0.));
#15983=DIRECTION('',(0.,0.,-1.));
#15984=DIRECTION('',(0.707106781186548,0.,-0.707106781186548));
#15985=DIRECTION('',(0.,-1.,0.));
#15986=DIRECTION('',(0.,0.,-1.));
#15987=DIRECTION('',(-0.707106781186548,0.,0.707106781186548));
#15988=DIRECTION('',(0.,0.,1.));
#15989=DIRECTION('',(1.,0.,0.));
#15990=DIRECTION('',(0.,0.,-1.));
#15991=DIRECTION('',(-1.,0.,0.));
#15992=DIRECTION('',(0.,-1.,0.));
#15993=DIRECTION('',(0.707106781186548,0.,0.707106781186548));
#15994=DIRECTION('',(0.,1.,0.));
#15995=DIRECTION('',(0.707106781186548,0.,0.707106781186548));
#15996=DIRECTION('',(0.707106781186548,0.,-0.707106781186548));
#15997=DIRECTION('',(0.707106781186548,0.,0.707106781186548));
#15998=DIRECTION('',(0.707106781186548,0.,-0.707106781186548));
#15999=DIRECTION('',(-0.706063080571639,-0.0543125446593569,0.706063080571639));
#16000=DIRECTION('',(0.706063080571639,-0.0543125446593569,-0.706063080571639));
#16001=DIRECTION('',(-0.0766964988847371,-0.997054485501582,0.));
#16002=DIRECTION('',(0.,0.,1.));
#16003=DIRECTION('',(0.994134846772434,-0.0764719112901873,0.0764719112901873));
#16004=DIRECTION('',(-0.0766964988847371,0.,0.997054485501582));
#16005=DIRECTION('',(0.,1.,0.));
#16006=DIRECTION('',(0.994134846772434,0.0764719112901873,0.0764719112901873));
#16007=DIRECTION('',(-0.0766964988847371,0.997054485501582,0.));
#16008=DIRECTION('',(0.,0.,-1.));
#16009=DIRECTION('',(0.,-0.5,0.866025403784439));
#16010=DIRECTION('',(0.,-0.866025403784439,-0.5));
#16011=DIRECTION('',(1.,0.,0.));
#16012=DIRECTION('',(1.,0.,0.));
#16013=DIRECTION('',(0.,-1.,0.));
#16014=DIRECTION('',(0.,0.,-1.));
#16015=DIRECTION('',(1.,0.,0.));
#16016=DIRECTION('',(0.,-0.5,-0.866025403784438));
#16017=DIRECTION('',(0.,0.866025403784438,-0.5));
#16018=DIRECTION('',(1.,0.,0.));
#16019=DIRECTION('',(0.,0.5,-0.866025403784439));
#16020=DIRECTION('',(0.,0.866025403784439,0.5));
#16021=DIRECTION('',(1.,0.,0.));
#16022=DIRECTION('',(0.,1.,0.));
#16023=DIRECTION('',(0.,0.,1.));
#16024=DIRECTION('',(1.,0.,0.));
#16025=DIRECTION('',(0.,0.5,0.866025403784439));
#16026=DIRECTION('',(0.,-0.866025403784439,0.5));
#16027=DIRECTION('',(1.,0.,0.));
#16028=DIRECTION('',(0.,0.,-1.));
#16029=DIRECTION('',(1.,0.,0.));
#16030=DIRECTION('',(0.,0.,-1.));
#16031=DIRECTION('',(1.,0.,0.));
#16032=DIRECTION('',(0.,0.,-1.));
#16033=DIRECTION('',(1.,0.,0.));
#16034=DIRECTION('',(0.,0.,-1.));
#16035=DIRECTION('',(0.,0.,1.));
#16036=DIRECTION('',(1.,0.,0.));
#16037=DIRECTION('',(0.,-1.,0.));
#16038=DIRECTION('',(-0.609710760849692,0.,0.7926239891046));
#16039=DIRECTION('',(0.,-1.,0.));
#16040=DIRECTION('',(1.,0.,0.));
#16041=DIRECTION('',(0.,0.,-1.));
#16042=DIRECTION('',(1.,0.,0.));
#16043=DIRECTION('',(0.,0.,-1.));
#16044=CARTESIAN_POINT('',(0.,0.,0.));
#16045=CARTESIAN_POINT('',(0.014,-0.0005,-0.0712071067811866));
#16046=CARTESIAN_POINT('',(0.014,-0.0005,-0.0712071067811866));
#16047=CARTESIAN_POINT('',(0.014,-0.0005,-0.0684142135623732));
#16048=CARTESIAN_POINT('',(0.014,-0.0005,-0.0737171572875255));
#16049=CARTESIAN_POINT('',(0.014,-0.0005,-0.0737171572875255));
#16050=CARTESIAN_POINT('',(0.014,0.0005,-0.0737171572875255));
#16051=CARTESIAN_POINT('',(0.014,0.0005,-0.0712071067811866));
#16052=CARTESIAN_POINT('',(0.014,0.0005,-0.0684142135623732));
#16053=CARTESIAN_POINT('',(0.014,-0.0005,-0.0684142135623732));
#16054=CARTESIAN_POINT('',(-0.021,-0.0005,-6.93889390390723E-17));
#16055=CARTESIAN_POINT('',(-0.023,-0.0005,0.037));
#16056=CARTESIAN_POINT('',(0.014,-0.0005,0.074));
#16057=CARTESIAN_POINT('',(-0.0598585786437627,-0.0005,0.000141421356237223));
#16058=CARTESIAN_POINT('',(-0.0403585786437627,-0.0005,-0.0193585786437627));
#16059=CARTESIAN_POINT('',(0.0065,-0.0005,-0.0609142135623732));
#16060=CARTESIAN_POINT('',(-0.001,-0.0005,-0.0534142135623732));
#16061=CARTESIAN_POINT('',(-0.001,-0.0005,-0.0364609060324614));
#16062=CARTESIAN_POINT('',(-0.001,-0.0005,-0.0195075985025496));
#16063=CARTESIAN_POINT('',(0.0065,-0.0005,-0.0137383677333188));
#16064=CARTESIAN_POINT('',(0.014,-0.0005,-0.00796913696408804));
#16065=CARTESIAN_POINT('',(0.014,-0.0005,0.0330154315179559));
#16066=CARTESIAN_POINT('',(-0.021,0.0005,-6.93889390390723E-17));
#16067=CARTESIAN_POINT('',(-0.0403585786437627,0.0005,-0.0193585786437627));
#16068=CARTESIAN_POINT('',(-0.0598585786437627,0.0005,0.000141421356237223));
#16069=CARTESIAN_POINT('',(-0.023,0.0005,0.037));
#16070=CARTESIAN_POINT('',(0.014,0.0005,0.074));
#16071=CARTESIAN_POINT('',(0.014,0.0005,0.0330154315179559));
#16072=CARTESIAN_POINT('',(0.014,0.0005,-0.00796913696408804));
#16073=CARTESIAN_POINT('',(0.0065,0.0005,-0.0137383677333188));
#16074=CARTESIAN_POINT('',(-0.001,0.0005,-0.0195075985025496));
#16075=CARTESIAN_POINT('',(-0.001,0.0005,-0.0364609060324614));
#16076=CARTESIAN_POINT('',(-0.001,0.0005,-0.0534142135623732));
#16077=CARTESIAN_POINT('',(0.0065,0.0005,-0.0609142135623732));
#16078=CARTESIAN_POINT('',(0.014,-0.0005,0.0330154315179559));
#16079=CARTESIAN_POINT('',(0.014,0.,0.073));
#16080=CARTESIAN_POINT('',(0.014,0.,0.072625));
#16081=CARTESIAN_POINT('',(0.014,1.24683249835833E-18,0.063));
#16082=CARTESIAN_POINT('',(0.014,1.24683249835833E-18,0.062625));
#16083=CARTESIAN_POINT('',(0.014,2.43945488809238E-18,0.053));
#16084=CARTESIAN_POINT('',(0.014,2.43945488809238E-18,0.052625));
#16085=CARTESIAN_POINT('',(0.014,3.68628738645072E-18,0.043));
#16086=CARTESIAN_POINT('',(0.014,3.68628738645072E-18,0.042625));
#16087=CARTESIAN_POINT('',(0.014,4.87890977618477E-18,0.033));
#16088=CARTESIAN_POINT('',(0.014,4.87890977618477E-18,0.032625));
#16089=CARTESIAN_POINT('',(0.014,6.1257422745431E-18,0.023));
#16090=CARTESIAN_POINT('',(0.014,6.1257422745431E-18,0.022625));
#16091=CARTESIAN_POINT('',(0.014,7.37257477290143E-18,0.013));
#16092=CARTESIAN_POINT('',(0.014,7.37257477290143E-18,0.012625));
#16093=CARTESIAN_POINT('',(0.014,8.56519716263549E-18,0.00299999999999994));
#16094=CARTESIAN_POINT('',(0.014,8.56519716263549E-18,0.00262499999999995));
#16095=CARTESIAN_POINT('',(0.014,9.81202966099381E-18,-0.007));
#16096=CARTESIAN_POINT('',(0.014,9.81202966099381E-18,-0.007375));
#16097=CARTESIAN_POINT('',(0.014,-0.0005,0.074));
#16098=CARTESIAN_POINT('',(0.014,-0.0005,-0.00796913696408804));
#16099=CARTESIAN_POINT('',(-0.023,-0.0005,0.037));
#16100=CARTESIAN_POINT('',(-0.0598585786437628,-0.0055,0.000141421356237274));
#16101=CARTESIAN_POINT('',(-0.0598585786437628,0.0105,0.000141421356237272));
#16102=CARTESIAN_POINT('',(-0.0598585786437628,0.0105,0.000141421356237272));
#16103=CARTESIAN_POINT('',(-0.06,0.0105,-3.72981525753349E-17));
#16104=CARTESIAN_POINT('',(-0.06,-0.0005,-3.46944695195361E-17));
#16105=CARTESIAN_POINT('',(-0.06,-0.0105,-1.14245183411211E-17));
#16106=CARTESIAN_POINT('',(-0.0598585786437628,-0.0105,0.000141421356237298));
#16107=CARTESIAN_POINT('',(-0.0598585786437628,-0.0105,0.000141421356237298));
#16108=CARTESIAN_POINT('',(-0.0598585786437628,-0.0055,0.000141421356237274));
#16109=CARTESIAN_POINT('',(-0.023,-0.0005,-0.037));
#16110=CARTESIAN_POINT('',(-0.023,0.0055,-0.037));
#16111=CARTESIAN_POINT('',(0.014,0.0005,-0.074));
#16112=CARTESIAN_POINT('',(0.014,-0.0005,-0.074));
#16113=CARTESIAN_POINT('',(0.014,-0.0005,-0.074));
#16114=CARTESIAN_POINT('',(-0.023,-0.0055,-0.037));
#16115=CARTESIAN_POINT('',(0.0065,-0.0005,-0.0609142135623732));
#16116=CARTESIAN_POINT('',(-0.000292893218813448,0.,-0.0541213203435597));
#16117=CARTESIAN_POINT('',(-0.000558058261758403,0.,-0.0538561553006147));
#16118=CARTESIAN_POINT('',(0.00253553390593274,4.87890977618477E-19,-0.0569497474683059));
#16119=CARTESIAN_POINT('',(0.00227036886298778,4.87890977618477E-19,-0.0566845824253609));
#16120=CARTESIAN_POINT('',(-0.001,-0.0005,-0.0534142135623732));
#16121=CARTESIAN_POINT('',(-0.001,-0.0005,-0.0364609060324614));
#16122=CARTESIAN_POINT('',(-0.001,0.,-0.0205075985025496));
#16123=CARTESIAN_POINT('',(-0.001,0.,-0.0208825985025496));
#16124=CARTESIAN_POINT('',(-0.001,0.,-0.0305075985025496));
#16125=CARTESIAN_POINT('',(-0.001,0.,-0.0308825985025496));
#16126=CARTESIAN_POINT('',(-0.001,0.,-0.0405075985025496));
#16127=CARTESIAN_POINT('',(-0.001,0.,-0.0408825985025496));
#16128=CARTESIAN_POINT('',(-0.001,0.,-0.0505075985025496));
#16129=CARTESIAN_POINT('',(-0.001,0.,-0.0508825985025496));
#16130=CARTESIAN_POINT('',(-0.001,-0.0005,-0.0195075985025496));
#16131=CARTESIAN_POINT('',(0.0065,-0.0005,-0.0137383677333188));
#16132=CARTESIAN_POINT('',(0.0132073760108954,-2.29621274840129E-20,-0.00857884772493773));
#16133=CARTESIAN_POINT('',(0.0135046100068096,-2.29621274840129E-20,-0.0083502061896191));
#16134=CARTESIAN_POINT('',(0.00686638409805861,-2.29621274840129E-20,-0.0134565338117353));
#16135=CARTESIAN_POINT('',(0.00716361809397284,-2.29621274840129E-20,-0.0132278922764166));
#16136=CARTESIAN_POINT('',(0.000525392185221806,-2.29621274840129E-20,-0.0183342198985328));
#16137=CARTESIAN_POINT('',(0.000822626181136031,-2.29621274840129E-20,-0.0181055783632142));
#16138=CARTESIAN_POINT('',(0.0149,9.81202966099381E-18,-0.007));
#16139=CARTESIAN_POINT('',(0.0149,9.81202966099381E-18,-0.007));
#16140=CARTESIAN_POINT('',(0.0149,9.81202966099381E-18,-0.007375));
#16141=CARTESIAN_POINT('',(0.0149,0.01225,0.0330154315179559));
#16142=CARTESIAN_POINT('',(0.0149,8.56519716263549E-18,0.00299999999999994));
#16143=CARTESIAN_POINT('',(0.0149,8.56519716263549E-18,0.00299999999999994));
#16144=CARTESIAN_POINT('',(0.0149,8.56519716263549E-18,0.00262499999999995));
#16145=CARTESIAN_POINT('',(0.0149,0.01225,0.0330154315179559));
#16146=CARTESIAN_POINT('',(0.0149,7.37257477290143E-18,0.013));
#16147=CARTESIAN_POINT('',(0.0149,7.37257477290143E-18,0.013));
#16148=CARTESIAN_POINT('',(0.0149,7.37257477290143E-18,0.012625));
#16149=CARTESIAN_POINT('',(0.0149,0.01225,0.0330154315179559));
#16150=CARTESIAN_POINT('',(0.0149,6.1257422745431E-18,0.023));
#16151=CARTESIAN_POINT('',(0.0149,6.1257422745431E-18,0.023));
#16152=CARTESIAN_POINT('',(0.0149,6.1257422745431E-18,0.022625));
#16153=CARTESIAN_POINT('',(0.0149,0.01225,0.0330154315179559));
#16154=CARTESIAN_POINT('',(0.0149,4.87890977618477E-18,0.033));
#16155=CARTESIAN_POINT('',(0.0149,4.87890977618477E-18,0.033));
#16156=CARTESIAN_POINT('',(0.0149,4.87890977618477E-18,0.032625));
#16157=CARTESIAN_POINT('',(0.0149,0.01225,0.0330154315179559));
#16158=CARTESIAN_POINT('',(0.0149,3.68628738645072E-18,0.043));
#16159=CARTESIAN_POINT('',(0.0149,3.68628738645072E-18,0.043));
#16160=CARTESIAN_POINT('',(0.0149,3.68628738645072E-18,0.042625));
#16161=CARTESIAN_POINT('',(0.0149,0.01225,0.0330154315179559));
#16162=CARTESIAN_POINT('',(0.0149,2.43945488809238E-18,0.053));
#16163=CARTESIAN_POINT('',(0.0149,2.43945488809238E-18,0.053));
#16164=CARTESIAN_POINT('',(0.0149,2.43945488809238E-18,0.052625));
#16165=CARTESIAN_POINT('',(0.0149,0.01225,0.0330154315179559));
#16166=CARTESIAN_POINT('',(0.0149,1.24683249835833E-18,0.063));
#16167=CARTESIAN_POINT('',(0.0149,1.24683249835833E-18,0.063));
#16168=CARTESIAN_POINT('',(0.0149,1.24683249835833E-18,0.062625));
#16169=CARTESIAN_POINT('',(0.0149,0.01225,0.0330154315179559));
#16170=CARTESIAN_POINT('',(0.0149,0.,0.073));
#16171=CARTESIAN_POINT('',(0.0149,0.,0.073));
#16172=CARTESIAN_POINT('',(0.0149,0.,0.072625));
#16173=CARTESIAN_POINT('',(0.0149,0.01225,0.0330154315179559));
#16174=CARTESIAN_POINT('',(0.00107413186998653,-2.29621274840129E-20,-0.0190475814887269));
#16175=CARTESIAN_POINT('',(0.00107413186998653,-2.29621274840129E-20,-0.0190475814887269));
#16176=CARTESIAN_POINT('',(0.000776897874072307,-2.29621274840129E-20,-0.0192762230240456));
#16177=CARTESIAN_POINT('',(0.00704873968476473,0.,-0.0144517293235129));
#16178=CARTESIAN_POINT('',(0.00741512378282334,-2.29621274840129E-20,-0.0141698954019294));
#16179=CARTESIAN_POINT('',(0.00741512378282334,-2.29621274840129E-20,-0.0141698954019294));
#16180=CARTESIAN_POINT('',(0.00711788978690911,-2.29621274840129E-20,-0.014398536937248));
#16181=CARTESIAN_POINT('',(0.00704873968476473,0.,-0.0144517293235129));
#16182=CARTESIAN_POINT('',(0.0137561156956601,-2.29621274840129E-20,-0.00929220931513187));
#16183=CARTESIAN_POINT('',(0.0137561156956601,-2.29621274840129E-20,-0.00929220931513187));
#16184=CARTESIAN_POINT('',(0.0134588816997459,-2.29621274840129E-20,-0.00952085085045051));
#16185=CARTESIAN_POINT('',(0.00704873968476473,0.,-0.0144517293235129));
#16186=CARTESIAN_POINT('',(-0.0001,0.,-0.0505075985025496));
#16187=CARTESIAN_POINT('',(-0.0001,0.,-0.0505075985025496));
#16188=CARTESIAN_POINT('',(-0.0001,0.,-0.0508825985025496));
#16189=CARTESIAN_POINT('',(-0.0001,0.01225,-0.0364609060324614));
#16190=CARTESIAN_POINT('',(-0.0001,0.,-0.0405075985025496));
#16191=CARTESIAN_POINT('',(-0.0001,0.,-0.0405075985025496));
#16192=CARTESIAN_POINT('',(-0.0001,0.,-0.0408825985025496));
#16193=CARTESIAN_POINT('',(-0.0001,0.01225,-0.0364609060324614));
#16194=CARTESIAN_POINT('',(-0.0001,0.,-0.0305075985025496));
#16195=CARTESIAN_POINT('',(-0.0001,0.,-0.0305075985025496));
#16196=CARTESIAN_POINT('',(-0.0001,0.,-0.0308825985025496));
#16197=CARTESIAN_POINT('',(-0.0001,0.01225,-0.0364609060324614));
#16198=CARTESIAN_POINT('',(-0.0001,0.,-0.0205075985025496));
#16199=CARTESIAN_POINT('',(-0.0001,0.,-0.0205075985025496));
#16200=CARTESIAN_POINT('',(-0.0001,0.,-0.0208825985025496));
#16201=CARTESIAN_POINT('',(-0.0001,0.01225,-0.0364609060324614));
#16202=CARTESIAN_POINT('',(0.00317193000900062,4.87890977618477E-19,-0.056313351365238));
#16203=CARTESIAN_POINT('',(0.00317193000900062,4.87890977618477E-19,-0.056313351365238));
#16204=CARTESIAN_POINT('',(0.00343709505194558,4.87890977618477E-19,-0.056578516408183));
#16205=CARTESIAN_POINT('',(0.00713639610306789,0.01225,-0.0602778174593053));
#16206=CARTESIAN_POINT('',(0.000343502884254439,0.,-0.0534849242404918));
#16207=CARTESIAN_POINT('',(0.000343502884254439,0.,-0.0534849242404918));
#16208=CARTESIAN_POINT('',(0.000608667927199394,0.,-0.0537500892834368));
#16209=CARTESIAN_POINT('',(0.00713639610306789,0.01225,-0.0602778174593053));
#16210=CARTESIAN_POINT('',(-0.0228585786437627,0.0055,-0.0368585786437627));
#16211=CARTESIAN_POINT('',(-0.0228585786437627,0.0055,-0.0368585786437627));
#16212=CARTESIAN_POINT('',(0.0141414213562373,0.0005,-0.0738585786437628));
#16213=CARTESIAN_POINT('',(0.0141414213562373,0.0005,-0.0738585786437628));
#16214=CARTESIAN_POINT('',(0.0141414213562373,-0.0005,-0.0738585786437628));
#16215=CARTESIAN_POINT('',(0.0141414213562373,-0.0005,-0.0738585786437628));
#16216=CARTESIAN_POINT('',(0.0141414213562373,-0.0005,-0.0738585786437628));
#16217=CARTESIAN_POINT('',(0.0141414213562373,-0.0005,-0.0738585786437628));
#16218=CARTESIAN_POINT('',(-0.0228585786437627,-0.0055,-0.0368585786437627));
#16219=CARTESIAN_POINT('',(-0.0228585786437627,-0.0055,-0.0368585786437627));
#16220=CARTESIAN_POINT('',(-0.0228585786437627,1.21430643318376E-17,-0.0368585786437627));
#16221=CARTESIAN_POINT('',(0.,0.,0.));
#16222=CARTESIAN_POINT('',(0.015,-6.93889390390723E-18,-0.01));
#16223=CARTESIAN_POINT('',(0.015,-0.00901923788646683,-0.01));
#16224=CARTESIAN_POINT('',(0.013,-0.00901923788646683,-0.01));
#16225=CARTESIAN_POINT('',(0.015,-0.00901923788646685,-0.01));
#16226=CARTESIAN_POINT('',(0.013,-0.01325,-0.01));
#16227=CARTESIAN_POINT('',(0.013,-0.01325,-0.01));
#16228=CARTESIAN_POINT('',(0.015,-0.01325,-0.01));
#16229=CARTESIAN_POINT('',(0.015,-0.01325,-0.01));
#16230=CARTESIAN_POINT('',(0.015,-6.93889390390723E-18,-0.01));
#16231=CARTESIAN_POINT('',(-0.007,0.0186935750346352,0.069));
#16232=CARTESIAN_POINT('',(-0.007,0.020425625842204,0.07));
#16233=CARTESIAN_POINT('',(0.015,0.020425625842204,0.07));
#16234=CARTESIAN_POINT('',(0.018,0.020425625842204,0.07));
#16235=CARTESIAN_POINT('',(0.018,0.0186935750346352,0.069));
#16236=CARTESIAN_POINT('',(0.018,0.0169615242270663,0.068));
#16237=CARTESIAN_POINT('',(-0.007,0.0169615242270663,0.068));
#16238=CARTESIAN_POINT('',(0.015,0.0169615242270663,0.068));
#16239=CARTESIAN_POINT('',(0.015,0.0137666604983954,0.0661554445662276));
#16240=CARTESIAN_POINT('',(-0.007,0.0169615242270664,0.066));
#16241=CARTESIAN_POINT('',(0.018,0.0169615242270664,0.066));
#16242=CARTESIAN_POINT('',(0.018,0.0169615242270663,0.064));
#16243=CARTESIAN_POINT('',(-0.007,0.0169615242270663,0.064));
#16244=CARTESIAN_POINT('',(0.015,0.0169615242270663,0.064));
#16245=CARTESIAN_POINT('',(0.015,0.0169615242270664,-6.24500451351651E-17));
#16246=CARTESIAN_POINT('',(-0.007,0.0186935750346351,0.063));
#16247=CARTESIAN_POINT('',(0.018,0.0186935750346351,0.063));
#16248=CARTESIAN_POINT('',(0.018,0.020425625842204,0.062));
#16249=CARTESIAN_POINT('',(-0.007,0.020425625842204,0.062));
#16250=CARTESIAN_POINT('',(0.015,0.020425625842204,0.062));
#16251=CARTESIAN_POINT('',(0.015,0.0709243371481683,0.0328445554337722));
#16252=CARTESIAN_POINT('',(-0.007,0.0221576766497729,0.063));
#16253=CARTESIAN_POINT('',(0.018,0.0221576766497729,0.063));
#16254=CARTESIAN_POINT('',(0.018,0.0238897274573419,0.064));
#16255=CARTESIAN_POINT('',(-0.007,0.0238897274573419,0.064));
#16256=CARTESIAN_POINT('',(0.015,0.0238897274573419,0.064));
#16257=CARTESIAN_POINT('',(0.015,0.0172307621135331,0.0601554445662276));
#16258=CARTESIAN_POINT('',(-0.007,0.0238897274573419,0.066));
#16259=CARTESIAN_POINT('',(0.018,0.0238897274573419,0.066));
#16260=CARTESIAN_POINT('',(0.018,0.0238897274573418,0.068));
#16261=CARTESIAN_POINT('',(-0.007,0.0238897274573418,0.068));
#16262=CARTESIAN_POINT('',(0.015,0.0238897274573418,0.068));
#16263=CARTESIAN_POINT('',(0.015,0.0238897274573419,-6.24500451351651E-17));
#16264=CARTESIAN_POINT('',(-0.007,0.0221576766497729,0.069));
#16265=CARTESIAN_POINT('',(0.018,0.0221576766497729,0.069));
#16266=CARTESIAN_POINT('',(0.015,0.0743884387633061,0.0388445554337723));
#16267=CARTESIAN_POINT('',(-0.007,0.0273538290724795,0.064));
#16268=CARTESIAN_POINT('',(-0.007,0.0290858798800484,0.065));
#16269=CARTESIAN_POINT('',(0.015,0.0290858798800484,0.065));
#16270=CARTESIAN_POINT('',(0.018,0.0290858798800484,0.065));
#16271=CARTESIAN_POINT('',(0.018,0.0273538290724795,0.064));
#16272=CARTESIAN_POINT('',(0.018,0.0256217782649107,0.063));
#16273=CARTESIAN_POINT('',(-0.007,0.0256217782649107,0.063));
#16274=CARTESIAN_POINT('',(0.015,0.0256217782649107,0.063));
#16275=CARTESIAN_POINT('',(0.015,0.0224269145362398,0.0611554445662276));
#16276=CARTESIAN_POINT('',(-0.007,0.0256217782649108,0.061));
#16277=CARTESIAN_POINT('',(0.018,0.0256217782649108,0.061));
#16278=CARTESIAN_POINT('',(0.018,0.0256217782649107,0.059));
#16279=CARTESIAN_POINT('',(-0.007,0.0256217782649107,0.059));
#16280=CARTESIAN_POINT('',(0.015,0.0256217782649107,0.059));
#16281=CARTESIAN_POINT('',(0.015,0.0256217782649108,-0.00500000000000006));
#16282=CARTESIAN_POINT('',(-0.007,0.0273538290724795,0.058));
#16283=CARTESIAN_POINT('',(0.018,0.0273538290724795,0.058));
#16284=CARTESIAN_POINT('',(0.018,0.0290858798800484,0.057));
#16285=CARTESIAN_POINT('',(-0.007,0.0290858798800484,0.057));
#16286=CARTESIAN_POINT('',(0.015,0.0290858798800484,0.057));
#16287=CARTESIAN_POINT('',(0.015,0.0795845911860127,0.0278445554337722));
#16288=CARTESIAN_POINT('',(-0.007,0.0308179306876174,0.058));
#16289=CARTESIAN_POINT('',(0.018,0.0308179306876174,0.058));
#16290=CARTESIAN_POINT('',(0.018,0.0325499814951862,0.059));
#16291=CARTESIAN_POINT('',(-0.007,0.0325499814951862,0.059));
#16292=CARTESIAN_POINT('',(0.015,0.0325499814951862,0.059));
#16293=CARTESIAN_POINT('',(0.015,0.0258910161513776,0.0551554445662276));
#16294=CARTESIAN_POINT('',(-0.007,0.0325499814951862,0.061));
#16295=CARTESIAN_POINT('',(0.018,0.0325499814951862,0.061));
#16296=CARTESIAN_POINT('',(0.018,0.0325499814951862,0.063));
#16297=CARTESIAN_POINT('',(-0.007,0.0325499814951862,0.063));
#16298=CARTESIAN_POINT('',(0.015,0.0325499814951862,0.063));
#16299=CARTESIAN_POINT('',(0.015,0.0325499814951862,-0.00500000000000006));
#16300=CARTESIAN_POINT('',(-0.007,0.0308179306876173,0.064));
#16301=CARTESIAN_POINT('',(0.018,0.0308179306876173,0.064));
#16302=CARTESIAN_POINT('',(0.015,0.0830486928011505,0.0338445554337722));
#16303=CARTESIAN_POINT('',(-0.007,0.00137306695894641,0.069));
#16304=CARTESIAN_POINT('',(-0.007,0.00310511776651528,0.07));
#16305=CARTESIAN_POINT('',(0.015,0.00310511776651528,0.07));
#16306=CARTESIAN_POINT('',(0.018,0.00310511776651528,0.07));
#16307=CARTESIAN_POINT('',(0.018,0.00137306695894641,0.069));
#16308=CARTESIAN_POINT('',(0.018,-0.000358983848622471,0.068));
#16309=CARTESIAN_POINT('',(-0.007,-0.000358983848622471,0.068));
#16310=CARTESIAN_POINT('',(0.015,-0.000358983848622471,0.068));
#16311=CARTESIAN_POINT('',(0.015,-0.00355384757729339,0.0661554445662276));
#16312=CARTESIAN_POINT('',(-0.007,-0.000358983848622436,0.066));
#16313=CARTESIAN_POINT('',(0.018,-0.000358983848622436,0.066));
#16314=CARTESIAN_POINT('',(0.018,-0.000358983848622478,0.064));
#16315=CARTESIAN_POINT('',(-0.007,-0.000358983848622478,0.064));
#16316=CARTESIAN_POINT('',(0.015,-0.000358983848622478,0.064));
#16317=CARTESIAN_POINT('',(0.015,-0.000358983848622436,-5.89805981832114E-17));
#16318=CARTESIAN_POINT('',(-0.007,0.00137306695894638,0.063));
#16319=CARTESIAN_POINT('',(0.018,0.00137306695894638,0.063));
#16320=CARTESIAN_POINT('',(0.018,0.00310511776651527,0.062));
#16321=CARTESIAN_POINT('',(-0.007,0.00310511776651527,0.062));
#16322=CARTESIAN_POINT('',(0.015,0.00310511776651527,0.062));
#16323=CARTESIAN_POINT('',(0.015,0.0536038290724796,0.0328445554337722));
#16324=CARTESIAN_POINT('',(-0.007,0.00483716857408417,0.063));
#16325=CARTESIAN_POINT('',(0.018,0.00483716857408417,0.063));
#16326=CARTESIAN_POINT('',(0.018,0.00656921938165305,0.064));
#16327=CARTESIAN_POINT('',(-0.007,0.00656921938165305,0.064));
#16328=CARTESIAN_POINT('',(0.015,0.00656921938165305,0.064));
#16329=CARTESIAN_POINT('',(0.015,-8.97459621556351E-5,0.0601554445662276));
#16330=CARTESIAN_POINT('',(-0.007,0.00656921938165305,0.066));
#16331=CARTESIAN_POINT('',(0.018,0.00656921938165305,0.066));
#16332=CARTESIAN_POINT('',(0.018,0.00656921938165304,0.068));
#16333=CARTESIAN_POINT('',(-0.007,0.00656921938165303,0.068));
#16334=CARTESIAN_POINT('',(0.015,0.00656921938165303,0.068));
#16335=CARTESIAN_POINT('',(0.015,0.00656921938165305,-5.89805981832114E-17));
#16336=CARTESIAN_POINT('',(-0.007,0.00483716857408415,0.069));
#16337=CARTESIAN_POINT('',(0.018,0.00483716857408415,0.069));
#16338=CARTESIAN_POINT('',(0.015,0.0570679306876173,0.0388445554337723));
#16339=CARTESIAN_POINT('',(-0.007,0.0100333209967908,0.064));
#16340=CARTESIAN_POINT('',(-0.007,0.0117653718043597,0.065));
#16341=CARTESIAN_POINT('',(0.015,0.0117653718043597,0.065));
#16342=CARTESIAN_POINT('',(0.018,0.0117653718043597,0.065));
#16343=CARTESIAN_POINT('',(0.018,0.0100333209967908,0.064));
#16344=CARTESIAN_POINT('',(0.018,0.00830127018922192,0.063));
#16345=CARTESIAN_POINT('',(-0.007,0.00830127018922192,0.063));
#16346=CARTESIAN_POINT('',(0.015,0.00830127018922192,0.063));
#16347=CARTESIAN_POINT('',(0.015,0.005106406460551,0.0611554445662276));
#16348=CARTESIAN_POINT('',(-0.007,0.00830127018922195,0.061));
#16349=CARTESIAN_POINT('',(0.018,0.00830127018922195,0.061));
#16350=CARTESIAN_POINT('',(0.018,0.00830127018922191,0.059));
#16351=CARTESIAN_POINT('',(-0.007,0.00830127018922191,0.059));
#16352=CARTESIAN_POINT('',(0.015,0.00830127018922191,0.059));
#16353=CARTESIAN_POINT('',(0.015,0.00830127018922195,-0.00500000000000006));
#16354=CARTESIAN_POINT('',(-0.007,0.0100333209967908,0.058));
#16355=CARTESIAN_POINT('',(0.018,0.0100333209967908,0.058));
#16356=CARTESIAN_POINT('',(0.018,0.0117653718043597,0.057));
#16357=CARTESIAN_POINT('',(-0.007,0.0117653718043597,0.057));
#16358=CARTESIAN_POINT('',(0.015,0.0117653718043597,0.057));
#16359=CARTESIAN_POINT('',(0.015,0.062264083110324,0.0278445554337722));
#16360=CARTESIAN_POINT('',(-0.007,0.0134974226119286,0.058));
#16361=CARTESIAN_POINT('',(0.018,0.0134974226119286,0.058));
#16362=CARTESIAN_POINT('',(0.018,0.0152294734194974,0.059));
#16363=CARTESIAN_POINT('',(-0.007,0.0152294734194974,0.059));
#16364=CARTESIAN_POINT('',(0.015,0.0152294734194974,0.059));
#16365=CARTESIAN_POINT('',(0.015,0.00857050807568875,0.0551554445662276));
#16366=CARTESIAN_POINT('',(-0.007,0.0152294734194974,0.061));
#16367=CARTESIAN_POINT('',(0.018,0.0152294734194974,0.061));
#16368=CARTESIAN_POINT('',(0.018,0.0152294734194974,0.063));
#16369=CARTESIAN_POINT('',(-0.007,0.0152294734194974,0.063));
#16370=CARTESIAN_POINT('',(0.015,0.0152294734194974,0.063));
#16371=CARTESIAN_POINT('',(0.015,0.0152294734194974,-0.00500000000000006));
#16372=CARTESIAN_POINT('',(-0.007,0.0134974226119285,0.064));
#16373=CARTESIAN_POINT('',(0.018,0.0134974226119285,0.064));
#16374=CARTESIAN_POINT('',(0.015,0.0657281847254617,0.0338445554337722));
#16375=CARTESIAN_POINT('',(-0.007,0.0186935750346352,0.059));
#16376=CARTESIAN_POINT('',(-0.007,0.020425625842204,0.06));
#16377=CARTESIAN_POINT('',(0.015,0.020425625842204,0.06));
#16378=CARTESIAN_POINT('',(0.018,0.020425625842204,0.06));
#16379=CARTESIAN_POINT('',(0.018,0.0186935750346352,0.059));
#16380=CARTESIAN_POINT('',(0.018,0.0169615242270663,0.058));
#16381=CARTESIAN_POINT('',(-0.007,0.0169615242270663,0.058));
#16382=CARTESIAN_POINT('',(0.015,0.0169615242270663,0.058));
#16383=CARTESIAN_POINT('',(0.015,0.0137666604983954,0.0561554445662276));
#16384=CARTESIAN_POINT('',(-0.007,0.0169615242270664,0.056));
#16385=CARTESIAN_POINT('',(0.018,0.0169615242270664,0.056));
#16386=CARTESIAN_POINT('',(0.018,0.0169615242270663,0.054));
#16387=CARTESIAN_POINT('',(-0.007,0.0169615242270663,0.054));
#16388=CARTESIAN_POINT('',(0.015,0.0169615242270663,0.054));
#16389=CARTESIAN_POINT('',(0.015,0.0169615242270664,-0.01));
#16390=CARTESIAN_POINT('',(-0.007,0.0186935750346351,0.053));
#16391=CARTESIAN_POINT('',(0.018,0.0186935750346351,0.053));
#16392=CARTESIAN_POINT('',(0.018,0.020425625842204,0.052));
#16393=CARTESIAN_POINT('',(-0.007,0.020425625842204,0.052));
#16394=CARTESIAN_POINT('',(0.015,0.020425625842204,0.052));
#16395=CARTESIAN_POINT('',(0.015,0.0709243371481683,0.0228445554337722));
#16396=CARTESIAN_POINT('',(-0.007,0.0221576766497729,0.053));
#16397=CARTESIAN_POINT('',(0.018,0.0221576766497729,0.053));
#16398=CARTESIAN_POINT('',(0.018,0.0238897274573419,0.054));
#16399=CARTESIAN_POINT('',(-0.007,0.0238897274573419,0.054));
#16400=CARTESIAN_POINT('',(0.015,0.0238897274573419,0.054));
#16401=CARTESIAN_POINT('',(0.015,0.0172307621135331,0.0501554445662276));
#16402=CARTESIAN_POINT('',(-0.007,0.0238897274573419,0.056));
#16403=CARTESIAN_POINT('',(0.018,0.0238897274573419,0.056));
#16404=CARTESIAN_POINT('',(0.018,0.0238897274573418,0.058));
#16405=CARTESIAN_POINT('',(-0.007,0.0238897274573418,0.058));
#16406=CARTESIAN_POINT('',(0.015,0.0238897274573418,0.058));
#16407=CARTESIAN_POINT('',(0.015,0.0238897274573419,-0.01));
#16408=CARTESIAN_POINT('',(-0.007,0.0221576766497729,0.059));
#16409=CARTESIAN_POINT('',(0.018,0.0221576766497729,0.059));
#16410=CARTESIAN_POINT('',(0.015,0.0743884387633061,0.0288445554337722));
#16411=CARTESIAN_POINT('',(-0.007,0.0273538290724795,0.054));
#16412=CARTESIAN_POINT('',(-0.007,0.0290858798800484,0.055));
#16413=CARTESIAN_POINT('',(0.015,0.0290858798800484,0.055));
#16414=CARTESIAN_POINT('',(0.018,0.0290858798800484,0.055));
#16415=CARTESIAN_POINT('',(0.018,0.0273538290724795,0.054));
#16416=CARTESIAN_POINT('',(0.018,0.0256217782649107,0.053));
#16417=CARTESIAN_POINT('',(-0.007,0.0256217782649107,0.053));
#16418=CARTESIAN_POINT('',(0.015,0.0256217782649107,0.053));
#16419=CARTESIAN_POINT('',(0.015,0.0224269145362398,0.0511554445662276));
#16420=CARTESIAN_POINT('',(-0.007,0.0256217782649108,0.051));
#16421=CARTESIAN_POINT('',(0.018,0.0256217782649108,0.051));
#16422=CARTESIAN_POINT('',(0.018,0.0256217782649107,0.049));
#16423=CARTESIAN_POINT('',(-0.007,0.0256217782649107,0.049));
#16424=CARTESIAN_POINT('',(0.015,0.0256217782649107,0.049));
#16425=CARTESIAN_POINT('',(0.015,0.0256217782649108,-0.015));
#16426=CARTESIAN_POINT('',(-0.007,0.0273538290724795,0.048));
#16427=CARTESIAN_POINT('',(0.018,0.0273538290724795,0.048));
#16428=CARTESIAN_POINT('',(0.018,0.0290858798800484,0.047));
#16429=CARTESIAN_POINT('',(-0.007,0.0290858798800484,0.047));
#16430=CARTESIAN_POINT('',(0.015,0.0290858798800484,0.047));
#16431=CARTESIAN_POINT('',(0.015,0.0795845911860127,0.0178445554337722));
#16432=CARTESIAN_POINT('',(-0.007,0.0308179306876174,0.048));
#16433=CARTESIAN_POINT('',(0.018,0.0308179306876174,0.048));
#16434=CARTESIAN_POINT('',(0.018,0.0325499814951862,0.049));
#16435=CARTESIAN_POINT('',(-0.007,0.0325499814951862,0.049));
#16436=CARTESIAN_POINT('',(0.015,0.0325499814951862,0.049));
#16437=CARTESIAN_POINT('',(0.015,0.0258910161513776,0.0451554445662276));
#16438=CARTESIAN_POINT('',(-0.007,0.0325499814951862,0.051));
#16439=CARTESIAN_POINT('',(0.018,0.0325499814951862,0.051));
#16440=CARTESIAN_POINT('',(0.018,0.0325499814951862,0.053));
#16441=CARTESIAN_POINT('',(-0.007,0.0325499814951862,0.053));
#16442=CARTESIAN_POINT('',(0.015,0.0325499814951862,0.053));
#16443=CARTESIAN_POINT('',(0.015,0.0325499814951862,-0.015));
#16444=CARTESIAN_POINT('',(-0.007,0.0308179306876173,0.054));
#16445=CARTESIAN_POINT('',(0.018,0.0308179306876173,0.054));
#16446=CARTESIAN_POINT('',(0.015,0.0830486928011505,0.0238445554337722));
#16447=CARTESIAN_POINT('',(-0.007,-0.0159474411167423,0.069));
#16448=CARTESIAN_POINT('',(-0.007,-0.0142153903091735,0.07));
#16449=CARTESIAN_POINT('',(0.015,-0.0142153903091735,0.07));
#16450=CARTESIAN_POINT('',(0.018,-0.0142153903091735,0.07));
#16451=CARTESIAN_POINT('',(0.018,-0.0159474411167423,0.069));
#16452=CARTESIAN_POINT('',(0.018,-0.0176794919243112,0.068));
#16453=CARTESIAN_POINT('',(-0.007,-0.0176794919243112,0.068));
#16454=CARTESIAN_POINT('',(0.015,-0.0176794919243112,0.068));
#16455=CARTESIAN_POINT('',(0.015,-0.0208743556529821,0.0661554445662276));
#16456=CARTESIAN_POINT('',(-0.007,-0.0176794919243112,0.066));
#16457=CARTESIAN_POINT('',(0.018,-0.0176794919243112,0.066));
#16458=CARTESIAN_POINT('',(0.018,-0.0176794919243112,0.064));
#16459=CARTESIAN_POINT('',(-0.007,-0.0176794919243112,0.064));
#16460=CARTESIAN_POINT('',(0.015,-0.0176794919243112,0.064));
#16461=CARTESIAN_POINT('',(0.015,-0.0176794919243112,-5.72458747072346E-17));
#16462=CARTESIAN_POINT('',(-0.007,-0.0159474411167424,0.063));
#16463=CARTESIAN_POINT('',(0.018,-0.0159474411167424,0.063));
#16464=CARTESIAN_POINT('',(0.018,-0.0142153903091735,0.062));
#16465=CARTESIAN_POINT('',(-0.007,-0.0142153903091735,0.062));
#16466=CARTESIAN_POINT('',(0.015,-0.0142153903091735,0.062));
#16467=CARTESIAN_POINT('',(0.015,0.0362833209967908,0.0328445554337722));
#16468=CARTESIAN_POINT('',(-0.007,-0.0124833395016046,0.063));
#16469=CARTESIAN_POINT('',(0.018,-0.0124833395016046,0.063));
#16470=CARTESIAN_POINT('',(0.018,-0.0107512886940357,0.064));
#16471=CARTESIAN_POINT('',(-0.007,-0.0107512886940357,0.064));
#16472=CARTESIAN_POINT('',(0.015,-0.0107512886940357,0.064));
#16473=CARTESIAN_POINT('',(0.015,-0.0174102540378444,0.0601554445662276));
#16474=CARTESIAN_POINT('',(-0.007,-0.0107512886940357,0.066));
#16475=CARTESIAN_POINT('',(0.018,-0.0107512886940357,0.066));
#16476=CARTESIAN_POINT('',(0.018,-0.0107512886940357,0.068));
#16477=CARTESIAN_POINT('',(-0.007,-0.0107512886940357,0.068));
#16478=CARTESIAN_POINT('',(0.015,-0.0107512886940357,0.068));
#16479=CARTESIAN_POINT('',(0.015,-0.0107512886940357,-5.72458747072346E-17));
#16480=CARTESIAN_POINT('',(-0.007,-0.0124833395016046,0.069));
#16481=CARTESIAN_POINT('',(0.018,-0.0124833395016046,0.069));
#16482=CARTESIAN_POINT('',(0.015,0.0397474226119285,0.0388445554337723));
#16483=CARTESIAN_POINT('',(-0.007,-0.00728718707889798,0.064));
#16484=CARTESIAN_POINT('',(-0.007,-0.0055551362713291,0.065));
#16485=CARTESIAN_POINT('',(0.015,-0.0055551362713291,0.065));
#16486=CARTESIAN_POINT('',(0.018,-0.0055551362713291,0.065));
#16487=CARTESIAN_POINT('',(0.018,-0.00728718707889798,0.064));
#16488=CARTESIAN_POINT('',(0.018,-0.00901923788646686,0.063));
#16489=CARTESIAN_POINT('',(-0.007,-0.00901923788646686,0.063));
#16490=CARTESIAN_POINT('',(0.015,-0.00901923788646686,0.063));
#16491=CARTESIAN_POINT('',(0.015,-0.0122141016151378,0.0611554445662276));
#16492=CARTESIAN_POINT('',(-0.007,-0.00901923788646682,0.061));
#16493=CARTESIAN_POINT('',(0.018,-0.00901923788646682,0.061));
#16494=CARTESIAN_POINT('',(0.018,-0.00901923788646686,0.059));
#16495=CARTESIAN_POINT('',(-0.007,-0.00901923788646686,0.059));
#16496=CARTESIAN_POINT('',(0.015,-0.00901923788646686,0.059));
#16497=CARTESIAN_POINT('',(0.015,-0.00901923788646682,-0.00500000000000006));
#16498=CARTESIAN_POINT('',(-0.007,-0.00728718707889801,0.058));
#16499=CARTESIAN_POINT('',(0.018,-0.00728718707889801,0.058));
#16500=CARTESIAN_POINT('',(0.018,-0.00555513627132911,0.057));
#16501=CARTESIAN_POINT('',(-0.007,-0.00555513627132911,0.057));
#16502=CARTESIAN_POINT('',(0.015,-0.00555513627132911,0.057));
#16503=CARTESIAN_POINT('',(0.015,0.0449435750346352,0.0278445554337722));
#16504=CARTESIAN_POINT('',(-0.007,-0.00382308546376022,0.058));
#16505=CARTESIAN_POINT('',(0.018,-0.00382308546376022,0.058));
#16506=CARTESIAN_POINT('',(0.018,-0.00209103465619133,0.059));
#16507=CARTESIAN_POINT('',(-0.007,-0.00209103465619133,0.059));
#16508=CARTESIAN_POINT('',(0.015,-0.00209103465619133,0.059));
#16509=CARTESIAN_POINT('',(0.015,-0.00875,0.0551554445662276));
#16510=CARTESIAN_POINT('',(-0.007,-0.00209103465619133,0.061));
#16511=CARTESIAN_POINT('',(0.018,-0.00209103465619133,0.061));
#16512=CARTESIAN_POINT('',(0.018,-0.00209103465619135,0.063));
#16513=CARTESIAN_POINT('',(-0.007,-0.00209103465619136,0.063));
#16514=CARTESIAN_POINT('',(0.015,-0.00209103465619136,0.063));
#16515=CARTESIAN_POINT('',(0.015,-0.00209103465619133,-0.00500000000000006));
#16516=CARTESIAN_POINT('',(-0.007,-0.00382308546376024,0.064));
#16517=CARTESIAN_POINT('',(0.018,-0.00382308546376024,0.064));
#16518=CARTESIAN_POINT('',(0.015,0.048407676649773,0.0338445554337722));
#16519=CARTESIAN_POINT('',(-0.007,0.00137306695894641,0.059));
#16520=CARTESIAN_POINT('',(-0.007,0.00310511776651528,0.06));
#16521=CARTESIAN_POINT('',(0.015,0.00310511776651528,0.06));
#16522=CARTESIAN_POINT('',(0.018,0.00310511776651528,0.06));
#16523=CARTESIAN_POINT('',(0.018,0.00137306695894641,0.059));
#16524=CARTESIAN_POINT('',(0.018,-0.000358983848622471,0.058));
#16525=CARTESIAN_POINT('',(-0.007,-0.000358983848622471,0.058));
#16526=CARTESIAN_POINT('',(0.015,-0.000358983848622471,0.058));
#16527=CARTESIAN_POINT('',(0.015,-0.00355384757729339,0.0561554445662276));
#16528=CARTESIAN_POINT('',(-0.007,-0.000358983848622436,0.056));
#16529=CARTESIAN_POINT('',(0.018,-0.000358983848622436,0.056));
#16530=CARTESIAN_POINT('',(0.018,-0.000358983848622478,0.054));
#16531=CARTESIAN_POINT('',(-0.007,-0.000358983848622478,0.054));
#16532=CARTESIAN_POINT('',(0.015,-0.000358983848622478,0.054));
#16533=CARTESIAN_POINT('',(0.015,-0.000358983848622436,-0.01));
#16534=CARTESIAN_POINT('',(-0.007,0.00137306695894638,0.053));
#16535=CARTESIAN_POINT('',(0.018,0.00137306695894638,0.053));
#16536=CARTESIAN_POINT('',(0.018,0.00310511776651527,0.052));
#16537=CARTESIAN_POINT('',(-0.007,0.00310511776651527,0.052));
#16538=CARTESIAN_POINT('',(0.015,0.00310511776651527,0.052));
#16539=CARTESIAN_POINT('',(0.015,0.0536038290724796,0.0228445554337722));
#16540=CARTESIAN_POINT('',(-0.007,0.00483716857408417,0.053));
#16541=CARTESIAN_POINT('',(0.018,0.00483716857408417,0.053));
#16542=CARTESIAN_POINT('',(0.018,0.00656921938165305,0.054));
#16543=CARTESIAN_POINT('',(-0.007,0.00656921938165305,0.054));
#16544=CARTESIAN_POINT('',(0.015,0.00656921938165305,0.054));
#16545=CARTESIAN_POINT('',(0.015,-8.97459621556351E-5,0.0501554445662276));
#16546=CARTESIAN_POINT('',(-0.007,0.00656921938165305,0.056));
#16547=CARTESIAN_POINT('',(0.018,0.00656921938165305,0.056));
#16548=CARTESIAN_POINT('',(0.018,0.00656921938165304,0.058));
#16549=CARTESIAN_POINT('',(-0.007,0.00656921938165303,0.058));
#16550=CARTESIAN_POINT('',(0.015,0.00656921938165303,0.058));
#16551=CARTESIAN_POINT('',(0.015,0.00656921938165305,-0.01));
#16552=CARTESIAN_POINT('',(-0.007,0.00483716857408415,0.059));
#16553=CARTESIAN_POINT('',(0.018,0.00483716857408415,0.059));
#16554=CARTESIAN_POINT('',(0.015,0.0570679306876173,0.0288445554337722));
#16555=CARTESIAN_POINT('',(-0.007,0.0100333209967908,0.054));
#16556=CARTESIAN_POINT('',(-0.007,0.0117653718043597,0.055));
#16557=CARTESIAN_POINT('',(0.015,0.0117653718043597,0.055));
#16558=CARTESIAN_POINT('',(0.018,0.0117653718043597,0.055));
#16559=CARTESIAN_POINT('',(0.018,0.0100333209967908,0.054));
#16560=CARTESIAN_POINT('',(0.018,0.00830127018922192,0.053));
#16561=CARTESIAN_POINT('',(-0.007,0.00830127018922192,0.053));
#16562=CARTESIAN_POINT('',(0.015,0.00830127018922192,0.053));
#16563=CARTESIAN_POINT('',(0.015,0.005106406460551,0.0511554445662276));
#16564=CARTESIAN_POINT('',(-0.007,0.00830127018922195,0.051));
#16565=CARTESIAN_POINT('',(0.018,0.00830127018922195,0.051));
#16566=CARTESIAN_POINT('',(0.018,0.00830127018922191,0.049));
#16567=CARTESIAN_POINT('',(-0.007,0.00830127018922191,0.049));
#16568=CARTESIAN_POINT('',(0.015,0.00830127018922191,0.049));
#16569=CARTESIAN_POINT('',(0.015,0.00830127018922195,-0.015));
#16570=CARTESIAN_POINT('',(-0.007,0.0100333209967908,0.048));
#16571=CARTESIAN_POINT('',(0.018,0.0100333209967908,0.048));
#16572=CARTESIAN_POINT('',(0.018,0.0117653718043597,0.047));
#16573=CARTESIAN_POINT('',(-0.007,0.0117653718043597,0.047));
#16574=CARTESIAN_POINT('',(0.015,0.0117653718043597,0.047));
#16575=CARTESIAN_POINT('',(0.015,0.062264083110324,0.0178445554337722));
#16576=CARTESIAN_POINT('',(-0.007,0.0134974226119286,0.048));
#16577=CARTESIAN_POINT('',(0.018,0.0134974226119286,0.048));
#16578=CARTESIAN_POINT('',(0.018,0.0152294734194974,0.049));
#16579=CARTESIAN_POINT('',(-0.007,0.0152294734194974,0.049));
#16580=CARTESIAN_POINT('',(0.015,0.0152294734194974,0.049));
#16581=CARTESIAN_POINT('',(0.015,0.00857050807568875,0.0451554445662276));
#16582=CARTESIAN_POINT('',(-0.007,0.0152294734194974,0.051));
#16583=CARTESIAN_POINT('',(0.018,0.0152294734194974,0.051));
#16584=CARTESIAN_POINT('',(0.018,0.0152294734194974,0.053));
#16585=CARTESIAN_POINT('',(-0.007,0.0152294734194974,0.053));
#16586=CARTESIAN_POINT('',(0.015,0.0152294734194974,0.053));
#16587=CARTESIAN_POINT('',(0.015,0.0152294734194974,-0.015));
#16588=CARTESIAN_POINT('',(-0.007,0.0134974226119285,0.054));
#16589=CARTESIAN_POINT('',(0.018,0.0134974226119285,0.054));
#16590=CARTESIAN_POINT('',(0.015,0.0657281847254617,0.0238445554337722));
#16591=CARTESIAN_POINT('',(-0.007,0.0186935750346352,0.049));
#16592=CARTESIAN_POINT('',(-0.007,0.020425625842204,0.05));
#16593=CARTESIAN_POINT('',(0.015,0.020425625842204,0.05));
#16594=CARTESIAN_POINT('',(0.018,0.020425625842204,0.05));
#16595=CARTESIAN_POINT('',(0.018,0.0186935750346352,0.049));
#16596=CARTESIAN_POINT('',(0.018,0.0169615242270663,0.048));
#16597=CARTESIAN_POINT('',(-0.007,0.0169615242270663,0.048));
#16598=CARTESIAN_POINT('',(0.015,0.0169615242270663,0.048));
#16599=CARTESIAN_POINT('',(0.015,0.0137666604983954,0.0461554445662276));
#16600=CARTESIAN_POINT('',(-0.007,0.0169615242270664,0.046));
#16601=CARTESIAN_POINT('',(0.018,0.0169615242270664,0.046));
#16602=CARTESIAN_POINT('',(0.018,0.0169615242270663,0.044));
#16603=CARTESIAN_POINT('',(-0.007,0.0169615242270663,0.044));
#16604=CARTESIAN_POINT('',(0.015,0.0169615242270663,0.044));
#16605=CARTESIAN_POINT('',(0.015,0.0169615242270664,-0.02));
#16606=CARTESIAN_POINT('',(-0.007,0.0186935750346351,0.043));
#16607=CARTESIAN_POINT('',(0.018,0.0186935750346351,0.043));
#16608=CARTESIAN_POINT('',(0.018,0.020425625842204,0.042));
#16609=CARTESIAN_POINT('',(-0.007,0.020425625842204,0.042));
#16610=CARTESIAN_POINT('',(0.015,0.020425625842204,0.042));
#16611=CARTESIAN_POINT('',(0.015,0.0709243371481683,0.0128445554337722));
#16612=CARTESIAN_POINT('',(-0.007,0.0221576766497729,0.043));
#16613=CARTESIAN_POINT('',(0.018,0.0221576766497729,0.043));
#16614=CARTESIAN_POINT('',(0.018,0.0238897274573419,0.044));
#16615=CARTESIAN_POINT('',(-0.007,0.0238897274573419,0.044));
#16616=CARTESIAN_POINT('',(0.015,0.0238897274573419,0.044));
#16617=CARTESIAN_POINT('',(0.015,0.0172307621135331,0.0401554445662276));
#16618=CARTESIAN_POINT('',(-0.007,0.0238897274573419,0.046));
#16619=CARTESIAN_POINT('',(0.018,0.0238897274573419,0.046));
#16620=CARTESIAN_POINT('',(0.018,0.0238897274573418,0.048));
#16621=CARTESIAN_POINT('',(-0.007,0.0238897274573418,0.048));
#16622=CARTESIAN_POINT('',(0.015,0.0238897274573418,0.048));
#16623=CARTESIAN_POINT('',(0.015,0.0238897274573419,-0.02));
#16624=CARTESIAN_POINT('',(-0.007,0.0221576766497729,0.049));
#16625=CARTESIAN_POINT('',(0.018,0.0221576766497729,0.049));
#16626=CARTESIAN_POINT('',(0.015,0.0743884387633061,0.0188445554337722));
#16627=CARTESIAN_POINT('',(-0.007,0.0273538290724795,0.044));
#16628=CARTESIAN_POINT('',(-0.007,0.0290858798800484,0.045));
#16629=CARTESIAN_POINT('',(0.015,0.0290858798800484,0.045));
#16630=CARTESIAN_POINT('',(0.018,0.0290858798800484,0.045));
#16631=CARTESIAN_POINT('',(0.018,0.0273538290724795,0.044));
#16632=CARTESIAN_POINT('',(0.018,0.0256217782649107,0.043));
#16633=CARTESIAN_POINT('',(-0.007,0.0256217782649107,0.043));
#16634=CARTESIAN_POINT('',(0.015,0.0256217782649107,0.043));
#16635=CARTESIAN_POINT('',(0.015,0.0224269145362398,0.0411554445662276));
#16636=CARTESIAN_POINT('',(-0.007,0.0256217782649108,0.041));
#16637=CARTESIAN_POINT('',(0.018,0.0256217782649108,0.041));
#16638=CARTESIAN_POINT('',(0.018,0.0256217782649107,0.039));
#16639=CARTESIAN_POINT('',(-0.007,0.0256217782649107,0.039));
#16640=CARTESIAN_POINT('',(0.015,0.0256217782649107,0.039));
#16641=CARTESIAN_POINT('',(0.015,0.0256217782649108,-0.025));
#16642=CARTESIAN_POINT('',(-0.007,0.0273538290724795,0.038));
#16643=CARTESIAN_POINT('',(0.018,0.0273538290724795,0.038));
#16644=CARTESIAN_POINT('',(0.018,0.0290858798800484,0.037));
#16645=CARTESIAN_POINT('',(-0.007,0.0290858798800484,0.037));
#16646=CARTESIAN_POINT('',(0.015,0.0290858798800484,0.037));
#16647=CARTESIAN_POINT('',(0.015,0.0795845911860127,0.0078445554337722));
#16648=CARTESIAN_POINT('',(-0.007,0.0308179306876174,0.038));
#16649=CARTESIAN_POINT('',(0.018,0.0308179306876174,0.038));
#16650=CARTESIAN_POINT('',(0.018,0.0325499814951862,0.039));
#16651=CARTESIAN_POINT('',(-0.007,0.0325499814951862,0.039));
#16652=CARTESIAN_POINT('',(0.015,0.0325499814951862,0.039));
#16653=CARTESIAN_POINT('',(0.015,0.0258910161513776,0.0351554445662276));
#16654=CARTESIAN_POINT('',(-0.007,0.0325499814951862,0.041));
#16655=CARTESIAN_POINT('',(0.018,0.0325499814951862,0.041));
#16656=CARTESIAN_POINT('',(0.018,0.0325499814951862,0.043));
#16657=CARTESIAN_POINT('',(-0.007,0.0325499814951862,0.043));
#16658=CARTESIAN_POINT('',(0.015,0.0325499814951862,0.043));
#16659=CARTESIAN_POINT('',(0.015,0.0325499814951862,-0.025));
#16660=CARTESIAN_POINT('',(-0.007,0.0308179306876173,0.044));
#16661=CARTESIAN_POINT('',(0.018,0.0308179306876173,0.044));
#16662=CARTESIAN_POINT('',(0.015,0.0830486928011505,0.0138445554337723));
#16663=CARTESIAN_POINT('',(-0.007,-0.0246076951545867,0.064));
#16664=CARTESIAN_POINT('',(-0.007,-0.0228756443470179,0.065));
#16665=CARTESIAN_POINT('',(0.015,-0.0228756443470179,0.065));
#16666=CARTESIAN_POINT('',(0.018,-0.0228756443470179,0.065));
#16667=CARTESIAN_POINT('',(0.018,-0.0246076951545867,0.064));
#16668=CARTESIAN_POINT('',(0.018,-0.0263397459621556,0.063));
#16669=CARTESIAN_POINT('',(-0.007,-0.0263397459621556,0.063));
#16670=CARTESIAN_POINT('',(0.015,-0.0263397459621556,0.063));
#16671=CARTESIAN_POINT('',(0.015,-0.0295346096908266,0.0611554445662276));
#16672=CARTESIAN_POINT('',(-0.007,-0.0263397459621556,0.061));
#16673=CARTESIAN_POINT('',(0.018,-0.0263397459621556,0.061));
#16674=CARTESIAN_POINT('',(0.018,-0.0263397459621556,0.059));
#16675=CARTESIAN_POINT('',(-0.007,-0.0263397459621556,0.059));
#16676=CARTESIAN_POINT('',(0.015,-0.0263397459621556,0.059));
#16677=CARTESIAN_POINT('',(0.015,-0.0263397459621556,-0.00500000000000006));
#16678=CARTESIAN_POINT('',(-0.007,-0.0246076951545868,0.058));
#16679=CARTESIAN_POINT('',(0.018,-0.0246076951545868,0.058));
#16680=CARTESIAN_POINT('',(0.018,-0.0228756443470179,0.057));
#16681=CARTESIAN_POINT('',(-0.007,-0.0228756443470179,0.057));
#16682=CARTESIAN_POINT('',(0.015,-0.0228756443470179,0.057));
#16683=CARTESIAN_POINT('',(0.015,0.0276230669589464,0.0278445554337722));
#16684=CARTESIAN_POINT('',(-0.007,-0.021143593539449,0.058));
#16685=CARTESIAN_POINT('',(0.018,-0.021143593539449,0.058));
#16686=CARTESIAN_POINT('',(0.018,-0.0194115427318801,0.059));
#16687=CARTESIAN_POINT('',(-0.007,-0.0194115427318801,0.059));
#16688=CARTESIAN_POINT('',(0.015,-0.0194115427318801,0.059));
#16689=CARTESIAN_POINT('',(0.015,-0.0260705080756888,0.0551554445662276));
#16690=CARTESIAN_POINT('',(-0.007,-0.0194115427318801,0.061));
#16691=CARTESIAN_POINT('',(0.018,-0.0194115427318801,0.061));
#16692=CARTESIAN_POINT('',(0.018,-0.0194115427318801,0.063));
#16693=CARTESIAN_POINT('',(-0.007,-0.0194115427318801,0.063));
#16694=CARTESIAN_POINT('',(0.015,-0.0194115427318801,0.063));
#16695=CARTESIAN_POINT('',(0.015,-0.0194115427318801,-0.00500000000000006));
#16696=CARTESIAN_POINT('',(-0.007,-0.021143593539449,0.064));
#16697=CARTESIAN_POINT('',(0.018,-0.021143593539449,0.064));
#16698=CARTESIAN_POINT('',(0.015,0.0310871685740842,0.0338445554337722));
#16699=CARTESIAN_POINT('',(-0.007,-0.0159474411167423,0.059));
#16700=CARTESIAN_POINT('',(-0.007,-0.0142153903091735,0.06));
#16701=CARTESIAN_POINT('',(0.015,-0.0142153903091735,0.06));
#16702=CARTESIAN_POINT('',(0.018,-0.0142153903091735,0.06));
#16703=CARTESIAN_POINT('',(0.018,-0.0159474411167423,0.059));
#16704=CARTESIAN_POINT('',(0.018,-0.0176794919243112,0.058));
#16705=CARTESIAN_POINT('',(-0.007,-0.0176794919243112,0.058));
#16706=CARTESIAN_POINT('',(0.015,-0.0176794919243112,0.058));
#16707=CARTESIAN_POINT('',(0.015,-0.0208743556529821,0.0561554445662276));
#16708=CARTESIAN_POINT('',(-0.007,-0.0176794919243112,0.056));
#16709=CARTESIAN_POINT('',(0.018,-0.0176794919243112,0.056));
#16710=CARTESIAN_POINT('',(0.018,-0.0176794919243112,0.054));
#16711=CARTESIAN_POINT('',(-0.007,-0.0176794919243112,0.054));
#16712=CARTESIAN_POINT('',(0.015,-0.0176794919243112,0.054));
#16713=CARTESIAN_POINT('',(0.015,-0.0176794919243112,-0.01));
#16714=CARTESIAN_POINT('',(-0.007,-0.0159474411167424,0.053));
#16715=CARTESIAN_POINT('',(0.018,-0.0159474411167424,0.053));
#16716=CARTESIAN_POINT('',(0.018,-0.0142153903091735,0.052));
#16717=CARTESIAN_POINT('',(-0.007,-0.0142153903091735,0.052));
#16718=CARTESIAN_POINT('',(0.015,-0.0142153903091735,0.052));
#16719=CARTESIAN_POINT('',(0.015,0.0362833209967908,0.0228445554337722));
#16720=CARTESIAN_POINT('',(-0.007,-0.0124833395016046,0.053));
#16721=CARTESIAN_POINT('',(0.018,-0.0124833395016046,0.053));
#16722=CARTESIAN_POINT('',(0.018,-0.0107512886940357,0.054));
#16723=CARTESIAN_POINT('',(-0.007,-0.0107512886940357,0.054));
#16724=CARTESIAN_POINT('',(0.015,-0.0107512886940357,0.054));
#16725=CARTESIAN_POINT('',(0.015,-0.0174102540378444,0.0501554445662276));
#16726=CARTESIAN_POINT('',(-0.007,-0.0107512886940357,0.056));
#16727=CARTESIAN_POINT('',(0.018,-0.0107512886940357,0.056));
#16728=CARTESIAN_POINT('',(0.018,-0.0107512886940357,0.058));
#16729=CARTESIAN_POINT('',(-0.007,-0.0107512886940357,0.058));
#16730=CARTESIAN_POINT('',(0.015,-0.0107512886940357,0.058));
#16731=CARTESIAN_POINT('',(0.015,-0.0107512886940357,-0.01));
#16732=CARTESIAN_POINT('',(-0.007,-0.0124833395016046,0.059));
#16733=CARTESIAN_POINT('',(0.018,-0.0124833395016046,0.059));
#16734=CARTESIAN_POINT('',(0.015,0.0397474226119285,0.0288445554337722));
#16735=CARTESIAN_POINT('',(-0.007,-0.00728718707889798,0.054));
#16736=CARTESIAN_POINT('',(-0.007,-0.0055551362713291,0.055));
#16737=CARTESIAN_POINT('',(0.015,-0.0055551362713291,0.055));
#16738=CARTESIAN_POINT('',(0.018,-0.0055551362713291,0.055));
#16739=CARTESIAN_POINT('',(0.018,-0.00728718707889798,0.054));
#16740=CARTESIAN_POINT('',(0.018,-0.00901923788646686,0.053));
#16741=CARTESIAN_POINT('',(-0.007,-0.00901923788646686,0.053));
#16742=CARTESIAN_POINT('',(0.015,-0.00901923788646686,0.053));
#16743=CARTESIAN_POINT('',(0.015,-0.0122141016151378,0.0511554445662276));
#16744=CARTESIAN_POINT('',(-0.007,-0.00901923788646682,0.051));
#16745=CARTESIAN_POINT('',(0.018,-0.00901923788646682,0.051));
#16746=CARTESIAN_POINT('',(0.018,-0.00901923788646686,0.049));
#16747=CARTESIAN_POINT('',(-0.007,-0.00901923788646686,0.049));
#16748=CARTESIAN_POINT('',(0.015,-0.00901923788646686,0.049));
#16749=CARTESIAN_POINT('',(0.015,-0.00901923788646682,-0.015));
#16750=CARTESIAN_POINT('',(-0.007,-0.00728718707889801,0.048));
#16751=CARTESIAN_POINT('',(0.018,-0.00728718707889801,0.048));
#16752=CARTESIAN_POINT('',(0.018,-0.00555513627132911,0.047));
#16753=CARTESIAN_POINT('',(-0.007,-0.00555513627132911,0.047));
#16754=CARTESIAN_POINT('',(0.015,-0.00555513627132911,0.047));
#16755=CARTESIAN_POINT('',(0.015,0.0449435750346352,0.0178445554337722));
#16756=CARTESIAN_POINT('',(-0.007,-0.00382308546376022,0.048));
#16757=CARTESIAN_POINT('',(0.018,-0.00382308546376022,0.048));
#16758=CARTESIAN_POINT('',(0.018,-0.00209103465619133,0.049));
#16759=CARTESIAN_POINT('',(-0.007,-0.00209103465619133,0.049));
#16760=CARTESIAN_POINT('',(0.015,-0.00209103465619133,0.049));
#16761=CARTESIAN_POINT('',(0.015,-0.00875,0.0451554445662276));
#16762=CARTESIAN_POINT('',(-0.007,-0.00209103465619133,0.051));
#16763=CARTESIAN_POINT('',(0.018,-0.00209103465619133,0.051));
#16764=CARTESIAN_POINT('',(0.018,-0.00209103465619135,0.053));
#16765=CARTESIAN_POINT('',(-0.007,-0.00209103465619136,0.053));
#16766=CARTESIAN_POINT('',(0.015,-0.00209103465619136,0.053));
#16767=CARTESIAN_POINT('',(0.015,-0.00209103465619133,-0.015));
#16768=CARTESIAN_POINT('',(-0.007,-0.00382308546376024,0.054));
#16769=CARTESIAN_POINT('',(0.018,-0.00382308546376024,0.054));
#16770=CARTESIAN_POINT('',(0.015,0.048407676649773,0.0238445554337722));
#16771=CARTESIAN_POINT('',(-0.007,0.00137306695894641,0.049));
#16772=CARTESIAN_POINT('',(-0.007,0.00310511776651528,0.05));
#16773=CARTESIAN_POINT('',(0.015,0.00310511776651528,0.05));
#16774=CARTESIAN_POINT('',(0.018,0.00310511776651528,0.05));
#16775=CARTESIAN_POINT('',(0.018,0.00137306695894641,0.049));
#16776=CARTESIAN_POINT('',(0.018,-0.000358983848622471,0.048));
#16777=CARTESIAN_POINT('',(-0.007,-0.000358983848622471,0.048));
#16778=CARTESIAN_POINT('',(0.015,-0.000358983848622471,0.048));
#16779=CARTESIAN_POINT('',(0.015,-0.00355384757729339,0.0461554445662276));
#16780=CARTESIAN_POINT('',(-0.007,-0.000358983848622436,0.046));
#16781=CARTESIAN_POINT('',(0.018,-0.000358983848622436,0.046));
#16782=CARTESIAN_POINT('',(0.018,-0.000358983848622478,0.044));
#16783=CARTESIAN_POINT('',(-0.007,-0.000358983848622478,0.044));
#16784=CARTESIAN_POINT('',(0.015,-0.000358983848622478,0.044));
#16785=CARTESIAN_POINT('',(0.015,-0.000358983848622436,-0.02));
#16786=CARTESIAN_POINT('',(-0.007,0.00137306695894638,0.043));
#16787=CARTESIAN_POINT('',(0.018,0.00137306695894638,0.043));
#16788=CARTESIAN_POINT('',(0.018,0.00310511776651527,0.042));
#16789=CARTESIAN_POINT('',(-0.007,0.00310511776651527,0.042));
#16790=CARTESIAN_POINT('',(0.015,0.00310511776651527,0.042));
#16791=CARTESIAN_POINT('',(0.015,0.0536038290724796,0.0128445554337722));
#16792=CARTESIAN_POINT('',(-0.007,0.00483716857408417,0.043));
#16793=CARTESIAN_POINT('',(0.018,0.00483716857408417,0.043));
#16794=CARTESIAN_POINT('',(0.018,0.00656921938165305,0.044));
#16795=CARTESIAN_POINT('',(-0.007,0.00656921938165305,0.044));
#16796=CARTESIAN_POINT('',(0.015,0.00656921938165305,0.044));
#16797=CARTESIAN_POINT('',(0.015,-8.97459621556351E-5,0.0401554445662276));
#16798=CARTESIAN_POINT('',(-0.007,0.00656921938165305,0.046));
#16799=CARTESIAN_POINT('',(0.018,0.00656921938165305,0.046));
#16800=CARTESIAN_POINT('',(0.018,0.00656921938165304,0.048));
#16801=CARTESIAN_POINT('',(-0.007,0.00656921938165303,0.048));
#16802=CARTESIAN_POINT('',(0.015,0.00656921938165303,0.048));
#16803=CARTESIAN_POINT('',(0.015,0.00656921938165305,-0.02));
#16804=CARTESIAN_POINT('',(-0.007,0.00483716857408415,0.049));
#16805=CARTESIAN_POINT('',(0.018,0.00483716857408415,0.049));
#16806=CARTESIAN_POINT('',(0.015,0.0570679306876173,0.0188445554337722));
#16807=CARTESIAN_POINT('',(-0.007,0.0100333209967908,0.044));
#16808=CARTESIAN_POINT('',(-0.007,0.0117653718043597,0.045));
#16809=CARTESIAN_POINT('',(0.015,0.0117653718043597,0.045));
#16810=CARTESIAN_POINT('',(0.018,0.0117653718043597,0.045));
#16811=CARTESIAN_POINT('',(0.018,0.0100333209967908,0.044));
#16812=CARTESIAN_POINT('',(0.018,0.00830127018922192,0.043));
#16813=CARTESIAN_POINT('',(-0.007,0.00830127018922192,0.043));
#16814=CARTESIAN_POINT('',(0.015,0.00830127018922192,0.043));
#16815=CARTESIAN_POINT('',(0.015,0.005106406460551,0.0411554445662276));
#16816=CARTESIAN_POINT('',(-0.007,0.00830127018922195,0.041));
#16817=CARTESIAN_POINT('',(0.018,0.00830127018922195,0.041));
#16818=CARTESIAN_POINT('',(0.018,0.00830127018922191,0.039));
#16819=CARTESIAN_POINT('',(-0.007,0.00830127018922191,0.039));
#16820=CARTESIAN_POINT('',(0.015,0.00830127018922191,0.039));
#16821=CARTESIAN_POINT('',(0.015,0.00830127018922195,-0.025));
#16822=CARTESIAN_POINT('',(-0.007,0.0100333209967908,0.038));
#16823=CARTESIAN_POINT('',(0.018,0.0100333209967908,0.038));
#16824=CARTESIAN_POINT('',(0.018,0.0117653718043597,0.037));
#16825=CARTESIAN_POINT('',(-0.007,0.0117653718043597,0.037));
#16826=CARTESIAN_POINT('',(0.015,0.0117653718043597,0.037));
#16827=CARTESIAN_POINT('',(0.015,0.062264083110324,0.0078445554337722));
#16828=CARTESIAN_POINT('',(-0.007,0.0134974226119286,0.038));
#16829=CARTESIAN_POINT('',(0.018,0.0134974226119286,0.038));
#16830=CARTESIAN_POINT('',(0.018,0.0152294734194974,0.039));
#16831=CARTESIAN_POINT('',(-0.007,0.0152294734194974,0.039));
#16832=CARTESIAN_POINT('',(0.015,0.0152294734194974,0.039));
#16833=CARTESIAN_POINT('',(0.015,0.00857050807568875,0.0351554445662276));
#16834=CARTESIAN_POINT('',(-0.007,0.0152294734194974,0.041));
#16835=CARTESIAN_POINT('',(0.018,0.0152294734194974,0.041));
#16836=CARTESIAN_POINT('',(0.018,0.0152294734194974,0.043));
#16837=CARTESIAN_POINT('',(-0.007,0.0152294734194974,0.043));
#16838=CARTESIAN_POINT('',(0.015,0.0152294734194974,0.043));
#16839=CARTESIAN_POINT('',(0.015,0.0152294734194974,-0.025));
#16840=CARTESIAN_POINT('',(-0.007,0.0134974226119285,0.044));
#16841=CARTESIAN_POINT('',(0.018,0.0134974226119285,0.044));
#16842=CARTESIAN_POINT('',(0.015,0.0657281847254617,0.0138445554337723));
#16843=CARTESIAN_POINT('',(-0.007,0.0186935750346352,0.039));
#16844=CARTESIAN_POINT('',(-0.007,0.020425625842204,0.04));
#16845=CARTESIAN_POINT('',(0.015,0.020425625842204,0.04));
#16846=CARTESIAN_POINT('',(0.018,0.020425625842204,0.04));
#16847=CARTESIAN_POINT('',(0.018,0.0186935750346352,0.039));
#16848=CARTESIAN_POINT('',(0.018,0.0169615242270663,0.038));
#16849=CARTESIAN_POINT('',(-0.007,0.0169615242270663,0.038));
#16850=CARTESIAN_POINT('',(0.015,0.0169615242270663,0.038));
#16851=CARTESIAN_POINT('',(0.015,0.0137666604983954,0.0361554445662276));
#16852=CARTESIAN_POINT('',(-0.007,0.0169615242270664,0.036));
#16853=CARTESIAN_POINT('',(0.018,0.0169615242270664,0.036));
#16854=CARTESIAN_POINT('',(0.018,0.0169615242270663,0.034));
#16855=CARTESIAN_POINT('',(-0.007,0.0169615242270663,0.034));
#16856=CARTESIAN_POINT('',(0.015,0.0169615242270663,0.034));
#16857=CARTESIAN_POINT('',(0.015,0.0169615242270664,-0.03));
#16858=CARTESIAN_POINT('',(-0.007,0.0186935750346351,0.033));
#16859=CARTESIAN_POINT('',(0.018,0.0186935750346351,0.033));
#16860=CARTESIAN_POINT('',(0.018,0.020425625842204,0.032));
#16861=CARTESIAN_POINT('',(-0.007,0.020425625842204,0.032));
#16862=CARTESIAN_POINT('',(0.015,0.020425625842204,0.032));
#16863=CARTESIAN_POINT('',(0.015,0.0709243371481683,0.0028445554337722));
#16864=CARTESIAN_POINT('',(-0.007,0.0221576766497729,0.033));
#16865=CARTESIAN_POINT('',(0.018,0.0221576766497729,0.033));
#16866=CARTESIAN_POINT('',(0.018,0.0238897274573419,0.034));
#16867=CARTESIAN_POINT('',(-0.007,0.0238897274573419,0.034));
#16868=CARTESIAN_POINT('',(0.015,0.0238897274573419,0.034));
#16869=CARTESIAN_POINT('',(0.015,0.0172307621135331,0.0301554445662276));
#16870=CARTESIAN_POINT('',(-0.007,0.0238897274573419,0.036));
#16871=CARTESIAN_POINT('',(0.018,0.0238897274573419,0.036));
#16872=CARTESIAN_POINT('',(0.018,0.0238897274573418,0.038));
#16873=CARTESIAN_POINT('',(-0.007,0.0238897274573418,0.038));
#16874=CARTESIAN_POINT('',(0.015,0.0238897274573418,0.038));
#16875=CARTESIAN_POINT('',(0.015,0.0238897274573419,-0.03));
#16876=CARTESIAN_POINT('',(-0.007,0.0221576766497729,0.039));
#16877=CARTESIAN_POINT('',(0.018,0.0221576766497729,0.039));
#16878=CARTESIAN_POINT('',(0.015,0.0743884387633061,0.00884455543377227));
#16879=CARTESIAN_POINT('',(-0.007,0.0273538290724795,0.034));
#16880=CARTESIAN_POINT('',(-0.007,0.0290858798800484,0.035));
#16881=CARTESIAN_POINT('',(0.015,0.0290858798800484,0.035));
#16882=CARTESIAN_POINT('',(0.018,0.0290858798800484,0.035));
#16883=CARTESIAN_POINT('',(0.018,0.0273538290724795,0.034));
#16884=CARTESIAN_POINT('',(0.018,0.0256217782649107,0.033));
#16885=CARTESIAN_POINT('',(-0.007,0.0256217782649107,0.033));
#16886=CARTESIAN_POINT('',(0.015,0.0256217782649107,0.033));
#16887=CARTESIAN_POINT('',(0.015,0.0224269145362398,0.0311554445662276));
#16888=CARTESIAN_POINT('',(-0.007,0.0256217782649108,0.031));
#16889=CARTESIAN_POINT('',(0.018,0.0256217782649108,0.031));
#16890=CARTESIAN_POINT('',(0.018,0.0256217782649107,0.029));
#16891=CARTESIAN_POINT('',(-0.007,0.0256217782649107,0.029));
#16892=CARTESIAN_POINT('',(0.015,0.0256217782649107,0.029));
#16893=CARTESIAN_POINT('',(0.015,0.0256217782649108,-0.035));
#16894=CARTESIAN_POINT('',(-0.007,0.0273538290724795,0.028));
#16895=CARTESIAN_POINT('',(0.018,0.0273538290724795,0.028));
#16896=CARTESIAN_POINT('',(0.018,0.0290858798800484,0.027));
#16897=CARTESIAN_POINT('',(-0.007,0.0290858798800484,0.027));
#16898=CARTESIAN_POINT('',(0.015,0.0290858798800484,0.027));
#16899=CARTESIAN_POINT('',(0.015,0.0795845911860127,-0.0021554445662278));
#16900=CARTESIAN_POINT('',(-0.007,0.0308179306876174,0.028));
#16901=CARTESIAN_POINT('',(0.018,0.0308179306876174,0.028));
#16902=CARTESIAN_POINT('',(0.018,0.0325499814951862,0.029));
#16903=CARTESIAN_POINT('',(-0.007,0.0325499814951862,0.029));
#16904=CARTESIAN_POINT('',(0.015,0.0325499814951862,0.029));
#16905=CARTESIAN_POINT('',(0.015,0.0258910161513776,0.0251554445662276));
#16906=CARTESIAN_POINT('',(-0.007,0.0325499814951862,0.031));
#16907=CARTESIAN_POINT('',(0.018,0.0325499814951862,0.031));
#16908=CARTESIAN_POINT('',(0.018,0.0325499814951862,0.033));
#16909=CARTESIAN_POINT('',(-0.007,0.0325499814951862,0.033));
#16910=CARTESIAN_POINT('',(0.015,0.0325499814951862,0.033));
#16911=CARTESIAN_POINT('',(0.015,0.0325499814951862,-0.035));
#16912=CARTESIAN_POINT('',(-0.007,0.0308179306876173,0.034));
#16913=CARTESIAN_POINT('',(0.018,0.0308179306876173,0.034));
#16914=CARTESIAN_POINT('',(0.015,0.0830486928011505,0.00384455543377227));
#16915=CARTESIAN_POINT('',(-0.007,-0.0332679491924312,0.059));
#16916=CARTESIAN_POINT('',(-0.007,-0.0315358983848622,0.06));
#16917=CARTESIAN_POINT('',(0.015,-0.0315358983848622,0.06));
#16918=CARTESIAN_POINT('',(0.018,-0.0315358983848622,0.06));
#16919=CARTESIAN_POINT('',(0.018,-0.0332679491924312,0.059));
#16920=CARTESIAN_POINT('',(0.018,-0.035,0.058));
#16921=CARTESIAN_POINT('',(-0.007,-0.035,0.058));
#16922=CARTESIAN_POINT('',(0.015,-0.035,0.058));
#16923=CARTESIAN_POINT('',(0.015,-0.0381948637286709,0.0561554445662276));
#16924=CARTESIAN_POINT('',(-0.007,-0.035,0.056));
#16925=CARTESIAN_POINT('',(0.018,-0.035,0.056));
#16926=CARTESIAN_POINT('',(0.018,-0.035,0.054));
#16927=CARTESIAN_POINT('',(-0.007,-0.035,0.054));
#16928=CARTESIAN_POINT('',(0.015,-0.035,0.054));
#16929=CARTESIAN_POINT('',(0.015,-0.035,-0.01));
#16930=CARTESIAN_POINT('',(-0.007,-0.0332679491924312,0.053));
#16931=CARTESIAN_POINT('',(0.018,-0.0332679491924312,0.053));
#16932=CARTESIAN_POINT('',(0.018,-0.0315358983848623,0.052));
#16933=CARTESIAN_POINT('',(-0.007,-0.0315358983848623,0.052));
#16934=CARTESIAN_POINT('',(0.015,-0.0315358983848623,0.052));
#16935=CARTESIAN_POINT('',(0.015,0.018962812921102,0.0228445554337722));
#16936=CARTESIAN_POINT('',(-0.007,-0.0298038475772934,0.053));
#16937=CARTESIAN_POINT('',(0.018,-0.0298038475772934,0.053));
#16938=CARTESIAN_POINT('',(0.018,-0.0280717967697245,0.054));
#16939=CARTESIAN_POINT('',(-0.007,-0.0280717967697245,0.054));
#16940=CARTESIAN_POINT('',(0.015,-0.0280717967697245,0.054));
#16941=CARTESIAN_POINT('',(0.015,-0.0347307621135332,0.0501554445662276));
#16942=CARTESIAN_POINT('',(-0.007,-0.0280717967697245,0.056));
#16943=CARTESIAN_POINT('',(0.018,-0.0280717967697245,0.056));
#16944=CARTESIAN_POINT('',(0.018,-0.0280717967697245,0.058));
#16945=CARTESIAN_POINT('',(-0.007,-0.0280717967697245,0.058));
#16946=CARTESIAN_POINT('',(0.015,-0.0280717967697245,0.058));
#16947=CARTESIAN_POINT('',(0.015,-0.0280717967697245,-0.01));
#16948=CARTESIAN_POINT('',(-0.007,-0.0298038475772934,0.059));
#16949=CARTESIAN_POINT('',(0.018,-0.0298038475772934,0.059));
#16950=CARTESIAN_POINT('',(0.015,0.0224269145362398,0.0288445554337722));
#16951=CARTESIAN_POINT('',(-0.007,-0.0246076951545867,0.054));
#16952=CARTESIAN_POINT('',(-0.007,-0.0228756443470179,0.055));
#16953=CARTESIAN_POINT('',(0.015,-0.0228756443470179,0.055));
#16954=CARTESIAN_POINT('',(0.018,-0.0228756443470179,0.055));
#16955=CARTESIAN_POINT('',(0.018,-0.0246076951545867,0.054));
#16956=CARTESIAN_POINT('',(0.018,-0.0263397459621556,0.053));
#16957=CARTESIAN_POINT('',(-0.007,-0.0263397459621556,0.053));
#16958=CARTESIAN_POINT('',(0.015,-0.0263397459621556,0.053));
#16959=CARTESIAN_POINT('',(0.015,-0.0295346096908266,0.0511554445662276));
#16960=CARTESIAN_POINT('',(-0.007,-0.0263397459621556,0.051));
#16961=CARTESIAN_POINT('',(0.018,-0.0263397459621556,0.051));
#16962=CARTESIAN_POINT('',(0.018,-0.0263397459621556,0.049));
#16963=CARTESIAN_POINT('',(-0.007,-0.0263397459621556,0.049));
#16964=CARTESIAN_POINT('',(0.015,-0.0263397459621556,0.049));
#16965=CARTESIAN_POINT('',(0.015,-0.0263397459621556,-0.015));
#16966=CARTESIAN_POINT('',(-0.007,-0.0246076951545868,0.048));
#16967=CARTESIAN_POINT('',(0.018,-0.0246076951545868,0.048));
#16968=CARTESIAN_POINT('',(0.018,-0.0228756443470179,0.047));
#16969=CARTESIAN_POINT('',(-0.007,-0.0228756443470179,0.047));
#16970=CARTESIAN_POINT('',(0.015,-0.0228756443470179,0.047));
#16971=CARTESIAN_POINT('',(0.015,0.0276230669589464,0.0178445554337722));
#16972=CARTESIAN_POINT('',(-0.007,-0.021143593539449,0.048));
#16973=CARTESIAN_POINT('',(0.018,-0.021143593539449,0.048));
#16974=CARTESIAN_POINT('',(0.018,-0.0194115427318801,0.049));
#16975=CARTESIAN_POINT('',(-0.007,-0.0194115427318801,0.049));
#16976=CARTESIAN_POINT('',(0.015,-0.0194115427318801,0.049));
#16977=CARTESIAN_POINT('',(0.015,-0.0260705080756888,0.0451554445662276));
#16978=CARTESIAN_POINT('',(-0.007,-0.0194115427318801,0.051));
#16979=CARTESIAN_POINT('',(0.018,-0.0194115427318801,0.051));
#16980=CARTESIAN_POINT('',(0.018,-0.0194115427318801,0.053));
#16981=CARTESIAN_POINT('',(-0.007,-0.0194115427318801,0.053));
#16982=CARTESIAN_POINT('',(0.015,-0.0194115427318801,0.053));
#16983=CARTESIAN_POINT('',(0.015,-0.0194115427318801,-0.015));
#16984=CARTESIAN_POINT('',(-0.007,-0.021143593539449,0.054));
#16985=CARTESIAN_POINT('',(0.018,-0.021143593539449,0.054));
#16986=CARTESIAN_POINT('',(0.015,0.0310871685740842,0.0238445554337722));
#16987=CARTESIAN_POINT('',(-0.007,-0.0159474411167423,0.049));
#16988=CARTESIAN_POINT('',(-0.007,-0.0142153903091735,0.05));
#16989=CARTESIAN_POINT('',(0.015,-0.0142153903091735,0.05));
#16990=CARTESIAN_POINT('',(0.018,-0.0142153903091735,0.05));
#16991=CARTESIAN_POINT('',(0.018,-0.0159474411167423,0.049));
#16992=CARTESIAN_POINT('',(0.018,-0.0176794919243112,0.048));
#16993=CARTESIAN_POINT('',(-0.007,-0.0176794919243112,0.048));
#16994=CARTESIAN_POINT('',(0.015,-0.0176794919243112,0.048));
#16995=CARTESIAN_POINT('',(0.015,-0.0208743556529821,0.0461554445662276));
#16996=CARTESIAN_POINT('',(-0.007,-0.0176794919243112,0.046));
#16997=CARTESIAN_POINT('',(0.018,-0.0176794919243112,0.046));
#16998=CARTESIAN_POINT('',(0.018,-0.0176794919243112,0.044));
#16999=CARTESIAN_POINT('',(-0.007,-0.0176794919243112,0.044));
#17000=CARTESIAN_POINT('',(0.015,-0.0176794919243112,0.044));
#17001=CARTESIAN_POINT('',(0.015,-0.0176794919243112,-0.02));
#17002=CARTESIAN_POINT('',(-0.007,-0.0159474411167424,0.043));
#17003=CARTESIAN_POINT('',(0.018,-0.0159474411167424,0.043));
#17004=CARTESIAN_POINT('',(0.018,-0.0142153903091735,0.042));
#17005=CARTESIAN_POINT('',(-0.007,-0.0142153903091735,0.042));
#17006=CARTESIAN_POINT('',(0.015,-0.0142153903091735,0.042));
#17007=CARTESIAN_POINT('',(0.015,0.0362833209967908,0.0128445554337722));
#17008=CARTESIAN_POINT('',(-0.007,-0.0124833395016046,0.043));
#17009=CARTESIAN_POINT('',(0.018,-0.0124833395016046,0.043));
#17010=CARTESIAN_POINT('',(0.018,-0.0107512886940357,0.044));
#17011=CARTESIAN_POINT('',(-0.007,-0.0107512886940357,0.044));
#17012=CARTESIAN_POINT('',(0.015,-0.0107512886940357,0.044));
#17013=CARTESIAN_POINT('',(0.015,-0.0174102540378444,0.0401554445662276));
#17014=CARTESIAN_POINT('',(-0.007,-0.0107512886940357,0.046));
#17015=CARTESIAN_POINT('',(0.018,-0.0107512886940357,0.046));
#17016=CARTESIAN_POINT('',(0.018,-0.0107512886940357,0.048));
#17017=CARTESIAN_POINT('',(-0.007,-0.0107512886940357,0.048));
#17018=CARTESIAN_POINT('',(0.015,-0.0107512886940357,0.048));
#17019=CARTESIAN_POINT('',(0.015,-0.0107512886940357,-0.02));
#17020=CARTESIAN_POINT('',(-0.007,-0.0124833395016046,0.049));
#17021=CARTESIAN_POINT('',(0.018,-0.0124833395016046,0.049));
#17022=CARTESIAN_POINT('',(0.015,0.0397474226119285,0.0188445554337722));
#17023=CARTESIAN_POINT('',(-0.007,-0.00728718707889798,0.044));
#17024=CARTESIAN_POINT('',(-0.007,-0.0055551362713291,0.045));
#17025=CARTESIAN_POINT('',(0.015,-0.0055551362713291,0.045));
#17026=CARTESIAN_POINT('',(0.018,-0.0055551362713291,0.045));
#17027=CARTESIAN_POINT('',(0.018,-0.00728718707889798,0.044));
#17028=CARTESIAN_POINT('',(0.018,-0.00901923788646686,0.043));
#17029=CARTESIAN_POINT('',(-0.007,-0.00901923788646686,0.043));
#17030=CARTESIAN_POINT('',(0.015,-0.00901923788646686,0.043));
#17031=CARTESIAN_POINT('',(0.015,-0.0122141016151378,0.0411554445662276));
#17032=CARTESIAN_POINT('',(-0.007,-0.00901923788646682,0.041));
#17033=CARTESIAN_POINT('',(0.018,-0.00901923788646682,0.041));
#17034=CARTESIAN_POINT('',(0.018,-0.00901923788646686,0.039));
#17035=CARTESIAN_POINT('',(-0.007,-0.00901923788646686,0.039));
#17036=CARTESIAN_POINT('',(0.015,-0.00901923788646686,0.039));
#17037=CARTESIAN_POINT('',(0.015,-0.00901923788646682,-0.025));
#17038=CARTESIAN_POINT('',(-0.007,-0.00728718707889801,0.038));
#17039=CARTESIAN_POINT('',(0.018,-0.00728718707889801,0.038));
#17040=CARTESIAN_POINT('',(0.018,-0.00555513627132911,0.037));
#17041=CARTESIAN_POINT('',(-0.007,-0.00555513627132911,0.037));
#17042=CARTESIAN_POINT('',(0.015,-0.00555513627132911,0.037));
#17043=CARTESIAN_POINT('',(0.015,0.0449435750346352,0.0078445554337722));
#17044=CARTESIAN_POINT('',(-0.007,-0.00382308546376022,0.038));
#17045=CARTESIAN_POINT('',(0.018,-0.00382308546376022,0.038));
#17046=CARTESIAN_POINT('',(0.018,-0.00209103465619133,0.039));
#17047=CARTESIAN_POINT('',(-0.007,-0.00209103465619133,0.039));
#17048=CARTESIAN_POINT('',(0.015,-0.00209103465619133,0.039));
#17049=CARTESIAN_POINT('',(0.015,-0.00875,0.0351554445662276));
#17050=CARTESIAN_POINT('',(-0.007,-0.00209103465619133,0.041));
#17051=CARTESIAN_POINT('',(0.018,-0.00209103465619133,0.041));
#17052=CARTESIAN_POINT('',(0.018,-0.00209103465619135,0.043));
#17053=CARTESIAN_POINT('',(-0.007,-0.00209103465619136,0.043));
#17054=CARTESIAN_POINT('',(0.015,-0.00209103465619136,0.043));
#17055=CARTESIAN_POINT('',(0.015,-0.00209103465619133,-0.025));
#17056=CARTESIAN_POINT('',(-0.007,-0.00382308546376024,0.044));
#17057=CARTESIAN_POINT('',(0.018,-0.00382308546376024,0.044));
#17058=CARTESIAN_POINT('',(0.015,0.048407676649773,0.0138445554337723));
#17059=CARTESIAN_POINT('',(-0.007,0.00137306695894641,0.039));
#17060=CARTESIAN_POINT('',(-0.007,0.00310511776651528,0.04));
#17061=CARTESIAN_POINT('',(0.015,0.00310511776651528,0.04));
#17062=CARTESIAN_POINT('',(0.018,0.00310511776651528,0.04));
#17063=CARTESIAN_POINT('',(0.018,0.00137306695894641,0.039));
#17064=CARTESIAN_POINT('',(0.018,-0.000358983848622471,0.038));
#17065=CARTESIAN_POINT('',(-0.007,-0.000358983848622471,0.038));
#17066=CARTESIAN_POINT('',(0.015,-0.000358983848622471,0.038));
#17067=CARTESIAN_POINT('',(0.015,-0.00355384757729339,0.0361554445662276));
#17068=CARTESIAN_POINT('',(-0.007,-0.000358983848622436,0.036));
#17069=CARTESIAN_POINT('',(0.018,-0.000358983848622436,0.036));
#17070=CARTESIAN_POINT('',(0.018,-0.000358983848622478,0.034));
#17071=CARTESIAN_POINT('',(-0.007,-0.000358983848622478,0.034));
#17072=CARTESIAN_POINT('',(0.015,-0.000358983848622478,0.034));
#17073=CARTESIAN_POINT('',(0.015,-0.000358983848622436,-0.03));
#17074=CARTESIAN_POINT('',(-0.007,0.00137306695894638,0.033));
#17075=CARTESIAN_POINT('',(0.018,0.00137306695894638,0.033));
#17076=CARTESIAN_POINT('',(0.018,0.00310511776651527,0.032));
#17077=CARTESIAN_POINT('',(-0.007,0.00310511776651527,0.032));
#17078=CARTESIAN_POINT('',(0.015,0.00310511776651527,0.032));
#17079=CARTESIAN_POINT('',(0.015,0.0536038290724796,0.0028445554337722));
#17080=CARTESIAN_POINT('',(-0.007,0.00483716857408417,0.033));
#17081=CARTESIAN_POINT('',(0.018,0.00483716857408417,0.033));
#17082=CARTESIAN_POINT('',(0.018,0.00656921938165305,0.034));
#17083=CARTESIAN_POINT('',(-0.007,0.00656921938165305,0.034));
#17084=CARTESIAN_POINT('',(0.015,0.00656921938165305,0.034));
#17085=CARTESIAN_POINT('',(0.015,-8.97459621556351E-5,0.0301554445662276));
#17086=CARTESIAN_POINT('',(-0.007,0.00656921938165305,0.036));
#17087=CARTESIAN_POINT('',(0.018,0.00656921938165305,0.036));
#17088=CARTESIAN_POINT('',(0.018,0.00656921938165304,0.038));
#17089=CARTESIAN_POINT('',(-0.007,0.00656921938165303,0.038));
#17090=CARTESIAN_POINT('',(0.015,0.00656921938165303,0.038));
#17091=CARTESIAN_POINT('',(0.015,0.00656921938165305,-0.03));
#17092=CARTESIAN_POINT('',(-0.007,0.00483716857408415,0.039));
#17093=CARTESIAN_POINT('',(0.018,0.00483716857408415,0.039));
#17094=CARTESIAN_POINT('',(0.015,0.0570679306876173,0.00884455543377227));
#17095=CARTESIAN_POINT('',(-0.007,0.0100333209967908,0.034));
#17096=CARTESIAN_POINT('',(-0.007,0.0117653718043597,0.035));
#17097=CARTESIAN_POINT('',(0.015,0.0117653718043597,0.035));
#17098=CARTESIAN_POINT('',(0.018,0.0117653718043597,0.035));
#17099=CARTESIAN_POINT('',(0.018,0.0100333209967908,0.034));
#17100=CARTESIAN_POINT('',(0.018,0.00830127018922192,0.033));
#17101=CARTESIAN_POINT('',(-0.007,0.00830127018922192,0.033));
#17102=CARTESIAN_POINT('',(0.015,0.00830127018922192,0.033));
#17103=CARTESIAN_POINT('',(0.015,0.005106406460551,0.0311554445662276));
#17104=CARTESIAN_POINT('',(-0.007,0.00830127018922195,0.031));
#17105=CARTESIAN_POINT('',(0.018,0.00830127018922195,0.031));
#17106=CARTESIAN_POINT('',(0.018,0.00830127018922191,0.029));
#17107=CARTESIAN_POINT('',(-0.007,0.00830127018922191,0.029));
#17108=CARTESIAN_POINT('',(0.015,0.00830127018922191,0.029));
#17109=CARTESIAN_POINT('',(0.015,0.00830127018922195,-0.035));
#17110=CARTESIAN_POINT('',(-0.007,0.0100333209967908,0.028));
#17111=CARTESIAN_POINT('',(0.018,0.0100333209967908,0.028));
#17112=CARTESIAN_POINT('',(0.018,0.0117653718043597,0.027));
#17113=CARTESIAN_POINT('',(-0.007,0.0117653718043597,0.027));
#17114=CARTESIAN_POINT('',(0.015,0.0117653718043597,0.027));
#17115=CARTESIAN_POINT('',(0.015,0.062264083110324,-0.0021554445662278));
#17116=CARTESIAN_POINT('',(-0.007,0.0134974226119286,0.028));
#17117=CARTESIAN_POINT('',(0.018,0.0134974226119286,0.028));
#17118=CARTESIAN_POINT('',(0.018,0.0152294734194974,0.029));
#17119=CARTESIAN_POINT('',(-0.007,0.0152294734194974,0.029));
#17120=CARTESIAN_POINT('',(0.015,0.0152294734194974,0.029));
#17121=CARTESIAN_POINT('',(0.015,0.00857050807568875,0.0251554445662276));
#17122=CARTESIAN_POINT('',(-0.007,0.0152294734194974,0.031));
#17123=CARTESIAN_POINT('',(0.018,0.0152294734194974,0.031));
#17124=CARTESIAN_POINT('',(0.018,0.0152294734194974,0.033));
#17125=CARTESIAN_POINT('',(-0.007,0.0152294734194974,0.033));
#17126=CARTESIAN_POINT('',(0.015,0.0152294734194974,0.033));
#17127=CARTESIAN_POINT('',(0.015,0.0152294734194974,-0.035));
#17128=CARTESIAN_POINT('',(-0.007,0.0134974226119285,0.034));
#17129=CARTESIAN_POINT('',(0.018,0.0134974226119285,0.034));
#17130=CARTESIAN_POINT('',(0.015,0.0657281847254617,0.00384455543377227));
#17131=CARTESIAN_POINT('',(-0.007,0.0186935750346352,0.029));
#17132=CARTESIAN_POINT('',(-0.007,0.020425625842204,0.03));
#17133=CARTESIAN_POINT('',(0.015,0.020425625842204,0.03));
#17134=CARTESIAN_POINT('',(0.018,0.020425625842204,0.03));
#17135=CARTESIAN_POINT('',(0.018,0.0186935750346352,0.029));
#17136=CARTESIAN_POINT('',(0.018,0.0169615242270663,0.028));
#17137=CARTESIAN_POINT('',(-0.007,0.0169615242270663,0.028));
#17138=CARTESIAN_POINT('',(0.015,0.0169615242270663,0.028));
#17139=CARTESIAN_POINT('',(0.015,0.0137666604983954,0.0261554445662276));
#17140=CARTESIAN_POINT('',(-0.007,0.0169615242270664,0.026));
#17141=CARTESIAN_POINT('',(0.018,0.0169615242270664,0.026));
#17142=CARTESIAN_POINT('',(0.018,0.0169615242270663,0.024));
#17143=CARTESIAN_POINT('',(-0.007,0.0169615242270663,0.024));
#17144=CARTESIAN_POINT('',(0.015,0.0169615242270663,0.024));
#17145=CARTESIAN_POINT('',(0.015,0.0169615242270664,-0.04));
#17146=CARTESIAN_POINT('',(-0.007,0.0186935750346351,0.023));
#17147=CARTESIAN_POINT('',(0.018,0.0186935750346351,0.023));
#17148=CARTESIAN_POINT('',(0.018,0.020425625842204,0.022));
#17149=CARTESIAN_POINT('',(-0.007,0.020425625842204,0.022));
#17150=CARTESIAN_POINT('',(0.015,0.020425625842204,0.022));
#17151=CARTESIAN_POINT('',(0.015,0.0709243371481683,-0.00715544456622781));
#17152=CARTESIAN_POINT('',(-0.007,0.0221576766497729,0.023));
#17153=CARTESIAN_POINT('',(0.018,0.0221576766497729,0.023));
#17154=CARTESIAN_POINT('',(0.018,0.0238897274573419,0.024));
#17155=CARTESIAN_POINT('',(-0.007,0.0238897274573419,0.024));
#17156=CARTESIAN_POINT('',(0.015,0.0238897274573419,0.024));
#17157=CARTESIAN_POINT('',(0.015,0.0172307621135331,0.0201554445662276));
#17158=CARTESIAN_POINT('',(-0.007,0.0238897274573419,0.026));
#17159=CARTESIAN_POINT('',(0.018,0.0238897274573419,0.026));
#17160=CARTESIAN_POINT('',(0.018,0.0238897274573418,0.028));
#17161=CARTESIAN_POINT('',(-0.007,0.0238897274573418,0.028));
#17162=CARTESIAN_POINT('',(0.015,0.0238897274573418,0.028));
#17163=CARTESIAN_POINT('',(0.015,0.0238897274573419,-0.04));
#17164=CARTESIAN_POINT('',(-0.007,0.0221576766497729,0.029));
#17165=CARTESIAN_POINT('',(0.018,0.0221576766497729,0.029));
#17166=CARTESIAN_POINT('',(0.015,0.0743884387633061,-0.00115544456622774));
#17167=CARTESIAN_POINT('',(-0.007,0.0273538290724795,0.024));
#17168=CARTESIAN_POINT('',(-0.007,0.0290858798800484,0.025));
#17169=CARTESIAN_POINT('',(0.015,0.0290858798800484,0.025));
#17170=CARTESIAN_POINT('',(0.018,0.0290858798800484,0.025));
#17171=CARTESIAN_POINT('',(0.018,0.0273538290724795,0.024));
#17172=CARTESIAN_POINT('',(0.018,0.0256217782649107,0.023));
#17173=CARTESIAN_POINT('',(-0.007,0.0256217782649107,0.023));
#17174=CARTESIAN_POINT('',(0.015,0.0256217782649107,0.023));
#17175=CARTESIAN_POINT('',(0.015,0.0224269145362398,0.0211554445662277));
#17176=CARTESIAN_POINT('',(-0.007,0.0256217782649108,0.021));
#17177=CARTESIAN_POINT('',(0.018,0.0256217782649108,0.021));
#17178=CARTESIAN_POINT('',(0.018,0.0256217782649107,0.019));
#17179=CARTESIAN_POINT('',(-0.007,0.0256217782649107,0.019));
#17180=CARTESIAN_POINT('',(0.015,0.0256217782649107,0.019));
#17181=CARTESIAN_POINT('',(0.015,0.0256217782649108,-0.045));
#17182=CARTESIAN_POINT('',(-0.007,0.0273538290724795,0.018));
#17183=CARTESIAN_POINT('',(0.018,0.0273538290724795,0.018));
#17184=CARTESIAN_POINT('',(0.018,0.0290858798800484,0.017));
#17185=CARTESIAN_POINT('',(-0.007,0.0290858798800484,0.017));
#17186=CARTESIAN_POINT('',(0.015,0.0290858798800484,0.017));
#17187=CARTESIAN_POINT('',(0.015,0.0795845911860127,-0.0121554445662278));
#17188=CARTESIAN_POINT('',(-0.007,0.0308179306876174,0.018));
#17189=CARTESIAN_POINT('',(0.018,0.0308179306876174,0.018));
#17190=CARTESIAN_POINT('',(0.018,0.0325499814951862,0.019));
#17191=CARTESIAN_POINT('',(-0.007,0.0325499814951862,0.019));
#17192=CARTESIAN_POINT('',(0.015,0.0325499814951862,0.019));
#17193=CARTESIAN_POINT('',(0.015,0.0258910161513776,0.0151554445662277));
#17194=CARTESIAN_POINT('',(-0.007,0.0325499814951862,0.021));
#17195=CARTESIAN_POINT('',(0.018,0.0325499814951862,0.021));
#17196=CARTESIAN_POINT('',(0.018,0.0325499814951862,0.023));
#17197=CARTESIAN_POINT('',(-0.007,0.0325499814951862,0.023));
#17198=CARTESIAN_POINT('',(0.015,0.0325499814951862,0.023));
#17199=CARTESIAN_POINT('',(0.015,0.0325499814951862,-0.045));
#17200=CARTESIAN_POINT('',(-0.007,0.0308179306876173,0.024));
#17201=CARTESIAN_POINT('',(0.018,0.0308179306876173,0.024));
#17202=CARTESIAN_POINT('',(0.015,0.0830486928011505,-0.00615544456622773));
#17203=CARTESIAN_POINT('',(-0.007,-0.0246076951545867,0.044));
#17204=CARTESIAN_POINT('',(-0.007,-0.0228756443470179,0.045));
#17205=CARTESIAN_POINT('',(0.015,-0.0228756443470179,0.045));
#17206=CARTESIAN_POINT('',(0.018,-0.0228756443470179,0.045));
#17207=CARTESIAN_POINT('',(0.018,-0.0246076951545867,0.044));
#17208=CARTESIAN_POINT('',(0.018,-0.0263397459621556,0.043));
#17209=CARTESIAN_POINT('',(-0.007,-0.0263397459621556,0.043));
#17210=CARTESIAN_POINT('',(0.015,-0.0263397459621556,0.043));
#17211=CARTESIAN_POINT('',(0.015,-0.0295346096908266,0.0411554445662276));
#17212=CARTESIAN_POINT('',(-0.007,-0.0263397459621556,0.041));
#17213=CARTESIAN_POINT('',(0.018,-0.0263397459621556,0.041));
#17214=CARTESIAN_POINT('',(0.018,-0.0263397459621556,0.039));
#17215=CARTESIAN_POINT('',(-0.007,-0.0263397459621556,0.039));
#17216=CARTESIAN_POINT('',(0.015,-0.0263397459621556,0.039));
#17217=CARTESIAN_POINT('',(0.015,-0.0263397459621556,-0.025));
#17218=CARTESIAN_POINT('',(-0.007,-0.0246076951545868,0.038));
#17219=CARTESIAN_POINT('',(0.018,-0.0246076951545868,0.038));
#17220=CARTESIAN_POINT('',(0.018,-0.0228756443470179,0.037));
#17221=CARTESIAN_POINT('',(-0.007,-0.0228756443470179,0.037));
#17222=CARTESIAN_POINT('',(0.015,-0.0228756443470179,0.037));
#17223=CARTESIAN_POINT('',(0.015,0.0276230669589464,0.0078445554337722));
#17224=CARTESIAN_POINT('',(-0.007,-0.021143593539449,0.038));
#17225=CARTESIAN_POINT('',(0.018,-0.021143593539449,0.038));
#17226=CARTESIAN_POINT('',(0.018,-0.0194115427318801,0.039));
#17227=CARTESIAN_POINT('',(-0.007,-0.0194115427318801,0.039));
#17228=CARTESIAN_POINT('',(0.015,-0.0194115427318801,0.039));
#17229=CARTESIAN_POINT('',(0.015,-0.0260705080756888,0.0351554445662276));
#17230=CARTESIAN_POINT('',(-0.007,-0.0194115427318801,0.041));
#17231=CARTESIAN_POINT('',(0.018,-0.0194115427318801,0.041));
#17232=CARTESIAN_POINT('',(0.018,-0.0194115427318801,0.043));
#17233=CARTESIAN_POINT('',(-0.007,-0.0194115427318801,0.043));
#17234=CARTESIAN_POINT('',(0.015,-0.0194115427318801,0.043));
#17235=CARTESIAN_POINT('',(0.015,-0.0194115427318801,-0.025));
#17236=CARTESIAN_POINT('',(-0.007,-0.021143593539449,0.044));
#17237=CARTESIAN_POINT('',(0.018,-0.021143593539449,0.044));
#17238=CARTESIAN_POINT('',(0.015,0.0310871685740842,0.0138445554337723));
#17239=CARTESIAN_POINT('',(-0.007,-0.0159474411167423,0.039));
#17240=CARTESIAN_POINT('',(-0.007,-0.0142153903091735,0.04));
#17241=CARTESIAN_POINT('',(0.015,-0.0142153903091735,0.04));
#17242=CARTESIAN_POINT('',(0.018,-0.0142153903091735,0.04));
#17243=CARTESIAN_POINT('',(0.018,-0.0159474411167423,0.039));
#17244=CARTESIAN_POINT('',(0.018,-0.0176794919243112,0.038));
#17245=CARTESIAN_POINT('',(-0.007,-0.0176794919243112,0.038));
#17246=CARTESIAN_POINT('',(0.015,-0.0176794919243112,0.038));
#17247=CARTESIAN_POINT('',(0.015,-0.0208743556529821,0.0361554445662276));
#17248=CARTESIAN_POINT('',(-0.007,-0.0176794919243112,0.036));
#17249=CARTESIAN_POINT('',(0.018,-0.0176794919243112,0.036));
#17250=CARTESIAN_POINT('',(0.018,-0.0176794919243112,0.034));
#17251=CARTESIAN_POINT('',(-0.007,-0.0176794919243112,0.034));
#17252=CARTESIAN_POINT('',(0.015,-0.0176794919243112,0.034));
#17253=CARTESIAN_POINT('',(0.015,-0.0176794919243112,-0.03));
#17254=CARTESIAN_POINT('',(-0.007,-0.0159474411167424,0.033));
#17255=CARTESIAN_POINT('',(0.018,-0.0159474411167424,0.033));
#17256=CARTESIAN_POINT('',(0.018,-0.0142153903091735,0.032));
#17257=CARTESIAN_POINT('',(-0.007,-0.0142153903091735,0.032));
#17258=CARTESIAN_POINT('',(0.015,-0.0142153903091735,0.032));
#17259=CARTESIAN_POINT('',(0.015,0.0362833209967908,0.0028445554337722));
#17260=CARTESIAN_POINT('',(-0.007,-0.0124833395016046,0.033));
#17261=CARTESIAN_POINT('',(0.018,-0.0124833395016046,0.033));
#17262=CARTESIAN_POINT('',(0.018,-0.0107512886940357,0.034));
#17263=CARTESIAN_POINT('',(-0.007,-0.0107512886940357,0.034));
#17264=CARTESIAN_POINT('',(0.015,-0.0107512886940357,0.034));
#17265=CARTESIAN_POINT('',(0.015,-0.0174102540378444,0.0301554445662276));
#17266=CARTESIAN_POINT('',(-0.007,-0.0107512886940357,0.036));
#17267=CARTESIAN_POINT('',(0.018,-0.0107512886940357,0.036));
#17268=CARTESIAN_POINT('',(0.018,-0.0107512886940357,0.038));
#17269=CARTESIAN_POINT('',(-0.007,-0.0107512886940357,0.038));
#17270=CARTESIAN_POINT('',(0.015,-0.0107512886940357,0.038));
#17271=CARTESIAN_POINT('',(0.015,-0.0107512886940357,-0.03));
#17272=CARTESIAN_POINT('',(-0.007,-0.0124833395016046,0.039));
#17273=CARTESIAN_POINT('',(0.018,-0.0124833395016046,0.039));
#17274=CARTESIAN_POINT('',(0.015,0.0397474226119285,0.00884455543377227));
#17275=CARTESIAN_POINT('',(-0.007,-0.00728718707889798,0.034));
#17276=CARTESIAN_POINT('',(-0.007,-0.0055551362713291,0.035));
#17277=CARTESIAN_POINT('',(0.015,-0.0055551362713291,0.035));
#17278=CARTESIAN_POINT('',(0.018,-0.0055551362713291,0.035));
#17279=CARTESIAN_POINT('',(0.018,-0.00728718707889798,0.034));
#17280=CARTESIAN_POINT('',(0.018,-0.00901923788646686,0.033));
#17281=CARTESIAN_POINT('',(-0.007,-0.00901923788646686,0.033));
#17282=CARTESIAN_POINT('',(0.015,-0.00901923788646686,0.033));
#17283=CARTESIAN_POINT('',(0.015,-0.0122141016151378,0.0311554445662276));
#17284=CARTESIAN_POINT('',(-0.007,-0.00901923788646682,0.031));
#17285=CARTESIAN_POINT('',(0.018,-0.00901923788646682,0.031));
#17286=CARTESIAN_POINT('',(0.018,-0.00901923788646686,0.029));
#17287=CARTESIAN_POINT('',(-0.007,-0.00901923788646686,0.029));
#17288=CARTESIAN_POINT('',(0.015,-0.00901923788646686,0.029));
#17289=CARTESIAN_POINT('',(0.015,-0.00901923788646682,-0.035));
#17290=CARTESIAN_POINT('',(-0.007,-0.00728718707889801,0.028));
#17291=CARTESIAN_POINT('',(0.018,-0.00728718707889801,0.028));
#17292=CARTESIAN_POINT('',(0.018,-0.00555513627132911,0.027));
#17293=CARTESIAN_POINT('',(-0.007,-0.00555513627132911,0.027));
#17294=CARTESIAN_POINT('',(0.015,-0.00555513627132911,0.027));
#17295=CARTESIAN_POINT('',(0.015,0.0449435750346352,-0.0021554445662278));
#17296=CARTESIAN_POINT('',(-0.007,-0.00382308546376022,0.028));
#17297=CARTESIAN_POINT('',(0.018,-0.00382308546376022,0.028));
#17298=CARTESIAN_POINT('',(0.018,-0.00209103465619133,0.029));
#17299=CARTESIAN_POINT('',(-0.007,-0.00209103465619133,0.029));
#17300=CARTESIAN_POINT('',(0.015,-0.00209103465619133,0.029));
#17301=CARTESIAN_POINT('',(0.015,-0.00875,0.0251554445662276));
#17302=CARTESIAN_POINT('',(-0.007,-0.00209103465619133,0.031));
#17303=CARTESIAN_POINT('',(0.018,-0.00209103465619133,0.031));
#17304=CARTESIAN_POINT('',(0.018,-0.00209103465619135,0.033));
#17305=CARTESIAN_POINT('',(-0.007,-0.00209103465619136,0.033));
#17306=CARTESIAN_POINT('',(0.015,-0.00209103465619136,0.033));
#17307=CARTESIAN_POINT('',(0.015,-0.00209103465619133,-0.035));
#17308=CARTESIAN_POINT('',(-0.007,-0.00382308546376024,0.034));
#17309=CARTESIAN_POINT('',(0.018,-0.00382308546376024,0.034));
#17310=CARTESIAN_POINT('',(0.015,0.048407676649773,0.00384455543377227));
#17311=CARTESIAN_POINT('',(-0.007,0.00137306695894641,0.029));
#17312=CARTESIAN_POINT('',(-0.007,0.00310511776651528,0.03));
#17313=CARTESIAN_POINT('',(0.015,0.00310511776651528,0.03));
#17314=CARTESIAN_POINT('',(0.018,0.00310511776651528,0.03));
#17315=CARTESIAN_POINT('',(0.018,0.00137306695894641,0.029));
#17316=CARTESIAN_POINT('',(0.018,-0.000358983848622471,0.028));
#17317=CARTESIAN_POINT('',(-0.007,-0.000358983848622471,0.028));
#17318=CARTESIAN_POINT('',(0.015,-0.000358983848622471,0.028));
#17319=CARTESIAN_POINT('',(0.015,-0.00355384757729339,0.0261554445662276));
#17320=CARTESIAN_POINT('',(-0.007,-0.000358983848622436,0.026));
#17321=CARTESIAN_POINT('',(0.018,-0.000358983848622436,0.026));
#17322=CARTESIAN_POINT('',(0.018,-0.000358983848622478,0.024));
#17323=CARTESIAN_POINT('',(-0.007,-0.000358983848622478,0.024));
#17324=CARTESIAN_POINT('',(0.015,-0.000358983848622478,0.024));
#17325=CARTESIAN_POINT('',(0.015,-0.000358983848622436,-0.04));
#17326=CARTESIAN_POINT('',(-0.007,0.00137306695894638,0.023));
#17327=CARTESIAN_POINT('',(0.018,0.00137306695894638,0.023));
#17328=CARTESIAN_POINT('',(0.018,0.00310511776651527,0.022));
#17329=CARTESIAN_POINT('',(-0.007,0.00310511776651527,0.022));
#17330=CARTESIAN_POINT('',(0.015,0.00310511776651527,0.022));
#17331=CARTESIAN_POINT('',(0.015,0.0536038290724796,-0.00715544456622781));
#17332=CARTESIAN_POINT('',(-0.007,0.00483716857408417,0.023));
#17333=CARTESIAN_POINT('',(0.018,0.00483716857408417,0.023));
#17334=CARTESIAN_POINT('',(0.018,0.00656921938165305,0.024));
#17335=CARTESIAN_POINT('',(-0.007,0.00656921938165305,0.024));
#17336=CARTESIAN_POINT('',(0.015,0.00656921938165305,0.024));
#17337=CARTESIAN_POINT('',(0.015,-8.97459621556351E-5,0.0201554445662276));
#17338=CARTESIAN_POINT('',(-0.007,0.00656921938165305,0.026));
#17339=CARTESIAN_POINT('',(0.018,0.00656921938165305,0.026));
#17340=CARTESIAN_POINT('',(0.018,0.00656921938165304,0.028));
#17341=CARTESIAN_POINT('',(-0.007,0.00656921938165303,0.028));
#17342=CARTESIAN_POINT('',(0.015,0.00656921938165303,0.028));
#17343=CARTESIAN_POINT('',(0.015,0.00656921938165305,-0.04));
#17344=CARTESIAN_POINT('',(-0.007,0.00483716857408415,0.029));
#17345=CARTESIAN_POINT('',(0.018,0.00483716857408415,0.029));
#17346=CARTESIAN_POINT('',(0.015,0.0570679306876173,-0.00115544456622774));
#17347=CARTESIAN_POINT('',(-0.007,0.0100333209967908,0.024));
#17348=CARTESIAN_POINT('',(-0.007,0.0117653718043597,0.025));
#17349=CARTESIAN_POINT('',(0.015,0.0117653718043597,0.025));
#17350=CARTESIAN_POINT('',(0.018,0.0117653718043597,0.025));
#17351=CARTESIAN_POINT('',(0.018,0.0100333209967908,0.024));
#17352=CARTESIAN_POINT('',(0.018,0.00830127018922192,0.023));
#17353=CARTESIAN_POINT('',(-0.007,0.00830127018922192,0.023));
#17354=CARTESIAN_POINT('',(0.015,0.00830127018922192,0.023));
#17355=CARTESIAN_POINT('',(0.015,0.005106406460551,0.0211554445662277));
#17356=CARTESIAN_POINT('',(-0.007,0.00830127018922195,0.021));
#17357=CARTESIAN_POINT('',(0.018,0.00830127018922195,0.021));
#17358=CARTESIAN_POINT('',(0.018,0.00830127018922191,0.019));
#17359=CARTESIAN_POINT('',(-0.007,0.00830127018922191,0.019));
#17360=CARTESIAN_POINT('',(0.015,0.00830127018922191,0.019));
#17361=CARTESIAN_POINT('',(0.015,0.00830127018922195,-0.045));
#17362=CARTESIAN_POINT('',(-0.007,0.0100333209967908,0.018));
#17363=CARTESIAN_POINT('',(0.018,0.0100333209967908,0.018));
#17364=CARTESIAN_POINT('',(0.018,0.0117653718043597,0.017));
#17365=CARTESIAN_POINT('',(-0.007,0.0117653718043597,0.017));
#17366=CARTESIAN_POINT('',(0.015,0.0117653718043597,0.017));
#17367=CARTESIAN_POINT('',(0.015,0.062264083110324,-0.0121554445662278));
#17368=CARTESIAN_POINT('',(-0.007,0.0134974226119286,0.018));
#17369=CARTESIAN_POINT('',(0.018,0.0134974226119286,0.018));
#17370=CARTESIAN_POINT('',(0.018,0.0152294734194974,0.019));
#17371=CARTESIAN_POINT('',(-0.007,0.0152294734194974,0.019));
#17372=CARTESIAN_POINT('',(0.015,0.0152294734194974,0.019));
#17373=CARTESIAN_POINT('',(0.015,0.00857050807568875,0.0151554445662277));
#17374=CARTESIAN_POINT('',(-0.007,0.0152294734194974,0.021));
#17375=CARTESIAN_POINT('',(0.018,0.0152294734194974,0.021));
#17376=CARTESIAN_POINT('',(0.018,0.0152294734194974,0.023));
#17377=CARTESIAN_POINT('',(-0.007,0.0152294734194974,0.023));
#17378=CARTESIAN_POINT('',(0.015,0.0152294734194974,0.023));
#17379=CARTESIAN_POINT('',(0.015,0.0152294734194974,-0.045));
#17380=CARTESIAN_POINT('',(-0.007,0.0134974226119285,0.024));
#17381=CARTESIAN_POINT('',(0.018,0.0134974226119285,0.024));
#17382=CARTESIAN_POINT('',(0.015,0.0657281847254617,-0.00615544456622773));
#17383=CARTESIAN_POINT('',(-0.007,0.0186935750346352,0.019));
#17384=CARTESIAN_POINT('',(-0.007,0.020425625842204,0.02));
#17385=CARTESIAN_POINT('',(0.015,0.020425625842204,0.02));
#17386=CARTESIAN_POINT('',(0.018,0.020425625842204,0.02));
#17387=CARTESIAN_POINT('',(0.018,0.0186935750346352,0.019));
#17388=CARTESIAN_POINT('',(0.018,0.0169615242270663,0.018));
#17389=CARTESIAN_POINT('',(-0.007,0.0169615242270663,0.018));
#17390=CARTESIAN_POINT('',(0.015,0.0169615242270663,0.018));
#17391=CARTESIAN_POINT('',(0.015,0.0137666604983954,0.0161554445662276));
#17392=CARTESIAN_POINT('',(-0.007,0.0169615242270664,0.016));
#17393=CARTESIAN_POINT('',(0.018,0.0169615242270664,0.016));
#17394=CARTESIAN_POINT('',(0.018,0.0169615242270663,0.014));
#17395=CARTESIAN_POINT('',(-0.007,0.0169615242270663,0.014));
#17396=CARTESIAN_POINT('',(0.015,0.0169615242270663,0.014));
#17397=CARTESIAN_POINT('',(0.015,0.0169615242270664,-0.05));
#17398=CARTESIAN_POINT('',(-0.007,0.0186935750346351,0.013));
#17399=CARTESIAN_POINT('',(0.018,0.0186935750346351,0.013));
#17400=CARTESIAN_POINT('',(0.018,0.020425625842204,0.012));
#17401=CARTESIAN_POINT('',(-0.007,0.020425625842204,0.012));
#17402=CARTESIAN_POINT('',(0.015,0.020425625842204,0.012));
#17403=CARTESIAN_POINT('',(0.015,0.0709243371481683,-0.0171554445662278));
#17404=CARTESIAN_POINT('',(-0.007,0.0221576766497729,0.013));
#17405=CARTESIAN_POINT('',(0.018,0.0221576766497729,0.013));
#17406=CARTESIAN_POINT('',(0.018,0.0238897274573419,0.014));
#17407=CARTESIAN_POINT('',(-0.007,0.0238897274573419,0.014));
#17408=CARTESIAN_POINT('',(0.015,0.0238897274573419,0.014));
#17409=CARTESIAN_POINT('',(0.015,0.0172307621135331,0.0101554445662276));
#17410=CARTESIAN_POINT('',(-0.007,0.0238897274573419,0.016));
#17411=CARTESIAN_POINT('',(0.018,0.0238897274573419,0.016));
#17412=CARTESIAN_POINT('',(0.018,0.0238897274573418,0.018));
#17413=CARTESIAN_POINT('',(-0.007,0.0238897274573418,0.018));
#17414=CARTESIAN_POINT('',(0.015,0.0238897274573418,0.018));
#17415=CARTESIAN_POINT('',(0.015,0.0238897274573419,-0.05));
#17416=CARTESIAN_POINT('',(-0.007,0.0221576766497729,0.019));
#17417=CARTESIAN_POINT('',(0.018,0.0221576766497729,0.019));
#17418=CARTESIAN_POINT('',(0.015,0.0743884387633061,-0.0111554445662277));
#17419=CARTESIAN_POINT('',(-0.007,0.0273538290724795,0.014));
#17420=CARTESIAN_POINT('',(-0.007,0.0290858798800484,0.015));
#17421=CARTESIAN_POINT('',(0.015,0.0290858798800484,0.015));
#17422=CARTESIAN_POINT('',(0.018,0.0290858798800484,0.015));
#17423=CARTESIAN_POINT('',(0.018,0.0273538290724795,0.014));
#17424=CARTESIAN_POINT('',(0.018,0.0256217782649107,0.013));
#17425=CARTESIAN_POINT('',(-0.007,0.0256217782649107,0.013));
#17426=CARTESIAN_POINT('',(0.015,0.0256217782649107,0.013));
#17427=CARTESIAN_POINT('',(0.015,0.0224269145362398,0.0111554445662276));
#17428=CARTESIAN_POINT('',(-0.007,0.0256217782649108,0.011));
#17429=CARTESIAN_POINT('',(0.018,0.0256217782649108,0.011));
#17430=CARTESIAN_POINT('',(0.018,0.0256217782649107,0.009));
#17431=CARTESIAN_POINT('',(-0.007,0.0256217782649107,0.009));
#17432=CARTESIAN_POINT('',(0.015,0.0256217782649107,0.009));
#17433=CARTESIAN_POINT('',(0.015,0.0256217782649108,-0.055));
#17434=CARTESIAN_POINT('',(-0.007,0.0273538290724795,0.008));
#17435=CARTESIAN_POINT('',(0.018,0.0273538290724795,0.008));
#17436=CARTESIAN_POINT('',(0.018,0.0290858798800484,0.007));
#17437=CARTESIAN_POINT('',(-0.007,0.0290858798800484,0.007));
#17438=CARTESIAN_POINT('',(0.015,0.0290858798800484,0.007));
#17439=CARTESIAN_POINT('',(0.015,0.0795845911860127,-0.0221554445662278));
#17440=CARTESIAN_POINT('',(-0.007,0.0308179306876174,0.008));
#17441=CARTESIAN_POINT('',(0.018,0.0308179306876174,0.008));
#17442=CARTESIAN_POINT('',(0.018,0.0325499814951862,0.009));
#17443=CARTESIAN_POINT('',(-0.007,0.0325499814951862,0.009));
#17444=CARTESIAN_POINT('',(0.015,0.0325499814951862,0.009));
#17445=CARTESIAN_POINT('',(0.015,0.0258910161513776,0.00515544456622762));
#17446=CARTESIAN_POINT('',(-0.007,0.0325499814951862,0.011));
#17447=CARTESIAN_POINT('',(0.018,0.0325499814951862,0.011));
#17448=CARTESIAN_POINT('',(0.018,0.0325499814951862,0.013));
#17449=CARTESIAN_POINT('',(-0.007,0.0325499814951862,0.013));
#17450=CARTESIAN_POINT('',(0.015,0.0325499814951862,0.013));
#17451=CARTESIAN_POINT('',(0.015,0.0325499814951862,-0.055));
#17452=CARTESIAN_POINT('',(-0.007,0.0308179306876173,0.014));
#17453=CARTESIAN_POINT('',(0.018,0.0308179306876173,0.014));
#17454=CARTESIAN_POINT('',(0.015,0.0830486928011505,-0.0161554445662278));
#17455=CARTESIAN_POINT('',(-0.007,-0.0332679491924312,0.039));
#17456=CARTESIAN_POINT('',(-0.007,-0.0315358983848622,0.04));
#17457=CARTESIAN_POINT('',(0.015,-0.0315358983848622,0.04));
#17458=CARTESIAN_POINT('',(0.018,-0.0315358983848622,0.04));
#17459=CARTESIAN_POINT('',(0.018,-0.0332679491924312,0.039));
#17460=CARTESIAN_POINT('',(0.018,-0.035,0.038));
#17461=CARTESIAN_POINT('',(-0.007,-0.035,0.038));
#17462=CARTESIAN_POINT('',(0.015,-0.035,0.038));
#17463=CARTESIAN_POINT('',(0.015,-0.0381948637286709,0.0361554445662276));
#17464=CARTESIAN_POINT('',(-0.007,-0.035,0.036));
#17465=CARTESIAN_POINT('',(0.018,-0.035,0.036));
#17466=CARTESIAN_POINT('',(0.018,-0.035,0.034));
#17467=CARTESIAN_POINT('',(-0.007,-0.035,0.034));
#17468=CARTESIAN_POINT('',(0.015,-0.035,0.034));
#17469=CARTESIAN_POINT('',(0.015,-0.035,-0.03));
#17470=CARTESIAN_POINT('',(-0.007,-0.0332679491924312,0.033));
#17471=CARTESIAN_POINT('',(0.018,-0.0332679491924312,0.033));
#17472=CARTESIAN_POINT('',(0.018,-0.0315358983848623,0.032));
#17473=CARTESIAN_POINT('',(-0.007,-0.0315358983848623,0.032));
#17474=CARTESIAN_POINT('',(0.015,-0.0315358983848623,0.032));
#17475=CARTESIAN_POINT('',(0.015,0.018962812921102,0.00284455543377221));
#17476=CARTESIAN_POINT('',(-0.007,-0.0298038475772934,0.033));
#17477=CARTESIAN_POINT('',(0.018,-0.0298038475772934,0.033));
#17478=CARTESIAN_POINT('',(0.018,-0.0280717967697245,0.034));
#17479=CARTESIAN_POINT('',(-0.007,-0.0280717967697245,0.034));
#17480=CARTESIAN_POINT('',(0.015,-0.0280717967697245,0.034));
#17481=CARTESIAN_POINT('',(0.015,-0.0347307621135332,0.0301554445662276));
#17482=CARTESIAN_POINT('',(-0.007,-0.0280717967697245,0.036));
#17483=CARTESIAN_POINT('',(0.018,-0.0280717967697245,0.036));
#17484=CARTESIAN_POINT('',(0.018,-0.0280717967697245,0.038));
#17485=CARTESIAN_POINT('',(-0.007,-0.0280717967697245,0.038));
#17486=CARTESIAN_POINT('',(0.015,-0.0280717967697245,0.038));
#17487=CARTESIAN_POINT('',(0.015,-0.0280717967697245,-0.03));
#17488=CARTESIAN_POINT('',(-0.007,-0.0298038475772934,0.039));
#17489=CARTESIAN_POINT('',(0.018,-0.0298038475772934,0.039));
#17490=CARTESIAN_POINT('',(0.015,0.0224269145362398,0.00884455543377227));
#17491=CARTESIAN_POINT('',(-0.007,-0.0246076951545867,0.034));
#17492=CARTESIAN_POINT('',(-0.007,-0.0228756443470179,0.035));
#17493=CARTESIAN_POINT('',(0.015,-0.0228756443470179,0.035));
#17494=CARTESIAN_POINT('',(0.018,-0.0228756443470179,0.035));
#17495=CARTESIAN_POINT('',(0.018,-0.0246076951545867,0.034));
#17496=CARTESIAN_POINT('',(0.018,-0.0263397459621556,0.033));
#17497=CARTESIAN_POINT('',(-0.007,-0.0263397459621556,0.033));
#17498=CARTESIAN_POINT('',(0.015,-0.0263397459621556,0.033));
#17499=CARTESIAN_POINT('',(0.015,-0.0295346096908266,0.0311554445662276));
#17500=CARTESIAN_POINT('',(-0.007,-0.0263397459621556,0.031));
#17501=CARTESIAN_POINT('',(0.018,-0.0263397459621556,0.031));
#17502=CARTESIAN_POINT('',(0.018,-0.0263397459621556,0.029));
#17503=CARTESIAN_POINT('',(-0.007,-0.0263397459621556,0.029));
#17504=CARTESIAN_POINT('',(0.015,-0.0263397459621556,0.029));
#17505=CARTESIAN_POINT('',(0.015,-0.0263397459621556,-0.035));
#17506=CARTESIAN_POINT('',(-0.007,-0.0246076951545868,0.028));
#17507=CARTESIAN_POINT('',(0.018,-0.0246076951545868,0.028));
#17508=CARTESIAN_POINT('',(0.018,-0.0228756443470179,0.027));
#17509=CARTESIAN_POINT('',(-0.007,-0.0228756443470179,0.027));
#17510=CARTESIAN_POINT('',(0.015,-0.0228756443470179,0.027));
#17511=CARTESIAN_POINT('',(0.015,0.0276230669589464,-0.0021554445662278));
#17512=CARTESIAN_POINT('',(-0.007,-0.021143593539449,0.028));
#17513=CARTESIAN_POINT('',(0.018,-0.021143593539449,0.028));
#17514=CARTESIAN_POINT('',(0.018,-0.0194115427318801,0.029));
#17515=CARTESIAN_POINT('',(-0.007,-0.0194115427318801,0.029));
#17516=CARTESIAN_POINT('',(0.015,-0.0194115427318801,0.029));
#17517=CARTESIAN_POINT('',(0.015,-0.0260705080756888,0.0251554445662276));
#17518=CARTESIAN_POINT('',(-0.007,-0.0194115427318801,0.031));
#17519=CARTESIAN_POINT('',(0.018,-0.0194115427318801,0.031));
#17520=CARTESIAN_POINT('',(0.018,-0.0194115427318801,0.033));
#17521=CARTESIAN_POINT('',(-0.007,-0.0194115427318801,0.033));
#17522=CARTESIAN_POINT('',(0.015,-0.0194115427318801,0.033));
#17523=CARTESIAN_POINT('',(0.015,-0.0194115427318801,-0.035));
#17524=CARTESIAN_POINT('',(-0.007,-0.021143593539449,0.034));
#17525=CARTESIAN_POINT('',(0.018,-0.021143593539449,0.034));
#17526=CARTESIAN_POINT('',(0.015,0.0310871685740842,0.00384455543377227));
#17527=CARTESIAN_POINT('',(-0.007,-0.0159474411167423,0.029));
#17528=CARTESIAN_POINT('',(-0.007,-0.0142153903091735,0.03));
#17529=CARTESIAN_POINT('',(0.015,-0.0142153903091735,0.03));
#17530=CARTESIAN_POINT('',(0.018,-0.0142153903091735,0.03));
#17531=CARTESIAN_POINT('',(0.018,-0.0159474411167423,0.029));
#17532=CARTESIAN_POINT('',(0.018,-0.0176794919243112,0.028));
#17533=CARTESIAN_POINT('',(-0.007,-0.0176794919243112,0.028));
#17534=CARTESIAN_POINT('',(0.015,-0.0176794919243112,0.028));
#17535=CARTESIAN_POINT('',(0.015,-0.0208743556529821,0.0261554445662276));
#17536=CARTESIAN_POINT('',(-0.007,-0.0176794919243112,0.026));
#17537=CARTESIAN_POINT('',(0.018,-0.0176794919243112,0.026));
#17538=CARTESIAN_POINT('',(0.018,-0.0176794919243112,0.024));
#17539=CARTESIAN_POINT('',(-0.007,-0.0176794919243112,0.024));
#17540=CARTESIAN_POINT('',(0.015,-0.0176794919243112,0.024));
#17541=CARTESIAN_POINT('',(0.015,-0.0176794919243112,-0.04));
#17542=CARTESIAN_POINT('',(-0.007,-0.0159474411167424,0.023));
#17543=CARTESIAN_POINT('',(0.018,-0.0159474411167424,0.023));
#17544=CARTESIAN_POINT('',(0.018,-0.0142153903091735,0.022));
#17545=CARTESIAN_POINT('',(-0.007,-0.0142153903091735,0.022));
#17546=CARTESIAN_POINT('',(0.015,-0.0142153903091735,0.022));
#17547=CARTESIAN_POINT('',(0.015,0.0362833209967908,-0.0071554445662278));
#17548=CARTESIAN_POINT('',(-0.007,-0.0124833395016046,0.023));
#17549=CARTESIAN_POINT('',(0.018,-0.0124833395016046,0.023));
#17550=CARTESIAN_POINT('',(0.018,-0.0107512886940357,0.024));
#17551=CARTESIAN_POINT('',(-0.007,-0.0107512886940357,0.024));
#17552=CARTESIAN_POINT('',(0.015,-0.0107512886940357,0.024));
#17553=CARTESIAN_POINT('',(0.015,-0.0174102540378444,0.0201554445662276));
#17554=CARTESIAN_POINT('',(-0.007,-0.0107512886940357,0.026));
#17555=CARTESIAN_POINT('',(0.018,-0.0107512886940357,0.026));
#17556=CARTESIAN_POINT('',(0.018,-0.0107512886940357,0.028));
#17557=CARTESIAN_POINT('',(-0.007,-0.0107512886940357,0.028));
#17558=CARTESIAN_POINT('',(0.015,-0.0107512886940357,0.028));
#17559=CARTESIAN_POINT('',(0.015,-0.0107512886940357,-0.04));
#17560=CARTESIAN_POINT('',(-0.007,-0.0124833395016046,0.029));
#17561=CARTESIAN_POINT('',(0.018,-0.0124833395016046,0.029));
#17562=CARTESIAN_POINT('',(0.015,0.0397474226119285,-0.00115544456622773));
#17563=CARTESIAN_POINT('',(-0.007,-0.00728718707889798,0.024));
#17564=CARTESIAN_POINT('',(-0.007,-0.0055551362713291,0.025));
#17565=CARTESIAN_POINT('',(0.015,-0.0055551362713291,0.025));
#17566=CARTESIAN_POINT('',(0.018,-0.0055551362713291,0.025));
#17567=CARTESIAN_POINT('',(0.018,-0.00728718707889798,0.024));
#17568=CARTESIAN_POINT('',(0.018,-0.00901923788646686,0.023));
#17569=CARTESIAN_POINT('',(-0.007,-0.00901923788646686,0.023));
#17570=CARTESIAN_POINT('',(0.015,-0.00901923788646686,0.023));
#17571=CARTESIAN_POINT('',(0.015,-0.0122141016151378,0.0211554445662277));
#17572=CARTESIAN_POINT('',(-0.007,-0.00901923788646682,0.021));
#17573=CARTESIAN_POINT('',(0.018,-0.00901923788646682,0.021));
#17574=CARTESIAN_POINT('',(0.018,-0.00901923788646686,0.019));
#17575=CARTESIAN_POINT('',(-0.007,-0.00901923788646686,0.019));
#17576=CARTESIAN_POINT('',(0.015,-0.00901923788646686,0.019));
#17577=CARTESIAN_POINT('',(0.015,-0.00901923788646682,-0.045));
#17578=CARTESIAN_POINT('',(-0.007,-0.00728718707889801,0.018));
#17579=CARTESIAN_POINT('',(0.018,-0.00728718707889801,0.018));
#17580=CARTESIAN_POINT('',(0.018,-0.00555513627132911,0.017));
#17581=CARTESIAN_POINT('',(-0.007,-0.00555513627132911,0.017));
#17582=CARTESIAN_POINT('',(0.015,-0.00555513627132911,0.017));
#17583=CARTESIAN_POINT('',(0.015,0.0449435750346352,-0.0121554445662278));
#17584=CARTESIAN_POINT('',(-0.007,-0.00382308546376022,0.018));
#17585=CARTESIAN_POINT('',(0.018,-0.00382308546376022,0.018));
#17586=CARTESIAN_POINT('',(0.018,-0.00209103465619133,0.019));
#17587=CARTESIAN_POINT('',(-0.007,-0.00209103465619133,0.019));
#17588=CARTESIAN_POINT('',(0.015,-0.00209103465619133,0.019));
#17589=CARTESIAN_POINT('',(0.015,-0.00875,0.0151554445662277));
#17590=CARTESIAN_POINT('',(-0.007,-0.00209103465619133,0.021));
#17591=CARTESIAN_POINT('',(0.018,-0.00209103465619133,0.021));
#17592=CARTESIAN_POINT('',(0.018,-0.00209103465619135,0.023));
#17593=CARTESIAN_POINT('',(-0.007,-0.00209103465619136,0.023));
#17594=CARTESIAN_POINT('',(0.015,-0.00209103465619136,0.023));
#17595=CARTESIAN_POINT('',(0.015,-0.00209103465619133,-0.045));
#17596=CARTESIAN_POINT('',(-0.007,-0.00382308546376024,0.024));
#17597=CARTESIAN_POINT('',(0.018,-0.00382308546376024,0.024));
#17598=CARTESIAN_POINT('',(0.015,0.048407676649773,-0.00615544456622773));
#17599=CARTESIAN_POINT('',(-0.007,0.00137306695894641,0.019));
#17600=CARTESIAN_POINT('',(-0.007,0.00310511776651528,0.02));
#17601=CARTESIAN_POINT('',(0.015,0.00310511776651528,0.02));
#17602=CARTESIAN_POINT('',(0.018,0.00310511776651528,0.02));
#17603=CARTESIAN_POINT('',(0.018,0.00137306695894641,0.019));
#17604=CARTESIAN_POINT('',(0.018,-0.000358983848622471,0.018));
#17605=CARTESIAN_POINT('',(-0.007,-0.000358983848622471,0.018));
#17606=CARTESIAN_POINT('',(0.015,-0.000358983848622471,0.018));
#17607=CARTESIAN_POINT('',(0.015,-0.00355384757729339,0.0161554445662276));
#17608=CARTESIAN_POINT('',(-0.007,-0.000358983848622436,0.016));
#17609=CARTESIAN_POINT('',(0.018,-0.000358983848622436,0.016));
#17610=CARTESIAN_POINT('',(0.018,-0.000358983848622478,0.014));
#17611=CARTESIAN_POINT('',(-0.007,-0.000358983848622478,0.014));
#17612=CARTESIAN_POINT('',(0.015,-0.000358983848622478,0.014));
#17613=CARTESIAN_POINT('',(0.015,-0.000358983848622436,-0.05));
#17614=CARTESIAN_POINT('',(-0.007,0.00137306695894638,0.013));
#17615=CARTESIAN_POINT('',(0.018,0.00137306695894638,0.013));
#17616=CARTESIAN_POINT('',(0.018,0.00310511776651527,0.012));
#17617=CARTESIAN_POINT('',(-0.007,0.00310511776651527,0.012));
#17618=CARTESIAN_POINT('',(0.015,0.00310511776651527,0.012));
#17619=CARTESIAN_POINT('',(0.015,0.0536038290724796,-0.0171554445662278));
#17620=CARTESIAN_POINT('',(-0.007,0.00483716857408417,0.013));
#17621=CARTESIAN_POINT('',(0.018,0.00483716857408417,0.013));
#17622=CARTESIAN_POINT('',(0.018,0.00656921938165305,0.014));
#17623=CARTESIAN_POINT('',(-0.007,0.00656921938165305,0.014));
#17624=CARTESIAN_POINT('',(0.015,0.00656921938165305,0.014));
#17625=CARTESIAN_POINT('',(0.015,-8.97459621556351E-5,0.0101554445662276));
#17626=CARTESIAN_POINT('',(-0.007,0.00656921938165305,0.016));
#17627=CARTESIAN_POINT('',(0.018,0.00656921938165305,0.016));
#17628=CARTESIAN_POINT('',(0.018,0.00656921938165304,0.018));
#17629=CARTESIAN_POINT('',(-0.007,0.00656921938165303,0.018));
#17630=CARTESIAN_POINT('',(0.015,0.00656921938165303,0.018));
#17631=CARTESIAN_POINT('',(0.015,0.00656921938165305,-0.05));
#17632=CARTESIAN_POINT('',(-0.007,0.00483716857408415,0.019));
#17633=CARTESIAN_POINT('',(0.018,0.00483716857408415,0.019));
#17634=CARTESIAN_POINT('',(0.015,0.0570679306876173,-0.0111554445662277));
#17635=CARTESIAN_POINT('',(-0.007,0.0100333209967908,0.014));
#17636=CARTESIAN_POINT('',(-0.007,0.0117653718043597,0.015));
#17637=CARTESIAN_POINT('',(0.015,0.0117653718043597,0.015));
#17638=CARTESIAN_POINT('',(0.018,0.0117653718043597,0.015));
#17639=CARTESIAN_POINT('',(0.018,0.0100333209967908,0.014));
#17640=CARTESIAN_POINT('',(0.018,0.00830127018922192,0.013));
#17641=CARTESIAN_POINT('',(-0.007,0.00830127018922192,0.013));
#17642=CARTESIAN_POINT('',(0.015,0.00830127018922192,0.013));
#17643=CARTESIAN_POINT('',(0.015,0.005106406460551,0.0111554445662276));
#17644=CARTESIAN_POINT('',(-0.007,0.00830127018922195,0.011));
#17645=CARTESIAN_POINT('',(0.018,0.00830127018922195,0.011));
#17646=CARTESIAN_POINT('',(0.018,0.00830127018922191,0.009));
#17647=CARTESIAN_POINT('',(-0.007,0.00830127018922191,0.009));
#17648=CARTESIAN_POINT('',(0.015,0.00830127018922191,0.009));
#17649=CARTESIAN_POINT('',(0.015,0.00830127018922195,-0.055));
#17650=CARTESIAN_POINT('',(-0.007,0.0100333209967908,0.008));
#17651=CARTESIAN_POINT('',(0.018,0.0100333209967908,0.008));
#17652=CARTESIAN_POINT('',(0.018,0.0117653718043597,0.007));
#17653=CARTESIAN_POINT('',(-0.007,0.0117653718043597,0.007));
#17654=CARTESIAN_POINT('',(0.015,0.0117653718043597,0.007));
#17655=CARTESIAN_POINT('',(0.015,0.062264083110324,-0.0221554445662278));
#17656=CARTESIAN_POINT('',(-0.007,0.0134974226119286,0.008));
#17657=CARTESIAN_POINT('',(0.018,0.0134974226119286,0.008));
#17658=CARTESIAN_POINT('',(0.018,0.0152294734194974,0.009));
#17659=CARTESIAN_POINT('',(-0.007,0.0152294734194974,0.009));
#17660=CARTESIAN_POINT('',(0.015,0.0152294734194974,0.009));
#17661=CARTESIAN_POINT('',(0.015,0.00857050807568875,0.00515544456622762));
#17662=CARTESIAN_POINT('',(-0.007,0.0152294734194974,0.011));
#17663=CARTESIAN_POINT('',(0.018,0.0152294734194974,0.011));
#17664=CARTESIAN_POINT('',(0.018,0.0152294734194974,0.013));
#17665=CARTESIAN_POINT('',(-0.007,0.0152294734194974,0.013));
#17666=CARTESIAN_POINT('',(0.015,0.0152294734194974,0.013));
#17667=CARTESIAN_POINT('',(0.015,0.0152294734194974,-0.055));
#17668=CARTESIAN_POINT('',(-0.007,0.0134974226119285,0.014));
#17669=CARTESIAN_POINT('',(0.018,0.0134974226119285,0.014));
#17670=CARTESIAN_POINT('',(0.015,0.0657281847254617,-0.0161554445662278));
#17671=CARTESIAN_POINT('',(-0.007,0.0186935750346352,0.009));
#17672=CARTESIAN_POINT('',(-0.007,0.020425625842204,0.01));
#17673=CARTESIAN_POINT('',(0.015,0.020425625842204,0.01));
#17674=CARTESIAN_POINT('',(0.018,0.020425625842204,0.01));
#17675=CARTESIAN_POINT('',(0.018,0.0186935750346352,0.009));
#17676=CARTESIAN_POINT('',(0.018,0.0169615242270663,0.008));
#17677=CARTESIAN_POINT('',(-0.007,0.0169615242270663,0.008));
#17678=CARTESIAN_POINT('',(0.015,0.0169615242270663,0.008));
#17679=CARTESIAN_POINT('',(0.015,0.0137666604983954,0.00615544456622764));
#17680=CARTESIAN_POINT('',(-0.007,0.0169615242270664,0.006));
#17681=CARTESIAN_POINT('',(0.018,0.0169615242270664,0.006));
#17682=CARTESIAN_POINT('',(0.018,0.0169615242270663,0.00399999999999994));
#17683=CARTESIAN_POINT('',(-0.007,0.0169615242270663,0.00399999999999994));
#17684=CARTESIAN_POINT('',(0.015,0.0169615242270663,0.00399999999999994));
#17685=CARTESIAN_POINT('',(0.015,0.0169615242270664,-0.06));
#17686=CARTESIAN_POINT('',(-0.007,0.0186935750346351,0.00299999999999995));
#17687=CARTESIAN_POINT('',(0.018,0.0186935750346351,0.00299999999999995));
#17688=CARTESIAN_POINT('',(0.018,0.020425625842204,0.00199999999999993));
#17689=CARTESIAN_POINT('',(-0.007,0.020425625842204,0.00199999999999993));
#17690=CARTESIAN_POINT('',(0.015,0.020425625842204,0.00199999999999993));
#17691=CARTESIAN_POINT('',(0.015,0.0709243371481683,-0.0271554445662278));
#17692=CARTESIAN_POINT('',(-0.007,0.0221576766497729,0.00299999999999994));
#17693=CARTESIAN_POINT('',(0.018,0.0221576766497729,0.00299999999999994));
#17694=CARTESIAN_POINT('',(0.018,0.0238897274573419,0.00399999999999995));
#17695=CARTESIAN_POINT('',(-0.007,0.0238897274573419,0.00399999999999995));
#17696=CARTESIAN_POINT('',(0.015,0.0238897274573419,0.00399999999999995));
#17697=CARTESIAN_POINT('',(0.015,0.0172307621135331,0.000155444566227625));
#17698=CARTESIAN_POINT('',(-0.007,0.0238897274573419,0.006));
#17699=CARTESIAN_POINT('',(0.018,0.0238897274573419,0.006));
#17700=CARTESIAN_POINT('',(0.018,0.0238897274573418,0.008));
#17701=CARTESIAN_POINT('',(-0.007,0.0238897274573418,0.008));
#17702=CARTESIAN_POINT('',(0.015,0.0238897274573418,0.008));
#17703=CARTESIAN_POINT('',(0.015,0.0238897274573419,-0.06));
#17704=CARTESIAN_POINT('',(-0.007,0.0221576766497729,0.009));
#17705=CARTESIAN_POINT('',(0.018,0.0221576766497729,0.009));
#17706=CARTESIAN_POINT('',(0.015,0.0743884387633061,-0.0211554445662278));
#17707=CARTESIAN_POINT('',(-0.007,0.0273538290724795,0.00399999999999995));
#17708=CARTESIAN_POINT('',(-0.007,0.0290858798800484,0.005));
#17709=CARTESIAN_POINT('',(0.015,0.0290858798800484,0.005));
#17710=CARTESIAN_POINT('',(0.018,0.0290858798800484,0.005));
#17711=CARTESIAN_POINT('',(0.018,0.0273538290724795,0.00399999999999995));
#17712=CARTESIAN_POINT('',(0.018,0.0256217782649107,0.00299999999999994));
#17713=CARTESIAN_POINT('',(-0.007,0.0256217782649107,0.00299999999999994));
#17714=CARTESIAN_POINT('',(0.015,0.0256217782649107,0.00299999999999994));
#17715=CARTESIAN_POINT('',(0.015,0.0224269145362398,0.00115544456622764));
#17716=CARTESIAN_POINT('',(-0.007,0.0256217782649108,0.000999999999999945));
#17717=CARTESIAN_POINT('',(0.018,0.0256217782649108,0.000999999999999945));
#17718=CARTESIAN_POINT('',(0.018,0.0256217782649107,-0.00100000000000006));
#17719=CARTESIAN_POINT('',(-0.007,0.0256217782649107,-0.00100000000000006));
#17720=CARTESIAN_POINT('',(0.015,0.0256217782649107,-0.00100000000000006));
#17721=CARTESIAN_POINT('',(0.015,0.0256217782649108,-0.065));
#17722=CARTESIAN_POINT('',(-0.007,0.0273538290724795,-0.00200000000000005));
#17723=CARTESIAN_POINT('',(0.018,0.0273538290724795,-0.00200000000000005));
#17724=CARTESIAN_POINT('',(0.018,0.0290858798800484,-0.00300000000000007));
#17725=CARTESIAN_POINT('',(-0.007,0.0290858798800484,-0.00300000000000007));
#17726=CARTESIAN_POINT('',(0.015,0.0290858798800484,-0.00300000000000007));
#17727=CARTESIAN_POINT('',(0.015,0.0795845911860127,-0.0321554445662278));
#17728=CARTESIAN_POINT('',(-0.007,0.0308179306876174,-0.00200000000000006));
#17729=CARTESIAN_POINT('',(0.018,0.0308179306876174,-0.00200000000000006));
#17730=CARTESIAN_POINT('',(0.018,0.0325499814951862,-0.00100000000000004));
#17731=CARTESIAN_POINT('',(-0.007,0.0325499814951862,-0.00100000000000004));
#17732=CARTESIAN_POINT('',(0.015,0.0325499814951862,-0.00100000000000004));
#17733=CARTESIAN_POINT('',(0.015,0.0258910161513776,-0.00484455543377237));
#17734=CARTESIAN_POINT('',(-0.007,0.0325499814951862,0.000999999999999973));
#17735=CARTESIAN_POINT('',(0.018,0.0325499814951862,0.000999999999999973));
#17736=CARTESIAN_POINT('',(0.018,0.0325499814951862,0.003));
#17737=CARTESIAN_POINT('',(-0.007,0.0325499814951862,0.003));
#17738=CARTESIAN_POINT('',(0.015,0.0325499814951862,0.003));
#17739=CARTESIAN_POINT('',(0.015,0.0325499814951862,-0.065));
#17740=CARTESIAN_POINT('',(-0.007,0.0308179306876173,0.004));
#17741=CARTESIAN_POINT('',(0.018,0.0308179306876173,0.004));
#17742=CARTESIAN_POINT('',(0.015,0.0830486928011505,-0.0261554445662277));
#17743=CARTESIAN_POINT('',(-0.007,-0.0332679491924312,0.029));
#17744=CARTESIAN_POINT('',(-0.007,-0.0315358983848622,0.03));
#17745=CARTESIAN_POINT('',(0.015,-0.0315358983848622,0.03));
#17746=CARTESIAN_POINT('',(0.018,-0.0315358983848622,0.03));
#17747=CARTESIAN_POINT('',(0.018,-0.0332679491924312,0.029));
#17748=CARTESIAN_POINT('',(0.018,-0.035,0.028));
#17749=CARTESIAN_POINT('',(-0.007,-0.035,0.028));
#17750=CARTESIAN_POINT('',(0.015,-0.035,0.028));
#17751=CARTESIAN_POINT('',(0.015,-0.0381948637286709,0.0261554445662276));
#17752=CARTESIAN_POINT('',(-0.007,-0.035,0.026));
#17753=CARTESIAN_POINT('',(0.018,-0.035,0.026));
#17754=CARTESIAN_POINT('',(0.018,-0.035,0.024));
#17755=CARTESIAN_POINT('',(-0.007,-0.035,0.024));
#17756=CARTESIAN_POINT('',(0.015,-0.035,0.024));
#17757=CARTESIAN_POINT('',(0.015,-0.035,-0.04));
#17758=CARTESIAN_POINT('',(-0.007,-0.0332679491924312,0.023));
#17759=CARTESIAN_POINT('',(0.018,-0.0332679491924312,0.023));
#17760=CARTESIAN_POINT('',(0.018,-0.0315358983848623,0.022));
#17761=CARTESIAN_POINT('',(-0.007,-0.0315358983848623,0.022));
#17762=CARTESIAN_POINT('',(0.015,-0.0315358983848623,0.022));
#17763=CARTESIAN_POINT('',(0.015,0.018962812921102,-0.0071554445662278));
#17764=CARTESIAN_POINT('',(-0.007,-0.0298038475772934,0.023));
#17765=CARTESIAN_POINT('',(0.018,-0.0298038475772934,0.023));
#17766=CARTESIAN_POINT('',(0.018,-0.0280717967697245,0.024));
#17767=CARTESIAN_POINT('',(-0.007,-0.0280717967697245,0.024));
#17768=CARTESIAN_POINT('',(0.015,-0.0280717967697245,0.024));
#17769=CARTESIAN_POINT('',(0.015,-0.0347307621135332,0.0201554445662276));
#17770=CARTESIAN_POINT('',(-0.007,-0.0280717967697245,0.026));
#17771=CARTESIAN_POINT('',(0.018,-0.0280717967697245,0.026));
#17772=CARTESIAN_POINT('',(0.018,-0.0280717967697245,0.028));
#17773=CARTESIAN_POINT('',(-0.007,-0.0280717967697245,0.028));
#17774=CARTESIAN_POINT('',(0.015,-0.0280717967697245,0.028));
#17775=CARTESIAN_POINT('',(0.015,-0.0280717967697245,-0.04));
#17776=CARTESIAN_POINT('',(-0.007,-0.0298038475772934,0.029));
#17777=CARTESIAN_POINT('',(0.018,-0.0298038475772934,0.029));
#17778=CARTESIAN_POINT('',(0.015,0.0224269145362398,-0.00115544456622773));
#17779=CARTESIAN_POINT('',(-0.007,-0.0246076951545867,0.024));
#17780=CARTESIAN_POINT('',(-0.007,-0.0228756443470179,0.025));
#17781=CARTESIAN_POINT('',(0.015,-0.0228756443470179,0.025));
#17782=CARTESIAN_POINT('',(0.018,-0.0228756443470179,0.025));
#17783=CARTESIAN_POINT('',(0.018,-0.0246076951545867,0.024));
#17784=CARTESIAN_POINT('',(0.018,-0.0263397459621556,0.023));
#17785=CARTESIAN_POINT('',(-0.007,-0.0263397459621556,0.023));
#17786=CARTESIAN_POINT('',(0.015,-0.0263397459621556,0.023));
#17787=CARTESIAN_POINT('',(0.015,-0.0295346096908266,0.0211554445662277));
#17788=CARTESIAN_POINT('',(-0.007,-0.0263397459621556,0.021));
#17789=CARTESIAN_POINT('',(0.018,-0.0263397459621556,0.021));
#17790=CARTESIAN_POINT('',(0.018,-0.0263397459621556,0.019));
#17791=CARTESIAN_POINT('',(-0.007,-0.0263397459621556,0.019));
#17792=CARTESIAN_POINT('',(0.015,-0.0263397459621556,0.019));
#17793=CARTESIAN_POINT('',(0.015,-0.0263397459621556,-0.045));
#17794=CARTESIAN_POINT('',(-0.007,-0.0246076951545868,0.018));
#17795=CARTESIAN_POINT('',(0.018,-0.0246076951545868,0.018));
#17796=CARTESIAN_POINT('',(0.018,-0.0228756443470179,0.017));
#17797=CARTESIAN_POINT('',(-0.007,-0.0228756443470179,0.017));
#17798=CARTESIAN_POINT('',(0.015,-0.0228756443470179,0.017));
#17799=CARTESIAN_POINT('',(0.015,0.0276230669589464,-0.0121554445662278));
#17800=CARTESIAN_POINT('',(-0.007,-0.021143593539449,0.018));
#17801=CARTESIAN_POINT('',(0.018,-0.021143593539449,0.018));
#17802=CARTESIAN_POINT('',(0.018,-0.0194115427318801,0.019));
#17803=CARTESIAN_POINT('',(-0.007,-0.0194115427318801,0.019));
#17804=CARTESIAN_POINT('',(0.015,-0.0194115427318801,0.019));
#17805=CARTESIAN_POINT('',(0.015,-0.0260705080756888,0.0151554445662277));
#17806=CARTESIAN_POINT('',(-0.007,-0.0194115427318801,0.021));
#17807=CARTESIAN_POINT('',(0.018,-0.0194115427318801,0.021));
#17808=CARTESIAN_POINT('',(0.018,-0.0194115427318801,0.023));
#17809=CARTESIAN_POINT('',(-0.007,-0.0194115427318801,0.023));
#17810=CARTESIAN_POINT('',(0.015,-0.0194115427318801,0.023));
#17811=CARTESIAN_POINT('',(0.015,-0.0194115427318801,-0.045));
#17812=CARTESIAN_POINT('',(-0.007,-0.021143593539449,0.024));
#17813=CARTESIAN_POINT('',(0.018,-0.021143593539449,0.024));
#17814=CARTESIAN_POINT('',(0.015,0.0310871685740842,-0.00615544456622773));
#17815=CARTESIAN_POINT('',(-0.007,-0.0159474411167423,0.019));
#17816=CARTESIAN_POINT('',(-0.007,-0.0142153903091735,0.02));
#17817=CARTESIAN_POINT('',(0.015,-0.0142153903091735,0.02));
#17818=CARTESIAN_POINT('',(0.018,-0.0142153903091735,0.02));
#17819=CARTESIAN_POINT('',(0.018,-0.0159474411167423,0.019));
#17820=CARTESIAN_POINT('',(0.018,-0.0176794919243112,0.018));
#17821=CARTESIAN_POINT('',(-0.007,-0.0176794919243112,0.018));
#17822=CARTESIAN_POINT('',(0.015,-0.0176794919243112,0.018));
#17823=CARTESIAN_POINT('',(0.015,-0.0208743556529821,0.0161554445662276));
#17824=CARTESIAN_POINT('',(-0.007,-0.0176794919243112,0.016));
#17825=CARTESIAN_POINT('',(0.018,-0.0176794919243112,0.016));
#17826=CARTESIAN_POINT('',(0.018,-0.0176794919243112,0.014));
#17827=CARTESIAN_POINT('',(-0.007,-0.0176794919243112,0.014));
#17828=CARTESIAN_POINT('',(0.015,-0.0176794919243112,0.014));
#17829=CARTESIAN_POINT('',(0.015,-0.0176794919243112,-0.05));
#17830=CARTESIAN_POINT('',(-0.007,-0.0159474411167424,0.013));
#17831=CARTESIAN_POINT('',(0.018,-0.0159474411167424,0.013));
#17832=CARTESIAN_POINT('',(0.018,-0.0142153903091735,0.012));
#17833=CARTESIAN_POINT('',(-0.007,-0.0142153903091735,0.012));
#17834=CARTESIAN_POINT('',(0.015,-0.0142153903091735,0.012));
#17835=CARTESIAN_POINT('',(0.015,0.0362833209967908,-0.0171554445662278));
#17836=CARTESIAN_POINT('',(-0.007,-0.0124833395016046,0.013));
#17837=CARTESIAN_POINT('',(0.018,-0.0124833395016046,0.013));
#17838=CARTESIAN_POINT('',(0.018,-0.0107512886940357,0.014));
#17839=CARTESIAN_POINT('',(-0.007,-0.0107512886940357,0.014));
#17840=CARTESIAN_POINT('',(0.015,-0.0107512886940357,0.014));
#17841=CARTESIAN_POINT('',(0.015,-0.0174102540378444,0.0101554445662276));
#17842=CARTESIAN_POINT('',(-0.007,-0.0107512886940357,0.016));
#17843=CARTESIAN_POINT('',(0.018,-0.0107512886940357,0.016));
#17844=CARTESIAN_POINT('',(0.018,-0.0107512886940357,0.018));
#17845=CARTESIAN_POINT('',(-0.007,-0.0107512886940357,0.018));
#17846=CARTESIAN_POINT('',(0.015,-0.0107512886940357,0.018));
#17847=CARTESIAN_POINT('',(0.015,-0.0107512886940357,-0.05));
#17848=CARTESIAN_POINT('',(-0.007,-0.0124833395016046,0.019));
#17849=CARTESIAN_POINT('',(0.018,-0.0124833395016046,0.019));
#17850=CARTESIAN_POINT('',(0.015,0.0397474226119285,-0.0111554445662277));
#17851=CARTESIAN_POINT('',(-0.007,-0.00728718707889798,0.014));
#17852=CARTESIAN_POINT('',(-0.007,-0.0055551362713291,0.015));
#17853=CARTESIAN_POINT('',(0.015,-0.0055551362713291,0.015));
#17854=CARTESIAN_POINT('',(0.018,-0.0055551362713291,0.015));
#17855=CARTESIAN_POINT('',(0.018,-0.00728718707889798,0.014));
#17856=CARTESIAN_POINT('',(0.018,-0.00901923788646686,0.013));
#17857=CARTESIAN_POINT('',(-0.007,-0.00901923788646686,0.013));
#17858=CARTESIAN_POINT('',(0.015,-0.00901923788646686,0.013));
#17859=CARTESIAN_POINT('',(0.015,-0.0122141016151378,0.0111554445662276));
#17860=CARTESIAN_POINT('',(-0.007,-0.00901923788646683,0.011));
#17861=CARTESIAN_POINT('',(0.018,-0.00901923788646683,0.011));
#17862=CARTESIAN_POINT('',(0.018,-0.00901923788646687,0.009));
#17863=CARTESIAN_POINT('',(-0.007,-0.00901923788646687,0.009));
#17864=CARTESIAN_POINT('',(0.015,-0.00901923788646687,0.009));
#17865=CARTESIAN_POINT('',(0.015,-0.00901923788646683,-0.055));
#17866=CARTESIAN_POINT('',(-0.007,-0.00728718707889801,0.008));
#17867=CARTESIAN_POINT('',(0.018,-0.00728718707889801,0.008));
#17868=CARTESIAN_POINT('',(0.018,-0.00555513627132912,0.007));
#17869=CARTESIAN_POINT('',(-0.007,-0.00555513627132912,0.007));
#17870=CARTESIAN_POINT('',(0.015,-0.00555513627132912,0.007));
#17871=CARTESIAN_POINT('',(0.015,0.0449435750346352,-0.0221554445662278));
#17872=CARTESIAN_POINT('',(-0.007,-0.00382308546376022,0.008));
#17873=CARTESIAN_POINT('',(0.018,-0.00382308546376022,0.008));
#17874=CARTESIAN_POINT('',(0.018,-0.00209103465619133,0.009));
#17875=CARTESIAN_POINT('',(-0.007,-0.00209103465619133,0.009));
#17876=CARTESIAN_POINT('',(0.015,-0.00209103465619133,0.009));
#17877=CARTESIAN_POINT('',(0.015,-0.00875,0.00515544456622762));
#17878=CARTESIAN_POINT('',(-0.007,-0.00209103465619133,0.011));
#17879=CARTESIAN_POINT('',(0.018,-0.00209103465619133,0.011));
#17880=CARTESIAN_POINT('',(0.018,-0.00209103465619135,0.013));
#17881=CARTESIAN_POINT('',(-0.007,-0.00209103465619136,0.013));
#17882=CARTESIAN_POINT('',(0.015,-0.00209103465619136,0.013));
#17883=CARTESIAN_POINT('',(0.015,-0.00209103465619133,-0.055));
#17884=CARTESIAN_POINT('',(-0.007,-0.00382308546376024,0.014));
#17885=CARTESIAN_POINT('',(0.018,-0.00382308546376024,0.014));
#17886=CARTESIAN_POINT('',(0.015,0.048407676649773,-0.0161554445662278));
#17887=CARTESIAN_POINT('',(-0.007,0.00137306695894641,0.009));
#17888=CARTESIAN_POINT('',(-0.007,0.00310511776651528,0.01));
#17889=CARTESIAN_POINT('',(0.015,0.00310511776651528,0.01));
#17890=CARTESIAN_POINT('',(0.018,0.00310511776651528,0.01));
#17891=CARTESIAN_POINT('',(0.018,0.00137306695894641,0.009));
#17892=CARTESIAN_POINT('',(0.018,-0.000358983848622471,0.008));
#17893=CARTESIAN_POINT('',(-0.007,-0.000358983848622471,0.008));
#17894=CARTESIAN_POINT('',(0.015,-0.000358983848622471,0.008));
#17895=CARTESIAN_POINT('',(0.015,-0.00355384757729339,0.00615544456622764));
#17896=CARTESIAN_POINT('',(-0.007,-0.000358983848622436,0.006));
#17897=CARTESIAN_POINT('',(0.018,-0.000358983848622436,0.006));
#17898=CARTESIAN_POINT('',(0.018,-0.000358983848622478,0.00399999999999994));
#17899=CARTESIAN_POINT('',(-0.007,-0.000358983848622478,0.00399999999999994));
#17900=CARTESIAN_POINT('',(0.015,-0.000358983848622478,0.00399999999999994));
#17901=CARTESIAN_POINT('',(0.015,-0.000358983848622436,-0.06));
#17902=CARTESIAN_POINT('',(-0.007,0.00137306695894638,0.00299999999999995));
#17903=CARTESIAN_POINT('',(0.018,0.00137306695894638,0.00299999999999995));
#17904=CARTESIAN_POINT('',(0.018,0.00310511776651527,0.00199999999999993));
#17905=CARTESIAN_POINT('',(-0.007,0.00310511776651527,0.00199999999999993));
#17906=CARTESIAN_POINT('',(0.015,0.00310511776651527,0.00199999999999993));
#17907=CARTESIAN_POINT('',(0.015,0.0536038290724796,-0.0271554445662278));
#17908=CARTESIAN_POINT('',(-0.007,0.00483716857408417,0.00299999999999994));
#17909=CARTESIAN_POINT('',(0.018,0.00483716857408417,0.00299999999999994));
#17910=CARTESIAN_POINT('',(0.018,0.00656921938165305,0.00399999999999995));
#17911=CARTESIAN_POINT('',(-0.007,0.00656921938165305,0.00399999999999995));
#17912=CARTESIAN_POINT('',(0.015,0.00656921938165305,0.00399999999999995));
#17913=CARTESIAN_POINT('',(0.015,-8.97459621556351E-5,0.000155444566227625));
#17914=CARTESIAN_POINT('',(-0.007,0.00656921938165305,0.006));
#17915=CARTESIAN_POINT('',(0.018,0.00656921938165305,0.006));
#17916=CARTESIAN_POINT('',(0.018,0.00656921938165304,0.008));
#17917=CARTESIAN_POINT('',(-0.007,0.00656921938165303,0.008));
#17918=CARTESIAN_POINT('',(0.015,0.00656921938165303,0.008));
#17919=CARTESIAN_POINT('',(0.015,0.00656921938165305,-0.06));
#17920=CARTESIAN_POINT('',(-0.007,0.00483716857408415,0.009));
#17921=CARTESIAN_POINT('',(0.018,0.00483716857408415,0.009));
#17922=CARTESIAN_POINT('',(0.015,0.0570679306876173,-0.0211554445662278));
#17923=CARTESIAN_POINT('',(-0.007,0.0100333209967908,0.00399999999999995));
#17924=CARTESIAN_POINT('',(-0.007,0.0117653718043597,0.005));
#17925=CARTESIAN_POINT('',(0.015,0.0117653718043597,0.005));
#17926=CARTESIAN_POINT('',(0.018,0.0117653718043597,0.005));
#17927=CARTESIAN_POINT('',(0.018,0.0100333209967908,0.00399999999999995));
#17928=CARTESIAN_POINT('',(0.018,0.00830127018922192,0.00299999999999994));
#17929=CARTESIAN_POINT('',(-0.007,0.00830127018922192,0.00299999999999994));
#17930=CARTESIAN_POINT('',(0.015,0.00830127018922192,0.00299999999999994));
#17931=CARTESIAN_POINT('',(0.015,0.005106406460551,0.00115544456622764));
#17932=CARTESIAN_POINT('',(-0.007,0.00830127018922195,0.000999999999999945));
#17933=CARTESIAN_POINT('',(0.018,0.00830127018922195,0.000999999999999945));
#17934=CARTESIAN_POINT('',(0.018,0.00830127018922191,-0.00100000000000006));
#17935=CARTESIAN_POINT('',(-0.007,0.00830127018922191,-0.00100000000000006));
#17936=CARTESIAN_POINT('',(0.015,0.00830127018922191,-0.00100000000000006));
#17937=CARTESIAN_POINT('',(0.015,0.00830127018922195,-0.065));
#17938=CARTESIAN_POINT('',(-0.007,0.0100333209967908,-0.00200000000000005));
#17939=CARTESIAN_POINT('',(0.018,0.0100333209967908,-0.00200000000000005));
#17940=CARTESIAN_POINT('',(0.018,0.0117653718043597,-0.00300000000000007));
#17941=CARTESIAN_POINT('',(-0.007,0.0117653718043597,-0.00300000000000007));
#17942=CARTESIAN_POINT('',(0.015,0.0117653718043597,-0.00300000000000007));
#17943=CARTESIAN_POINT('',(0.015,0.062264083110324,-0.0321554445662278));
#17944=CARTESIAN_POINT('',(-0.007,0.0134974226119286,-0.00200000000000006));
#17945=CARTESIAN_POINT('',(0.018,0.0134974226119286,-0.00200000000000006));
#17946=CARTESIAN_POINT('',(0.018,0.0152294734194974,-0.00100000000000004));
#17947=CARTESIAN_POINT('',(-0.007,0.0152294734194974,-0.00100000000000004));
#17948=CARTESIAN_POINT('',(0.015,0.0152294734194974,-0.00100000000000004));
#17949=CARTESIAN_POINT('',(0.015,0.00857050807568875,-0.00484455543377237));
#17950=CARTESIAN_POINT('',(-0.007,0.0152294734194974,0.000999999999999973));
#17951=CARTESIAN_POINT('',(0.018,0.0152294734194974,0.000999999999999973));
#17952=CARTESIAN_POINT('',(0.018,0.0152294734194974,0.003));
#17953=CARTESIAN_POINT('',(-0.007,0.0152294734194974,0.003));
#17954=CARTESIAN_POINT('',(0.015,0.0152294734194974,0.003));
#17955=CARTESIAN_POINT('',(0.015,0.0152294734194974,-0.065));
#17956=CARTESIAN_POINT('',(-0.007,0.0134974226119285,0.004));
#17957=CARTESIAN_POINT('',(0.018,0.0134974226119285,0.004));
#17958=CARTESIAN_POINT('',(0.015,0.0657281847254617,-0.0261554445662277));
#17959=CARTESIAN_POINT('',(-0.007,0.0186935750346352,-0.00100000000000006));
#17960=CARTESIAN_POINT('',(-0.007,0.020425625842204,-5.55111512312578E-17));
#17961=CARTESIAN_POINT('',(0.015,0.020425625842204,-4.16333634234433E-17));
#17962=CARTESIAN_POINT('',(0.018,0.020425625842204,-5.55111512312578E-17));
#17963=CARTESIAN_POINT('',(0.018,0.0186935750346352,-0.00100000000000006));
#17964=CARTESIAN_POINT('',(0.018,0.0169615242270663,-0.00200000000000006));
#17965=CARTESIAN_POINT('',(-0.007,0.0169615242270663,-0.00200000000000006));
#17966=CARTESIAN_POINT('',(0.015,0.0169615242270663,-0.00200000000000006));
#17967=CARTESIAN_POINT('',(0.015,0.0137666604983954,-0.00384455543377236));
#17968=CARTESIAN_POINT('',(-0.007,0.0169615242270664,-0.00400000000000006));
#17969=CARTESIAN_POINT('',(0.018,0.0169615242270664,-0.00400000000000006));
#17970=CARTESIAN_POINT('',(0.018,0.0169615242270663,-0.006));
#17971=CARTESIAN_POINT('',(-0.007,0.0169615242270663,-0.006));
#17972=CARTESIAN_POINT('',(0.015,0.0169615242270663,-0.006));
#17973=CARTESIAN_POINT('',(0.015,0.0169615242270664,-0.07));
#17974=CARTESIAN_POINT('',(-0.007,0.0186935750346351,-0.007));
#17975=CARTESIAN_POINT('',(0.018,0.0186935750346351,-0.007));
#17976=CARTESIAN_POINT('',(0.018,0.020425625842204,-0.008));
#17977=CARTESIAN_POINT('',(-0.007,0.020425625842204,-0.008));
#17978=CARTESIAN_POINT('',(0.015,0.020425625842204,-0.008));
#17979=CARTESIAN_POINT('',(0.015,0.0709243371481683,-0.0371554445662278));
#17980=CARTESIAN_POINT('',(-0.007,0.0221576766497729,-0.007));
#17981=CARTESIAN_POINT('',(0.018,0.0221576766497729,-0.007));
#17982=CARTESIAN_POINT('',(0.018,0.0238897274573419,-0.006));
#17983=CARTESIAN_POINT('',(-0.007,0.0238897274573419,-0.006));
#17984=CARTESIAN_POINT('',(0.015,0.0238897274573419,-0.006));
#17985=CARTESIAN_POINT('',(0.015,0.0172307621135331,-0.00984455543377238));
#17986=CARTESIAN_POINT('',(-0.007,0.0238897274573419,-0.004));
#17987=CARTESIAN_POINT('',(0.018,0.0238897274573419,-0.004));
#17988=CARTESIAN_POINT('',(0.018,0.0238897274573418,-0.00200000000000003));
#17989=CARTESIAN_POINT('',(-0.007,0.0238897274573418,-0.00200000000000003));
#17990=CARTESIAN_POINT('',(0.015,0.0238897274573418,-0.00200000000000003));
#17991=CARTESIAN_POINT('',(0.015,0.0238897274573419,-0.07));
#17992=CARTESIAN_POINT('',(-0.007,0.0221576766497729,-0.00100000000000003));
#17993=CARTESIAN_POINT('',(0.018,0.0221576766497729,-0.00100000000000003));
#17994=CARTESIAN_POINT('',(0.015,0.0743884387633061,-0.0311554445662277));
#17995=CARTESIAN_POINT('',(-0.007,0.0273538290724795,-0.006));
#17996=CARTESIAN_POINT('',(-0.007,0.0290858798800484,-0.00500000000000006));
#17997=CARTESIAN_POINT('',(0.015,0.0290858798800484,-0.005));
#17998=CARTESIAN_POINT('',(0.018,0.0290858798800484,-0.00500000000000006));
#17999=CARTESIAN_POINT('',(0.018,0.0273538290724795,-0.006));
#18000=CARTESIAN_POINT('',(0.018,0.0256217782649107,-0.007));
#18001=CARTESIAN_POINT('',(-0.007,0.0256217782649107,-0.007));
#18002=CARTESIAN_POINT('',(0.015,0.0256217782649107,-0.007));
#18003=CARTESIAN_POINT('',(0.015,0.0224269145362398,-0.00884455543377237));
#18004=CARTESIAN_POINT('',(-0.007,0.0256217782649108,-0.009));
#18005=CARTESIAN_POINT('',(0.018,0.0256217782649108,-0.009));
#18006=CARTESIAN_POINT('',(0.018,0.0256217782649107,-0.011));
#18007=CARTESIAN_POINT('',(-0.007,0.0256217782649107,-0.011));
#18008=CARTESIAN_POINT('',(0.015,0.0256217782649107,-0.011));
#18009=CARTESIAN_POINT('',(0.015,0.0256217782649108,-0.075));
#18010=CARTESIAN_POINT('',(-0.007,0.0273538290724795,-0.012));
#18011=CARTESIAN_POINT('',(0.018,0.0273538290724795,-0.012));
#18012=CARTESIAN_POINT('',(0.018,0.0290858798800484,-0.013));
#18013=CARTESIAN_POINT('',(-0.007,0.0290858798800484,-0.013));
#18014=CARTESIAN_POINT('',(0.015,0.0290858798800484,-0.013));
#18015=CARTESIAN_POINT('',(0.015,0.0795845911860127,-0.0421554445662278));
#18016=CARTESIAN_POINT('',(-0.007,0.0308179306876174,-0.012));
#18017=CARTESIAN_POINT('',(0.018,0.0308179306876174,-0.012));
#18018=CARTESIAN_POINT('',(0.018,0.0325499814951862,-0.011));
#18019=CARTESIAN_POINT('',(-0.007,0.0325499814951862,-0.011));
#18020=CARTESIAN_POINT('',(0.015,0.0325499814951862,-0.011));
#18021=CARTESIAN_POINT('',(0.015,0.0258910161513776,-0.0148445554337724));
#18022=CARTESIAN_POINT('',(-0.007,0.0325499814951862,-0.009));
#18023=CARTESIAN_POINT('',(0.018,0.0325499814951862,-0.009));
#18024=CARTESIAN_POINT('',(0.018,0.0325499814951862,-0.007));
#18025=CARTESIAN_POINT('',(-0.007,0.0325499814951862,-0.007));
#18026=CARTESIAN_POINT('',(0.015,0.0325499814951862,-0.007));
#18027=CARTESIAN_POINT('',(0.015,0.0325499814951862,-0.075));
#18028=CARTESIAN_POINT('',(-0.007,0.0308179306876173,-0.006));
#18029=CARTESIAN_POINT('',(0.018,0.0308179306876173,-0.006));
#18030=CARTESIAN_POINT('',(0.015,0.0830486928011505,-0.0361554445662278));
#18031=CARTESIAN_POINT('',(-0.007,-0.0332679491924312,0.019));
#18032=CARTESIAN_POINT('',(-0.007,-0.0315358983848622,0.02));
#18033=CARTESIAN_POINT('',(0.015,-0.0315358983848622,0.02));
#18034=CARTESIAN_POINT('',(0.018,-0.0315358983848622,0.02));
#18035=CARTESIAN_POINT('',(0.018,-0.0332679491924312,0.019));
#18036=CARTESIAN_POINT('',(0.018,-0.035,0.018));
#18037=CARTESIAN_POINT('',(-0.007,-0.035,0.018));
#18038=CARTESIAN_POINT('',(0.015,-0.035,0.018));
#18039=CARTESIAN_POINT('',(0.015,-0.0381948637286709,0.0161554445662276));
#18040=CARTESIAN_POINT('',(-0.007,-0.035,0.016));
#18041=CARTESIAN_POINT('',(0.018,-0.035,0.016));
#18042=CARTESIAN_POINT('',(0.018,-0.035,0.014));
#18043=CARTESIAN_POINT('',(-0.007,-0.035,0.014));
#18044=CARTESIAN_POINT('',(0.015,-0.035,0.014));
#18045=CARTESIAN_POINT('',(0.015,-0.035,-0.05));
#18046=CARTESIAN_POINT('',(-0.007,-0.0332679491924312,0.013));
#18047=CARTESIAN_POINT('',(0.018,-0.0332679491924312,0.013));
#18048=CARTESIAN_POINT('',(0.018,-0.0315358983848623,0.012));
#18049=CARTESIAN_POINT('',(-0.007,-0.0315358983848623,0.012));
#18050=CARTESIAN_POINT('',(0.015,-0.0315358983848623,0.012));
#18051=CARTESIAN_POINT('',(0.015,0.018962812921102,-0.0171554445662278));
#18052=CARTESIAN_POINT('',(-0.007,-0.0298038475772934,0.013));
#18053=CARTESIAN_POINT('',(0.018,-0.0298038475772934,0.013));
#18054=CARTESIAN_POINT('',(0.018,-0.0280717967697245,0.014));
#18055=CARTESIAN_POINT('',(-0.007,-0.0280717967697245,0.014));
#18056=CARTESIAN_POINT('',(0.015,-0.0280717967697245,0.014));
#18057=CARTESIAN_POINT('',(0.015,-0.0347307621135332,0.0101554445662276));
#18058=CARTESIAN_POINT('',(-0.007,-0.0280717967697245,0.016));
#18059=CARTESIAN_POINT('',(0.018,-0.0280717967697245,0.016));
#18060=CARTESIAN_POINT('',(0.018,-0.0280717967697245,0.018));
#18061=CARTESIAN_POINT('',(-0.007,-0.0280717967697245,0.018));
#18062=CARTESIAN_POINT('',(0.015,-0.0280717967697245,0.018));
#18063=CARTESIAN_POINT('',(0.015,-0.0280717967697245,-0.05));
#18064=CARTESIAN_POINT('',(-0.007,-0.0298038475772934,0.019));
#18065=CARTESIAN_POINT('',(0.018,-0.0298038475772934,0.019));
#18066=CARTESIAN_POINT('',(0.015,0.0224269145362398,-0.0111554445662277));
#18067=CARTESIAN_POINT('',(-0.007,-0.0246076951545867,0.014));
#18068=CARTESIAN_POINT('',(-0.007,-0.0228756443470179,0.015));
#18069=CARTESIAN_POINT('',(0.015,-0.0228756443470179,0.015));
#18070=CARTESIAN_POINT('',(0.018,-0.0228756443470179,0.015));
#18071=CARTESIAN_POINT('',(0.018,-0.0246076951545867,0.014));
#18072=CARTESIAN_POINT('',(0.018,-0.0263397459621556,0.013));
#18073=CARTESIAN_POINT('',(-0.007,-0.0263397459621556,0.013));
#18074=CARTESIAN_POINT('',(0.015,-0.0263397459621556,0.013));
#18075=CARTESIAN_POINT('',(0.015,-0.0295346096908266,0.0111554445662276));
#18076=CARTESIAN_POINT('',(-0.007,-0.0263397459621556,0.011));
#18077=CARTESIAN_POINT('',(0.018,-0.0263397459621556,0.011));
#18078=CARTESIAN_POINT('',(0.018,-0.0263397459621556,0.009));
#18079=CARTESIAN_POINT('',(-0.007,-0.0263397459621556,0.009));
#18080=CARTESIAN_POINT('',(0.015,-0.0263397459621556,0.009));
#18081=CARTESIAN_POINT('',(0.015,-0.0263397459621556,-0.055));
#18082=CARTESIAN_POINT('',(-0.007,-0.0246076951545868,0.008));
#18083=CARTESIAN_POINT('',(0.018,-0.0246076951545868,0.008));
#18084=CARTESIAN_POINT('',(0.018,-0.0228756443470179,0.007));
#18085=CARTESIAN_POINT('',(-0.007,-0.0228756443470179,0.007));
#18086=CARTESIAN_POINT('',(0.015,-0.0228756443470179,0.007));
#18087=CARTESIAN_POINT('',(0.015,0.0276230669589464,-0.0221554445662278));
#18088=CARTESIAN_POINT('',(-0.007,-0.021143593539449,0.008));
#18089=CARTESIAN_POINT('',(0.018,-0.021143593539449,0.008));
#18090=CARTESIAN_POINT('',(0.018,-0.0194115427318801,0.009));
#18091=CARTESIAN_POINT('',(-0.007,-0.0194115427318801,0.009));
#18092=CARTESIAN_POINT('',(0.015,-0.0194115427318801,0.009));
#18093=CARTESIAN_POINT('',(0.015,-0.0260705080756888,0.00515544456622762));
#18094=CARTESIAN_POINT('',(-0.007,-0.0194115427318801,0.011));
#18095=CARTESIAN_POINT('',(0.018,-0.0194115427318801,0.011));
#18096=CARTESIAN_POINT('',(0.018,-0.0194115427318801,0.013));
#18097=CARTESIAN_POINT('',(-0.007,-0.0194115427318801,0.013));
#18098=CARTESIAN_POINT('',(0.015,-0.0194115427318801,0.013));
#18099=CARTESIAN_POINT('',(0.015,-0.0194115427318801,-0.055));
#18100=CARTESIAN_POINT('',(-0.007,-0.021143593539449,0.014));
#18101=CARTESIAN_POINT('',(0.018,-0.021143593539449,0.014));
#18102=CARTESIAN_POINT('',(0.015,0.0310871685740842,-0.0161554445662278));
#18103=CARTESIAN_POINT('',(-0.007,-0.0159474411167423,0.009));
#18104=CARTESIAN_POINT('',(-0.007,-0.0142153903091735,0.01));
#18105=CARTESIAN_POINT('',(0.015,-0.0142153903091735,0.01));
#18106=CARTESIAN_POINT('',(0.018,-0.0142153903091735,0.01));
#18107=CARTESIAN_POINT('',(0.018,-0.0159474411167423,0.009));
#18108=CARTESIAN_POINT('',(0.018,-0.0176794919243112,0.008));
#18109=CARTESIAN_POINT('',(-0.007,-0.0176794919243112,0.008));
#18110=CARTESIAN_POINT('',(0.015,-0.0176794919243112,0.008));
#18111=CARTESIAN_POINT('',(0.015,-0.0208743556529821,0.00615544456622764));
#18112=CARTESIAN_POINT('',(-0.007,-0.0176794919243112,0.006));
#18113=CARTESIAN_POINT('',(0.018,-0.0176794919243112,0.006));
#18114=CARTESIAN_POINT('',(0.018,-0.0176794919243112,0.00399999999999994));
#18115=CARTESIAN_POINT('',(-0.007,-0.0176794919243112,0.00399999999999994));
#18116=CARTESIAN_POINT('',(0.015,-0.0176794919243112,0.00399999999999994));
#18117=CARTESIAN_POINT('',(0.015,-0.0176794919243112,-0.06));
#18118=CARTESIAN_POINT('',(-0.007,-0.0159474411167424,0.00299999999999995));
#18119=CARTESIAN_POINT('',(0.018,-0.0159474411167424,0.00299999999999995));
#18120=CARTESIAN_POINT('',(0.018,-0.0142153903091735,0.00199999999999993));
#18121=CARTESIAN_POINT('',(-0.007,-0.0142153903091735,0.00199999999999993));
#18122=CARTESIAN_POINT('',(0.015,-0.0142153903091735,0.00199999999999993));
#18123=CARTESIAN_POINT('',(0.015,0.0362833209967908,-0.0271554445662278));
#18124=CARTESIAN_POINT('',(-0.007,-0.0124833395016046,0.00299999999999994));
#18125=CARTESIAN_POINT('',(0.018,-0.0124833395016046,0.00299999999999994));
#18126=CARTESIAN_POINT('',(0.018,-0.0107512886940357,0.00399999999999995));
#18127=CARTESIAN_POINT('',(-0.007,-0.0107512886940357,0.00399999999999995));
#18128=CARTESIAN_POINT('',(0.015,-0.0107512886940357,0.00399999999999995));
#18129=CARTESIAN_POINT('',(0.015,-0.0174102540378444,0.000155444566227625));
#18130=CARTESIAN_POINT('',(-0.007,-0.0107512886940357,0.006));
#18131=CARTESIAN_POINT('',(0.018,-0.0107512886940357,0.006));
#18132=CARTESIAN_POINT('',(0.018,-0.0107512886940357,0.008));
#18133=CARTESIAN_POINT('',(-0.007,-0.0107512886940357,0.008));
#18134=CARTESIAN_POINT('',(0.015,-0.0107512886940357,0.008));
#18135=CARTESIAN_POINT('',(0.015,-0.0107512886940357,-0.06));
#18136=CARTESIAN_POINT('',(-0.007,-0.0124833395016046,0.009));
#18137=CARTESIAN_POINT('',(0.018,-0.0124833395016046,0.009));
#18138=CARTESIAN_POINT('',(0.015,0.0397474226119285,-0.0211554445662278));
#18139=CARTESIAN_POINT('',(-0.007,-0.00728718707889798,0.00399999999999995));
#18140=CARTESIAN_POINT('',(-0.007,-0.0055551362713291,0.005));
#18141=CARTESIAN_POINT('',(0.015,-0.0055551362713291,0.005));
#18142=CARTESIAN_POINT('',(0.018,-0.0055551362713291,0.005));
#18143=CARTESIAN_POINT('',(0.018,-0.00728718707889798,0.00399999999999995));
#18144=CARTESIAN_POINT('',(0.018,-0.00901923788646686,0.00299999999999994));
#18145=CARTESIAN_POINT('',(-0.007,-0.00901923788646686,0.00299999999999994));
#18146=CARTESIAN_POINT('',(0.015,-0.00901923788646686,0.00299999999999994));
#18147=CARTESIAN_POINT('',(0.015,-0.0122141016151378,0.00115544456622764));
#18148=CARTESIAN_POINT('',(-0.007,-0.00901923788646683,0.000999999999999945));
#18149=CARTESIAN_POINT('',(0.018,-0.00901923788646683,0.000999999999999945));
#18150=CARTESIAN_POINT('',(0.018,-0.00901923788646687,-0.00100000000000006));
#18151=CARTESIAN_POINT('',(-0.007,-0.00901923788646687,-0.00100000000000006));
#18152=CARTESIAN_POINT('',(0.015,-0.00901923788646687,-0.00100000000000006));
#18153=CARTESIAN_POINT('',(0.015,-0.00901923788646683,-0.065));
#18154=CARTESIAN_POINT('',(-0.007,-0.00728718707889801,-0.00200000000000005));
#18155=CARTESIAN_POINT('',(0.018,-0.00728718707889801,-0.00200000000000005));
#18156=CARTESIAN_POINT('',(0.018,-0.00555513627132912,-0.00300000000000007));
#18157=CARTESIAN_POINT('',(-0.007,-0.00555513627132912,-0.00300000000000007));
#18158=CARTESIAN_POINT('',(0.015,-0.00555513627132912,-0.00300000000000007));
#18159=CARTESIAN_POINT('',(0.015,0.0449435750346352,-0.0321554445662278));
#18160=CARTESIAN_POINT('',(-0.007,-0.00382308546376022,-0.00200000000000006));
#18161=CARTESIAN_POINT('',(0.018,-0.00382308546376022,-0.00200000000000006));
#18162=CARTESIAN_POINT('',(0.018,-0.00209103465619133,-0.00100000000000004));
#18163=CARTESIAN_POINT('',(-0.007,-0.00209103465619133,-0.00100000000000004));
#18164=CARTESIAN_POINT('',(0.015,-0.00209103465619133,-0.00100000000000004));
#18165=CARTESIAN_POINT('',(0.015,-0.00875,-0.00484455543377237));
#18166=CARTESIAN_POINT('',(-0.007,-0.00209103465619133,0.000999999999999973));
#18167=CARTESIAN_POINT('',(0.018,-0.00209103465619133,0.000999999999999973));
#18168=CARTESIAN_POINT('',(0.018,-0.00209103465619135,0.003));
#18169=CARTESIAN_POINT('',(-0.007,-0.00209103465619136,0.003));
#18170=CARTESIAN_POINT('',(0.015,-0.00209103465619136,0.003));
#18171=CARTESIAN_POINT('',(0.015,-0.00209103465619133,-0.065));
#18172=CARTESIAN_POINT('',(-0.007,-0.00382308546376024,0.004));
#18173=CARTESIAN_POINT('',(0.018,-0.00382308546376024,0.004));
#18174=CARTESIAN_POINT('',(0.015,0.048407676649773,-0.0261554445662277));
#18175=CARTESIAN_POINT('',(-0.007,0.00137306695894641,-0.00100000000000006));
#18176=CARTESIAN_POINT('',(-0.007,0.00310511776651528,-5.55111512312578E-17));
#18177=CARTESIAN_POINT('',(0.015,0.00310511776651528,-4.16333634234433E-17));
#18178=CARTESIAN_POINT('',(0.018,0.00310511776651528,-5.55111512312578E-17));
#18179=CARTESIAN_POINT('',(0.018,0.00137306695894641,-0.00100000000000006));
#18180=CARTESIAN_POINT('',(0.018,-0.000358983848622471,-0.00200000000000006));
#18181=CARTESIAN_POINT('',(-0.007,-0.000358983848622471,-0.00200000000000006));
#18182=CARTESIAN_POINT('',(0.015,-0.000358983848622471,-0.00200000000000006));
#18183=CARTESIAN_POINT('',(0.015,-0.00355384757729339,-0.00384455543377236));
#18184=CARTESIAN_POINT('',(-0.007,-0.000358983848622436,-0.00400000000000006));
#18185=CARTESIAN_POINT('',(0.018,-0.000358983848622436,-0.00400000000000006));
#18186=CARTESIAN_POINT('',(0.018,-0.000358983848622478,-0.006));
#18187=CARTESIAN_POINT('',(-0.007,-0.000358983848622478,-0.006));
#18188=CARTESIAN_POINT('',(0.015,-0.000358983848622478,-0.006));
#18189=CARTESIAN_POINT('',(0.015,-0.000358983848622436,-0.07));
#18190=CARTESIAN_POINT('',(-0.007,0.00137306695894638,-0.007));
#18191=CARTESIAN_POINT('',(0.018,0.00137306695894638,-0.007));
#18192=CARTESIAN_POINT('',(0.018,0.00310511776651527,-0.008));
#18193=CARTESIAN_POINT('',(-0.007,0.00310511776651527,-0.008));
#18194=CARTESIAN_POINT('',(0.015,0.00310511776651527,-0.008));
#18195=CARTESIAN_POINT('',(0.015,0.0536038290724796,-0.0371554445662278));
#18196=CARTESIAN_POINT('',(-0.007,0.00483716857408417,-0.007));
#18197=CARTESIAN_POINT('',(0.018,0.00483716857408417,-0.007));
#18198=CARTESIAN_POINT('',(0.018,0.00656921938165305,-0.006));
#18199=CARTESIAN_POINT('',(-0.007,0.00656921938165305,-0.006));
#18200=CARTESIAN_POINT('',(0.015,0.00656921938165305,-0.006));
#18201=CARTESIAN_POINT('',(0.015,-8.97459621556351E-5,-0.00984455543377238));
#18202=CARTESIAN_POINT('',(-0.007,0.00656921938165305,-0.004));
#18203=CARTESIAN_POINT('',(0.018,0.00656921938165305,-0.004));
#18204=CARTESIAN_POINT('',(0.018,0.00656921938165304,-0.00200000000000003));
#18205=CARTESIAN_POINT('',(-0.007,0.00656921938165303,-0.00200000000000003));
#18206=CARTESIAN_POINT('',(0.015,0.00656921938165303,-0.00200000000000003));
#18207=CARTESIAN_POINT('',(0.015,0.00656921938165305,-0.07));
#18208=CARTESIAN_POINT('',(-0.007,0.00483716857408415,-0.00100000000000003));
#18209=CARTESIAN_POINT('',(0.018,0.00483716857408415,-0.00100000000000003));
#18210=CARTESIAN_POINT('',(0.015,0.0570679306876173,-0.0311554445662277));
#18211=CARTESIAN_POINT('',(-0.007,0.0100333209967908,-0.006));
#18212=CARTESIAN_POINT('',(-0.007,0.0117653718043597,-0.00500000000000006));
#18213=CARTESIAN_POINT('',(0.015,0.0117653718043597,-0.00500000000000006));
#18214=CARTESIAN_POINT('',(0.018,0.0117653718043597,-0.00500000000000006));
#18215=CARTESIAN_POINT('',(0.018,0.0100333209967908,-0.006));
#18216=CARTESIAN_POINT('',(0.018,0.00830127018922192,-0.007));
#18217=CARTESIAN_POINT('',(-0.007,0.00830127018922192,-0.007));
#18218=CARTESIAN_POINT('',(0.015,0.00830127018922192,-0.007));
#18219=CARTESIAN_POINT('',(0.015,0.00510640646055102,-0.00884455543377238));
#18220=CARTESIAN_POINT('',(-0.007,0.00830127018922195,-0.009));
#18221=CARTESIAN_POINT('',(0.018,0.00830127018922195,-0.009));
#18222=CARTESIAN_POINT('',(0.018,0.00830127018922191,-0.011));
#18223=CARTESIAN_POINT('',(-0.007,0.00830127018922191,-0.011));
#18224=CARTESIAN_POINT('',(0.0117,0.00830127018922191,-0.011));
#18225=CARTESIAN_POINT('',(0.,0.00830127018922195,-0.02));
#18226=CARTESIAN_POINT('',(0.013,0.00830127018922195,-0.01));
#18227=CARTESIAN_POINT('',(0.015,0.00830127018922195,-0.01));
#18228=CARTESIAN_POINT('',(0.015,0.00830127018922193,-0.01));
#18229=CARTESIAN_POINT('',(0.015,0.00830127018922195,-5.55111512312578E-17));
#18230=CARTESIAN_POINT('',(-0.007,0.0100333209967908,-0.012));
#18231=CARTESIAN_POINT('',(0.018,0.0100333209967908,-0.012));
#18232=CARTESIAN_POINT('',(0.018,0.0117653718043597,-0.013));
#18233=CARTESIAN_POINT('',(-0.007,0.0117653718043597,-0.013));
#18234=CARTESIAN_POINT('',(0.0091,0.0117653718043597,-0.013));
#18235=CARTESIAN_POINT('',(0.00945372377075854,0.01129408907913,-0.0127279047917243));
#18236=CARTESIAN_POINT('',(-0.007,0.0134974226119286,-0.012));
#18237=CARTESIAN_POINT('',(0.018,0.0134974226119286,-0.012));
#18238=CARTESIAN_POINT('',(0.018,0.0152294734194974,-0.011));
#18239=CARTESIAN_POINT('',(-0.007,0.0152294734194974,-0.011));
#18240=CARTESIAN_POINT('',(0.015,0.0152294734194974,-0.011));
#18241=CARTESIAN_POINT('',(0.015,0.00857050807568878,-0.0148445554337724));
#18242=CARTESIAN_POINT('',(0.015,0.01325,-0.0121428495116006));
#18243=CARTESIAN_POINT('',(0.015,0.01325,-0.0121428495116006));
#18244=CARTESIAN_POINT('',(0.0102142956349193,0.01325,-0.0121428495116006));
#18245=CARTESIAN_POINT('',(0.00014205830305519,-0.000169712926677423,-0.0198907243822653));
#18246=CARTESIAN_POINT('',(-0.007,0.0152294734194974,-0.009));
#18247=CARTESIAN_POINT('',(0.018,0.0152294734194974,-0.009));
#18248=CARTESIAN_POINT('',(0.018,0.0152294734194974,-0.007));
#18249=CARTESIAN_POINT('',(-0.007,0.0152294734194974,-0.007));
#18250=CARTESIAN_POINT('',(0.015,0.0152294734194974,-0.007));
#18251=CARTESIAN_POINT('',(0.015,0.0152294734194974,-5.55111512312578E-17));
#18252=CARTESIAN_POINT('',(-0.007,0.0134974226119285,-0.006));
#18253=CARTESIAN_POINT('',(0.018,0.0134974226119285,-0.006));
#18254=CARTESIAN_POINT('',(0.015,0.00077627944162883,0.00134455543377227));
#18255=CARTESIAN_POINT('',(-0.007,0.0186935750346352,-0.011));
#18256=CARTESIAN_POINT('',(-0.007,0.020425625842204,-0.01));
#18257=CARTESIAN_POINT('',(0.015,0.020425625842204,-0.01));
#18258=CARTESIAN_POINT('',(0.018,0.020425625842204,-0.01));
#18259=CARTESIAN_POINT('',(0.018,0.0186935750346352,-0.011));
#18260=CARTESIAN_POINT('',(0.018,0.0169615242270663,-0.012));
#18261=CARTESIAN_POINT('',(-0.007,0.0169615242270663,-0.012));
#18262=CARTESIAN_POINT('',(0.015,0.0169615242270663,-0.012));
#18263=CARTESIAN_POINT('',(0.015,0.0137666604983954,-0.0138445554337724));
#18264=CARTESIAN_POINT('',(-0.007,0.0169615242270664,-0.014));
#18265=CARTESIAN_POINT('',(0.018,0.0169615242270664,-0.014));
#18266=CARTESIAN_POINT('',(0.018,0.0169615242270663,-0.016));
#18267=CARTESIAN_POINT('',(-0.007,0.0169615242270663,-0.016));
#18268=CARTESIAN_POINT('',(0.015,0.0169615242270663,-0.016));
#18269=CARTESIAN_POINT('',(0.015,0.0169615242270664,-0.08));
#18270=CARTESIAN_POINT('',(-0.007,0.0186935750346351,-0.017));
#18271=CARTESIAN_POINT('',(0.018,0.0186935750346351,-0.017));
#18272=CARTESIAN_POINT('',(0.018,0.020425625842204,-0.018));
#18273=CARTESIAN_POINT('',(-0.007,0.020425625842204,-0.018));
#18274=CARTESIAN_POINT('',(0.015,0.020425625842204,-0.018));
#18275=CARTESIAN_POINT('',(0.015,0.0709243371481683,-0.0471554445662278));
#18276=CARTESIAN_POINT('',(-0.007,0.0221576766497729,-0.017));
#18277=CARTESIAN_POINT('',(0.018,0.0221576766497729,-0.017));
#18278=CARTESIAN_POINT('',(0.018,0.0238897274573419,-0.016));
#18279=CARTESIAN_POINT('',(-0.007,0.0238897274573419,-0.016));
#18280=CARTESIAN_POINT('',(0.015,0.0238897274573419,-0.016));
#18281=CARTESIAN_POINT('',(0.015,0.0172307621135331,-0.0198445554337724));
#18282=CARTESIAN_POINT('',(-0.007,0.0238897274573419,-0.014));
#18283=CARTESIAN_POINT('',(0.018,0.0238897274573419,-0.014));
#18284=CARTESIAN_POINT('',(0.018,0.0238897274573418,-0.012));
#18285=CARTESIAN_POINT('',(-0.007,0.0238897274573418,-0.012));
#18286=CARTESIAN_POINT('',(0.015,0.0238897274573418,-0.012));
#18287=CARTESIAN_POINT('',(0.015,0.0238897274573419,-0.08));
#18288=CARTESIAN_POINT('',(-0.007,0.0221576766497729,-0.011));
#18289=CARTESIAN_POINT('',(0.018,0.0221576766497729,-0.011));
#18290=CARTESIAN_POINT('',(0.015,0.0743884387633061,-0.0411554445662278));
#18291=CARTESIAN_POINT('',(-0.007,0.0273538290724795,-0.016));
#18292=CARTESIAN_POINT('',(-0.007,0.0290858798800484,-0.015));
#18293=CARTESIAN_POINT('',(0.015,0.0290858798800484,-0.015));
#18294=CARTESIAN_POINT('',(0.018,0.0290858798800484,-0.015));
#18295=CARTESIAN_POINT('',(0.018,0.0273538290724795,-0.016));
#18296=CARTESIAN_POINT('',(0.018,0.0256217782649107,-0.017));
#18297=CARTESIAN_POINT('',(-0.007,0.0256217782649107,-0.017));
#18298=CARTESIAN_POINT('',(0.015,0.0256217782649107,-0.017));
#18299=CARTESIAN_POINT('',(0.015,0.0224269145362398,-0.0188445554337724));
#18300=CARTESIAN_POINT('',(-0.007,0.0256217782649108,-0.019));
#18301=CARTESIAN_POINT('',(0.018,0.0256217782649108,-0.019));
#18302=CARTESIAN_POINT('',(0.018,0.0256217782649107,-0.021));
#18303=CARTESIAN_POINT('',(-0.007,0.0256217782649107,-0.021));
#18304=CARTESIAN_POINT('',(0.015,0.0256217782649107,-0.021));
#18305=CARTESIAN_POINT('',(0.015,0.0256217782649108,-0.085));
#18306=CARTESIAN_POINT('',(-0.007,0.0273538290724795,-0.022));
#18307=CARTESIAN_POINT('',(0.018,0.0273538290724795,-0.022));
#18308=CARTESIAN_POINT('',(0.018,0.0290858798800484,-0.023));
#18309=CARTESIAN_POINT('',(-0.007,0.0290858798800484,-0.023));
#18310=CARTESIAN_POINT('',(0.015,0.0290858798800484,-0.023));
#18311=CARTESIAN_POINT('',(0.015,0.0795845911860127,-0.0521554445662278));
#18312=CARTESIAN_POINT('',(-0.007,0.0308179306876174,-0.022));
#18313=CARTESIAN_POINT('',(0.018,0.0308179306876174,-0.022));
#18314=CARTESIAN_POINT('',(0.018,0.0325499814951862,-0.021));
#18315=CARTESIAN_POINT('',(-0.007,0.0325499814951862,-0.021));
#18316=CARTESIAN_POINT('',(0.015,0.0325499814951862,-0.021));
#18317=CARTESIAN_POINT('',(0.015,0.0258910161513776,-0.0248445554337724));
#18318=CARTESIAN_POINT('',(-0.007,0.0325499814951862,-0.019));
#18319=CARTESIAN_POINT('',(0.018,0.0325499814951862,-0.019));
#18320=CARTESIAN_POINT('',(0.018,0.0325499814951862,-0.017));
#18321=CARTESIAN_POINT('',(-0.007,0.0325499814951862,-0.017));
#18322=CARTESIAN_POINT('',(0.015,0.0325499814951862,-0.017));
#18323=CARTESIAN_POINT('',(0.015,0.0325499814951862,-0.085));
#18324=CARTESIAN_POINT('',(-0.007,0.0308179306876173,-0.016));
#18325=CARTESIAN_POINT('',(0.018,0.0308179306876173,-0.016));
#18326=CARTESIAN_POINT('',(0.015,0.0830486928011505,-0.0461554445662277));
#18327=CARTESIAN_POINT('',(-0.007,-0.0332679491924312,0.009));
#18328=CARTESIAN_POINT('',(-0.007,-0.0315358983848622,0.01));
#18329=CARTESIAN_POINT('',(0.015,-0.0315358983848622,0.01));
#18330=CARTESIAN_POINT('',(0.018,-0.0315358983848622,0.01));
#18331=CARTESIAN_POINT('',(0.018,-0.0332679491924312,0.009));
#18332=CARTESIAN_POINT('',(0.018,-0.035,0.008));
#18333=CARTESIAN_POINT('',(-0.007,-0.035,0.008));
#18334=CARTESIAN_POINT('',(0.015,-0.035,0.008));
#18335=CARTESIAN_POINT('',(0.015,-0.0381948637286709,0.00615544456622764));
#18336=CARTESIAN_POINT('',(-0.007,-0.035,0.006));
#18337=CARTESIAN_POINT('',(0.018,-0.035,0.006));
#18338=CARTESIAN_POINT('',(0.018,-0.035,0.00399999999999995));
#18339=CARTESIAN_POINT('',(-0.007,-0.035,0.00399999999999995));
#18340=CARTESIAN_POINT('',(0.015,-0.035,0.00399999999999995));
#18341=CARTESIAN_POINT('',(0.015,-0.035,-0.06));
#18342=CARTESIAN_POINT('',(-0.007,-0.0332679491924312,0.00299999999999996));
#18343=CARTESIAN_POINT('',(0.018,-0.0332679491924312,0.00299999999999996));
#18344=CARTESIAN_POINT('',(0.018,-0.0315358983848623,0.00199999999999994));
#18345=CARTESIAN_POINT('',(-0.007,-0.0315358983848623,0.00199999999999994));
#18346=CARTESIAN_POINT('',(0.015,-0.0315358983848623,0.00199999999999994));
#18347=CARTESIAN_POINT('',(0.015,0.018962812921102,-0.0271554445662278));
#18348=CARTESIAN_POINT('',(-0.007,-0.0298038475772934,0.00299999999999994));
#18349=CARTESIAN_POINT('',(0.018,-0.0298038475772934,0.00299999999999994));
#18350=CARTESIAN_POINT('',(0.018,-0.0280717967697245,0.004));
#18351=CARTESIAN_POINT('',(-0.007,-0.0280717967697245,0.004));
#18352=CARTESIAN_POINT('',(0.015,-0.0280717967697245,0.004));
#18353=CARTESIAN_POINT('',(0.015,-0.0347307621135332,0.000155444566227632));
#18354=CARTESIAN_POINT('',(-0.007,-0.0280717967697245,0.006));
#18355=CARTESIAN_POINT('',(0.018,-0.0280717967697245,0.006));
#18356=CARTESIAN_POINT('',(0.018,-0.0280717967697245,0.008));
#18357=CARTESIAN_POINT('',(-0.007,-0.0280717967697245,0.008));
#18358=CARTESIAN_POINT('',(0.015,-0.0280717967697245,0.008));
#18359=CARTESIAN_POINT('',(0.015,-0.0280717967697245,-0.06));
#18360=CARTESIAN_POINT('',(-0.007,-0.0298038475772934,0.009));
#18361=CARTESIAN_POINT('',(0.018,-0.0298038475772934,0.009));
#18362=CARTESIAN_POINT('',(0.015,0.0224269145362398,-0.0211554445662278));
#18363=CARTESIAN_POINT('',(-0.007,-0.0246076951545867,0.00399999999999995));
#18364=CARTESIAN_POINT('',(-0.007,-0.0228756443470179,0.005));
#18365=CARTESIAN_POINT('',(0.015,-0.0228756443470179,0.005));
#18366=CARTESIAN_POINT('',(0.018,-0.0228756443470179,0.005));
#18367=CARTESIAN_POINT('',(0.018,-0.0246076951545867,0.00399999999999995));
#18368=CARTESIAN_POINT('',(0.018,-0.0263397459621556,0.00299999999999994));
#18369=CARTESIAN_POINT('',(-0.007,-0.0263397459621556,0.00299999999999994));
#18370=CARTESIAN_POINT('',(0.015,-0.0263397459621556,0.00299999999999994));
#18371=CARTESIAN_POINT('',(0.015,-0.0295346096908266,0.00115544456622764));
#18372=CARTESIAN_POINT('',(-0.007,-0.0263397459621556,0.000999999999999945));
#18373=CARTESIAN_POINT('',(0.018,-0.0263397459621556,0.000999999999999945));
#18374=CARTESIAN_POINT('',(0.018,-0.0263397459621556,-0.00100000000000006));
#18375=CARTESIAN_POINT('',(-0.007,-0.0263397459621556,-0.00100000000000006));
#18376=CARTESIAN_POINT('',(0.015,-0.0263397459621556,-0.00100000000000006));
#18377=CARTESIAN_POINT('',(0.015,-0.0263397459621556,-0.065));
#18378=CARTESIAN_POINT('',(-0.007,-0.0246076951545868,-0.00200000000000005));
#18379=CARTESIAN_POINT('',(0.018,-0.0246076951545868,-0.00200000000000005));
#18380=CARTESIAN_POINT('',(0.018,-0.0228756443470179,-0.00300000000000007));
#18381=CARTESIAN_POINT('',(-0.007,-0.0228756443470179,-0.00300000000000007));
#18382=CARTESIAN_POINT('',(0.015,-0.0228756443470179,-0.00300000000000007));
#18383=CARTESIAN_POINT('',(0.015,0.0276230669589464,-0.0321554445662278));
#18384=CARTESIAN_POINT('',(-0.007,-0.021143593539449,-0.00200000000000006));
#18385=CARTESIAN_POINT('',(0.018,-0.021143593539449,-0.00200000000000006));
#18386=CARTESIAN_POINT('',(0.018,-0.0194115427318801,-0.00100000000000004));
#18387=CARTESIAN_POINT('',(-0.007,-0.0194115427318801,-0.00100000000000004));
#18388=CARTESIAN_POINT('',(0.015,-0.0194115427318801,-0.00100000000000004));
#18389=CARTESIAN_POINT('',(0.015,-0.0260705080756888,-0.00484455543377237));
#18390=CARTESIAN_POINT('',(-0.007,-0.0194115427318801,0.000999999999999973));
#18391=CARTESIAN_POINT('',(0.018,-0.0194115427318801,0.000999999999999973));
#18392=CARTESIAN_POINT('',(0.018,-0.0194115427318801,0.003));
#18393=CARTESIAN_POINT('',(-0.007,-0.0194115427318801,0.003));
#18394=CARTESIAN_POINT('',(0.015,-0.0194115427318801,0.003));
#18395=CARTESIAN_POINT('',(0.015,-0.0194115427318801,-0.065));
#18396=CARTESIAN_POINT('',(-0.007,-0.021143593539449,0.004));
#18397=CARTESIAN_POINT('',(0.018,-0.021143593539449,0.004));
#18398=CARTESIAN_POINT('',(0.015,0.0310871685740842,-0.0261554445662277));
#18399=CARTESIAN_POINT('',(-0.007,-0.0159474411167423,-0.00100000000000006));
#18400=CARTESIAN_POINT('',(-0.007,-0.0142153903091735,-5.55111512312578E-17));
#18401=CARTESIAN_POINT('',(0.015,-0.0142153903091735,-4.16333634234433E-17));
#18402=CARTESIAN_POINT('',(0.018,-0.0142153903091735,-5.55111512312578E-17));
#18403=CARTESIAN_POINT('',(0.018,-0.0159474411167423,-0.00100000000000006));
#18404=CARTESIAN_POINT('',(0.018,-0.0176794919243112,-0.00200000000000006));
#18405=CARTESIAN_POINT('',(-0.007,-0.0176794919243112,-0.00200000000000006));
#18406=CARTESIAN_POINT('',(0.015,-0.0176794919243112,-0.00200000000000006));
#18407=CARTESIAN_POINT('',(0.015,-0.0208743556529821,-0.00384455543377236));
#18408=CARTESIAN_POINT('',(-0.007,-0.0176794919243112,-0.00400000000000006));
#18409=CARTESIAN_POINT('',(0.018,-0.0176794919243112,-0.00400000000000006));
#18410=CARTESIAN_POINT('',(0.018,-0.0176794919243112,-0.006));
#18411=CARTESIAN_POINT('',(-0.007,-0.0176794919243112,-0.006));
#18412=CARTESIAN_POINT('',(0.015,-0.0176794919243112,-0.006));
#18413=CARTESIAN_POINT('',(0.015,-0.0176794919243112,-0.07));
#18414=CARTESIAN_POINT('',(-0.007,-0.0159474411167424,-0.007));
#18415=CARTESIAN_POINT('',(0.018,-0.0159474411167424,-0.007));
#18416=CARTESIAN_POINT('',(0.018,-0.0142153903091735,-0.008));
#18417=CARTESIAN_POINT('',(-0.007,-0.0142153903091735,-0.008));
#18418=CARTESIAN_POINT('',(0.015,-0.0142153903091735,-0.008));
#18419=CARTESIAN_POINT('',(0.015,0.0362833209967908,-0.0371554445662278));
#18420=CARTESIAN_POINT('',(-0.007,-0.0124833395016046,-0.007));
#18421=CARTESIAN_POINT('',(0.018,-0.0124833395016046,-0.007));
#18422=CARTESIAN_POINT('',(0.018,-0.0107512886940357,-0.006));
#18423=CARTESIAN_POINT('',(-0.007,-0.0107512886940357,-0.006));
#18424=CARTESIAN_POINT('',(0.015,-0.0107512886940357,-0.006));
#18425=CARTESIAN_POINT('',(0.015,-0.0174102540378444,-0.00984455543377238));
#18426=CARTESIAN_POINT('',(-0.007,-0.0107512886940357,-0.004));
#18427=CARTESIAN_POINT('',(0.018,-0.0107512886940357,-0.004));
#18428=CARTESIAN_POINT('',(0.018,-0.0107512886940357,-0.00200000000000003));
#18429=CARTESIAN_POINT('',(-0.007,-0.0107512886940357,-0.00200000000000003));
#18430=CARTESIAN_POINT('',(0.015,-0.0107512886940357,-0.00200000000000003));
#18431=CARTESIAN_POINT('',(0.015,-0.0107512886940357,-0.07));
#18432=CARTESIAN_POINT('',(-0.007,-0.0124833395016046,-0.00100000000000003));
#18433=CARTESIAN_POINT('',(0.018,-0.0124833395016046,-0.00100000000000003));
#18434=CARTESIAN_POINT('',(0.015,0.0397474226119285,-0.0311554445662277));
#18435=CARTESIAN_POINT('',(-0.007,-0.00728718707889798,-0.006));
#18436=CARTESIAN_POINT('',(-0.007,-0.0055551362713291,-0.005));
#18437=CARTESIAN_POINT('',(0.015,-0.0055551362713291,-0.005));
#18438=CARTESIAN_POINT('',(0.018,-0.0055551362713291,-0.005));
#18439=CARTESIAN_POINT('',(0.018,-0.00728718707889798,-0.006));
#18440=CARTESIAN_POINT('',(0.018,-0.00901923788646686,-0.007));
#18441=CARTESIAN_POINT('',(-0.007,-0.00901923788646686,-0.007));
#18442=CARTESIAN_POINT('',(0.015,-0.00901923788646686,-0.007));
#18443=CARTESIAN_POINT('',(0.015,0.000776279441628816,-0.00134455543377236));
#18444=CARTESIAN_POINT('',(-0.007,-0.00901923788646683,-0.009));
#18445=CARTESIAN_POINT('',(0.018,-0.00901923788646683,-0.009));
#18446=CARTESIAN_POINT('',(0.018,-0.00901923788646687,-0.011));
#18447=CARTESIAN_POINT('',(-0.007,-0.00901923788646687,-0.011));
#18448=CARTESIAN_POINT('',(0.0117,-0.00901923788646687,-0.011));
#18449=CARTESIAN_POINT('',(0.,-0.00901923788646683,-0.02));
#18450=CARTESIAN_POINT('',(0.015,-0.00901923788646683,-5.55111512312578E-17));
#18451=CARTESIAN_POINT('',(-0.007,-0.00728718707889801,-0.012));
#18452=CARTESIAN_POINT('',(0.018,-0.00728718707889801,-0.012));
#18453=CARTESIAN_POINT('',(0.018,-0.00555513627132912,-0.013));
#18454=CARTESIAN_POINT('',(-0.007,-0.00555513627132912,-0.013));
#18455=CARTESIAN_POINT('',(0.0091,-0.00555513627132912,-0.013));
#18456=CARTESIAN_POINT('',(0.00259959371803447,0.00310565907498187,-0.0180003125245889));
#18457=CARTESIAN_POINT('',(-0.007,-0.00382308546376022,-0.012));
#18458=CARTESIAN_POINT('',(0.018,-0.00382308546376022,-0.012));
#18459=CARTESIAN_POINT('',(0.018,-0.00209103465619133,-0.011));
#18460=CARTESIAN_POINT('',(-0.007,-0.00209103465619133,-0.011));
#18461=CARTESIAN_POINT('',(0.0117,-0.00209103465619133,-0.011));
#18462=CARTESIAN_POINT('',(0.00699618835577928,-0.00835814293082556,-0.0146183166494006));
#18463=CARTESIAN_POINT('',(-0.007,-0.00209103465619133,-0.009));
#18464=CARTESIAN_POINT('',(0.018,-0.00209103465619133,-0.009));
#18465=CARTESIAN_POINT('',(0.018,-0.00209103465619135,-0.007));
#18466=CARTESIAN_POINT('',(-0.007,-0.00209103465619136,-0.007));
#18467=CARTESIAN_POINT('',(0.015,-0.00209103465619136,-0.007));
#18468=CARTESIAN_POINT('',(0.015,-0.00209103465619133,-5.55111512312578E-17));
#18469=CARTESIAN_POINT('',(0.015,-0.00209103465619134,-0.01));
#18470=CARTESIAN_POINT('',(0.015,-0.00209103465619133,-0.01));
#18471=CARTESIAN_POINT('',(0.013,-0.00209103465619133,-0.01));
#18472=CARTESIAN_POINT('',(0.,-0.00209103465619133,-0.02));
#18473=CARTESIAN_POINT('',(-0.007,-0.00382308546376024,-0.006));
#18474=CARTESIAN_POINT('',(0.018,-0.00382308546376024,-0.006));
#18475=CARTESIAN_POINT('',(0.015,-0.00355384757729336,-0.00615544456622772));
#18476=CARTESIAN_POINT('',(-0.007,0.0186935750346352,-0.021));
#18477=CARTESIAN_POINT('',(-0.007,0.020425625842204,-0.02));
#18478=CARTESIAN_POINT('',(0.015,0.020425625842204,-0.02));
#18479=CARTESIAN_POINT('',(0.018,0.020425625842204,-0.02));
#18480=CARTESIAN_POINT('',(0.018,0.0186935750346352,-0.021));
#18481=CARTESIAN_POINT('',(0.018,0.0169615242270663,-0.022));
#18482=CARTESIAN_POINT('',(-0.007,0.0169615242270663,-0.022));
#18483=CARTESIAN_POINT('',(0.015,0.0169615242270663,-0.022));
#18484=CARTESIAN_POINT('',(0.015,0.0137666604983954,-0.0238445554337723));
#18485=CARTESIAN_POINT('',(-0.007,0.0169615242270664,-0.024));
#18486=CARTESIAN_POINT('',(0.018,0.0169615242270664,-0.024));
#18487=CARTESIAN_POINT('',(0.018,0.0169615242270663,-0.026));
#18488=CARTESIAN_POINT('',(-0.007,0.0169615242270663,-0.026));
#18489=CARTESIAN_POINT('',(0.015,0.0169615242270663,-0.026));
#18490=CARTESIAN_POINT('',(0.015,0.0169615242270664,-0.09));
#18491=CARTESIAN_POINT('',(-0.007,0.0186935750346351,-0.027));
#18492=CARTESIAN_POINT('',(0.018,0.0186935750346351,-0.027));
#18493=CARTESIAN_POINT('',(0.018,0.020425625842204,-0.028));
#18494=CARTESIAN_POINT('',(-0.007,0.020425625842204,-0.028));
#18495=CARTESIAN_POINT('',(0.015,0.020425625842204,-0.028));
#18496=CARTESIAN_POINT('',(0.015,0.0709243371481683,-0.0571554445662278));
#18497=CARTESIAN_POINT('',(-0.007,0.0221576766497729,-0.027));
#18498=CARTESIAN_POINT('',(0.018,0.0221576766497729,-0.027));
#18499=CARTESIAN_POINT('',(0.018,0.0238897274573419,-0.026));
#18500=CARTESIAN_POINT('',(-0.007,0.0238897274573419,-0.026));
#18501=CARTESIAN_POINT('',(0.015,0.0238897274573419,-0.026));
#18502=CARTESIAN_POINT('',(0.015,0.0172307621135331,-0.0298445554337723));
#18503=CARTESIAN_POINT('',(-0.007,0.0238897274573419,-0.024));
#18504=CARTESIAN_POINT('',(0.018,0.0238897274573419,-0.024));
#18505=CARTESIAN_POINT('',(0.018,0.0238897274573418,-0.022));
#18506=CARTESIAN_POINT('',(-0.007,0.0238897274573418,-0.022));
#18507=CARTESIAN_POINT('',(0.015,0.0238897274573418,-0.022));
#18508=CARTESIAN_POINT('',(0.015,0.0238897274573419,-0.09));
#18509=CARTESIAN_POINT('',(-0.007,0.0221576766497729,-0.021));
#18510=CARTESIAN_POINT('',(0.018,0.0221576766497729,-0.021));
#18511=CARTESIAN_POINT('',(0.015,0.0743884387633061,-0.0511554445662277));
#18512=CARTESIAN_POINT('',(-0.007,0.0273538290724795,-0.026));
#18513=CARTESIAN_POINT('',(-0.007,0.0290858798800484,-0.025));
#18514=CARTESIAN_POINT('',(0.015,0.0290858798800484,-0.025));
#18515=CARTESIAN_POINT('',(0.018,0.0290858798800484,-0.025));
#18516=CARTESIAN_POINT('',(0.018,0.0273538290724795,-0.026));
#18517=CARTESIAN_POINT('',(0.018,0.0256217782649107,-0.027));
#18518=CARTESIAN_POINT('',(-0.007,0.0256217782649107,-0.027));
#18519=CARTESIAN_POINT('',(0.015,0.0256217782649107,-0.027));
#18520=CARTESIAN_POINT('',(0.015,0.0224269145362398,-0.0288445554337723));
#18521=CARTESIAN_POINT('',(-0.007,0.0256217782649108,-0.029));
#18522=CARTESIAN_POINT('',(0.018,0.0256217782649108,-0.029));
#18523=CARTESIAN_POINT('',(0.018,0.0256217782649107,-0.031));
#18524=CARTESIAN_POINT('',(-0.007,0.0256217782649107,-0.031));
#18525=CARTESIAN_POINT('',(0.015,0.0256217782649107,-0.031));
#18526=CARTESIAN_POINT('',(0.015,0.0256217782649108,-0.095));
#18527=CARTESIAN_POINT('',(-0.007,0.0273538290724795,-0.032));
#18528=CARTESIAN_POINT('',(0.018,0.0273538290724795,-0.032));
#18529=CARTESIAN_POINT('',(0.018,0.0290858798800484,-0.033));
#18530=CARTESIAN_POINT('',(-0.007,0.0290858798800484,-0.033));
#18531=CARTESIAN_POINT('',(0.015,0.0290858798800484,-0.033));
#18532=CARTESIAN_POINT('',(0.015,0.0795845911860127,-0.0621554445662278));
#18533=CARTESIAN_POINT('',(-0.007,0.0308179306876174,-0.032));
#18534=CARTESIAN_POINT('',(0.018,0.0308179306876174,-0.032));
#18535=CARTESIAN_POINT('',(0.018,0.0325499814951862,-0.031));
#18536=CARTESIAN_POINT('',(-0.007,0.0325499814951862,-0.031));
#18537=CARTESIAN_POINT('',(0.015,0.0325499814951862,-0.031));
#18538=CARTESIAN_POINT('',(0.015,0.0258910161513776,-0.0348445554337724));
#18539=CARTESIAN_POINT('',(-0.007,0.0325499814951862,-0.029));
#18540=CARTESIAN_POINT('',(0.018,0.0325499814951862,-0.029));
#18541=CARTESIAN_POINT('',(0.018,0.0325499814951862,-0.027));
#18542=CARTESIAN_POINT('',(-0.007,0.0325499814951862,-0.027));
#18543=CARTESIAN_POINT('',(0.015,0.0325499814951862,-0.027));
#18544=CARTESIAN_POINT('',(0.015,0.0325499814951862,-0.095));
#18545=CARTESIAN_POINT('',(-0.007,0.0308179306876173,-0.026));
#18546=CARTESIAN_POINT('',(0.018,0.0308179306876173,-0.026));
#18547=CARTESIAN_POINT('',(0.015,0.0830486928011505,-0.0561554445662277));
#18548=CARTESIAN_POINT('',(-0.007,-0.0332679491924312,-0.00100000000000006));
#18549=CARTESIAN_POINT('',(-0.007,-0.0315358983848622,-5.55111512312578E-17));
#18550=CARTESIAN_POINT('',(0.015,-0.0315358983848622,-4.16333634234433E-17));
#18551=CARTESIAN_POINT('',(0.018,-0.0315358983848622,-5.55111512312578E-17));
#18552=CARTESIAN_POINT('',(0.018,-0.0332679491924312,-0.00100000000000006));
#18553=CARTESIAN_POINT('',(0.018,-0.035,-0.00200000000000006));
#18554=CARTESIAN_POINT('',(-0.007,-0.035,-0.00200000000000006));
#18555=CARTESIAN_POINT('',(0.015,-0.035,-0.00200000000000006));
#18556=CARTESIAN_POINT('',(0.015,-0.0381948637286709,-0.00384455543377236));
#18557=CARTESIAN_POINT('',(-0.007,-0.035,-0.00400000000000006));
#18558=CARTESIAN_POINT('',(0.018,-0.035,-0.00400000000000006));
#18559=CARTESIAN_POINT('',(0.018,-0.035,-0.006));
#18560=CARTESIAN_POINT('',(-0.007,-0.035,-0.006));
#18561=CARTESIAN_POINT('',(0.015,-0.035,-0.006));
#18562=CARTESIAN_POINT('',(0.015,-0.035,-0.07));
#18563=CARTESIAN_POINT('',(-0.007,-0.0332679491924312,-0.007));
#18564=CARTESIAN_POINT('',(0.018,-0.0332679491924312,-0.007));
#18565=CARTESIAN_POINT('',(0.018,-0.0315358983848623,-0.008));
#18566=CARTESIAN_POINT('',(-0.007,-0.0315358983848623,-0.008));
#18567=CARTESIAN_POINT('',(0.015,-0.0315358983848623,-0.008));
#18568=CARTESIAN_POINT('',(0.015,0.018962812921102,-0.0371554445662278));
#18569=CARTESIAN_POINT('',(-0.007,-0.0298038475772934,-0.007));
#18570=CARTESIAN_POINT('',(0.018,-0.0298038475772934,-0.007));
#18571=CARTESIAN_POINT('',(0.018,-0.0280717967697245,-0.006));
#18572=CARTESIAN_POINT('',(-0.007,-0.0280717967697245,-0.006));
#18573=CARTESIAN_POINT('',(0.015,-0.0280717967697245,-0.006));
#18574=CARTESIAN_POINT('',(0.015,-0.0347307621135332,-0.00984455543377238));
#18575=CARTESIAN_POINT('',(-0.007,-0.0280717967697245,-0.004));
#18576=CARTESIAN_POINT('',(0.018,-0.0280717967697245,-0.004));
#18577=CARTESIAN_POINT('',(0.018,-0.0280717967697245,-0.00200000000000003));
#18578=CARTESIAN_POINT('',(-0.007,-0.0280717967697245,-0.00200000000000003));
#18579=CARTESIAN_POINT('',(0.015,-0.0280717967697245,-0.00200000000000003));
#18580=CARTESIAN_POINT('',(0.015,-0.0280717967697245,-0.07));
#18581=CARTESIAN_POINT('',(-0.007,-0.0298038475772934,-0.00100000000000003));
#18582=CARTESIAN_POINT('',(0.018,-0.0298038475772934,-0.00100000000000003));
#18583=CARTESIAN_POINT('',(0.015,0.0224269145362398,-0.0311554445662277));
#18584=CARTESIAN_POINT('',(-0.007,-0.0246076951545867,-0.006));
#18585=CARTESIAN_POINT('',(-0.007,-0.0228756443470179,-0.00500000000000006));
#18586=CARTESIAN_POINT('',(0.015,-0.0228756443470179,-0.005));
#18587=CARTESIAN_POINT('',(0.018,-0.0228756443470179,-0.00500000000000006));
#18588=CARTESIAN_POINT('',(0.018,-0.0246076951545867,-0.006));
#18589=CARTESIAN_POINT('',(0.018,-0.0263397459621556,-0.007));
#18590=CARTESIAN_POINT('',(-0.007,-0.0263397459621556,-0.007));
#18591=CARTESIAN_POINT('',(0.015,-0.0263397459621556,-0.007));
#18592=CARTESIAN_POINT('',(0.015,-0.0295346096908266,-0.00884455543377237));
#18593=CARTESIAN_POINT('',(-0.007,-0.0263397459621556,-0.009));
#18594=CARTESIAN_POINT('',(0.018,-0.0263397459621556,-0.009));
#18595=CARTESIAN_POINT('',(0.018,-0.0263397459621556,-0.011));
#18596=CARTESIAN_POINT('',(-0.007,-0.0263397459621556,-0.011));
#18597=CARTESIAN_POINT('',(0.015,-0.0263397459621556,-0.011));
#18598=CARTESIAN_POINT('',(0.015,-0.0263397459621556,-0.075));
#18599=CARTESIAN_POINT('',(-0.007,-0.0246076951545868,-0.012));
#18600=CARTESIAN_POINT('',(0.018,-0.0246076951545868,-0.012));
#18601=CARTESIAN_POINT('',(0.018,-0.0228756443470179,-0.013));
#18602=CARTESIAN_POINT('',(-0.007,-0.0228756443470179,-0.013));
#18603=CARTESIAN_POINT('',(0.015,-0.0228756443470179,-0.013));
#18604=CARTESIAN_POINT('',(0.015,0.0276230669589464,-0.0421554445662278));
#18605=CARTESIAN_POINT('',(-0.007,-0.021143593539449,-0.012));
#18606=CARTESIAN_POINT('',(0.018,-0.021143593539449,-0.012));
#18607=CARTESIAN_POINT('',(0.018,-0.0194115427318801,-0.011));
#18608=CARTESIAN_POINT('',(-0.007,-0.0194115427318801,-0.011));
#18609=CARTESIAN_POINT('',(0.015,-0.0194115427318801,-0.011));
#18610=CARTESIAN_POINT('',(0.015,-0.0260705080756888,-0.0148445554337724));
#18611=CARTESIAN_POINT('',(-0.007,-0.0194115427318801,-0.009));
#18612=CARTESIAN_POINT('',(0.018,-0.0194115427318801,-0.009));
#18613=CARTESIAN_POINT('',(0.018,-0.0194115427318801,-0.007));
#18614=CARTESIAN_POINT('',(-0.007,-0.0194115427318801,-0.007));
#18615=CARTESIAN_POINT('',(0.015,-0.0194115427318801,-0.007));
#18616=CARTESIAN_POINT('',(0.015,-0.0194115427318801,-0.075));
#18617=CARTESIAN_POINT('',(-0.007,-0.021143593539449,-0.006));
#18618=CARTESIAN_POINT('',(0.018,-0.021143593539449,-0.006));
#18619=CARTESIAN_POINT('',(0.015,0.0310871685740842,-0.0361554445662278));
#18620=CARTESIAN_POINT('',(-0.007,0.0186935750346352,-0.031));
#18621=CARTESIAN_POINT('',(-0.007,0.020425625842204,-0.03));
#18622=CARTESIAN_POINT('',(0.015,0.020425625842204,-0.03));
#18623=CARTESIAN_POINT('',(0.018,0.020425625842204,-0.03));
#18624=CARTESIAN_POINT('',(0.018,0.0186935750346352,-0.031));
#18625=CARTESIAN_POINT('',(0.018,0.0169615242270663,-0.032));
#18626=CARTESIAN_POINT('',(-0.007,0.0169615242270663,-0.032));
#18627=CARTESIAN_POINT('',(0.015,0.0169615242270663,-0.032));
#18628=CARTESIAN_POINT('',(0.015,0.0137666604983954,-0.0338445554337723));
#18629=CARTESIAN_POINT('',(-0.007,0.0169615242270664,-0.034));
#18630=CARTESIAN_POINT('',(0.018,0.0169615242270664,-0.034));
#18631=CARTESIAN_POINT('',(0.018,0.0169615242270663,-0.036));
#18632=CARTESIAN_POINT('',(-0.007,0.0169615242270663,-0.036));
#18633=CARTESIAN_POINT('',(0.015,0.0169615242270663,-0.036));
#18634=CARTESIAN_POINT('',(0.015,0.0169615242270664,-0.1));
#18635=CARTESIAN_POINT('',(-0.007,0.0186935750346351,-0.037));
#18636=CARTESIAN_POINT('',(0.018,0.0186935750346351,-0.037));
#18637=CARTESIAN_POINT('',(0.018,0.020425625842204,-0.038));
#18638=CARTESIAN_POINT('',(-0.007,0.020425625842204,-0.038));
#18639=CARTESIAN_POINT('',(0.015,0.020425625842204,-0.038));
#18640=CARTESIAN_POINT('',(0.015,0.0709243371481683,-0.0671554445662278));
#18641=CARTESIAN_POINT('',(-0.007,0.0221576766497729,-0.037));
#18642=CARTESIAN_POINT('',(0.018,0.0221576766497729,-0.037));
#18643=CARTESIAN_POINT('',(0.018,0.0238897274573419,-0.036));
#18644=CARTESIAN_POINT('',(-0.007,0.0238897274573419,-0.036));
#18645=CARTESIAN_POINT('',(0.015,0.0238897274573419,-0.036));
#18646=CARTESIAN_POINT('',(0.015,0.0172307621135331,-0.0398445554337724));
#18647=CARTESIAN_POINT('',(-0.007,0.0238897274573419,-0.034));
#18648=CARTESIAN_POINT('',(0.018,0.0238897274573419,-0.034));
#18649=CARTESIAN_POINT('',(0.018,0.0238897274573418,-0.032));
#18650=CARTESIAN_POINT('',(-0.007,0.0238897274573418,-0.032));
#18651=CARTESIAN_POINT('',(0.015,0.0238897274573418,-0.032));
#18652=CARTESIAN_POINT('',(0.015,0.0238897274573419,-0.1));
#18653=CARTESIAN_POINT('',(-0.007,0.0221576766497729,-0.031));
#18654=CARTESIAN_POINT('',(0.018,0.0221576766497729,-0.031));
#18655=CARTESIAN_POINT('',(0.015,0.0743884387633061,-0.0611554445662277));
#18656=CARTESIAN_POINT('',(-0.007,0.0273538290724795,-0.036));
#18657=CARTESIAN_POINT('',(-0.007,0.0290858798800484,-0.035));
#18658=CARTESIAN_POINT('',(0.015,0.0290858798800484,-0.035));
#18659=CARTESIAN_POINT('',(0.018,0.0290858798800484,-0.035));
#18660=CARTESIAN_POINT('',(0.018,0.0273538290724795,-0.036));
#18661=CARTESIAN_POINT('',(0.018,0.0256217782649107,-0.037));
#18662=CARTESIAN_POINT('',(-0.007,0.0256217782649107,-0.037));
#18663=CARTESIAN_POINT('',(0.015,0.0256217782649107,-0.037));
#18664=CARTESIAN_POINT('',(0.015,0.0224269145362398,-0.0388445554337724));
#18665=CARTESIAN_POINT('',(-0.007,0.0256217782649108,-0.039));
#18666=CARTESIAN_POINT('',(0.018,0.0256217782649108,-0.039));
#18667=CARTESIAN_POINT('',(0.018,0.0256217782649107,-0.041));
#18668=CARTESIAN_POINT('',(-0.007,0.0256217782649107,-0.041));
#18669=CARTESIAN_POINT('',(0.015,0.0256217782649107,-0.041));
#18670=CARTESIAN_POINT('',(0.015,0.0256217782649108,-0.105));
#18671=CARTESIAN_POINT('',(-0.007,0.0273538290724795,-0.042));
#18672=CARTESIAN_POINT('',(0.018,0.0273538290724795,-0.042));
#18673=CARTESIAN_POINT('',(0.018,0.0290858798800484,-0.043));
#18674=CARTESIAN_POINT('',(-0.007,0.0290858798800484,-0.043));
#18675=CARTESIAN_POINT('',(0.015,0.0290858798800484,-0.043));
#18676=CARTESIAN_POINT('',(0.015,0.0795845911860127,-0.0721554445662278));
#18677=CARTESIAN_POINT('',(-0.007,0.0308179306876174,-0.042));
#18678=CARTESIAN_POINT('',(0.018,0.0308179306876174,-0.042));
#18679=CARTESIAN_POINT('',(0.018,0.0325499814951862,-0.041));
#18680=CARTESIAN_POINT('',(-0.007,0.0325499814951862,-0.041));
#18681=CARTESIAN_POINT('',(0.015,0.0325499814951862,-0.041));
#18682=CARTESIAN_POINT('',(0.015,0.0258910161513776,-0.0448445554337724));
#18683=CARTESIAN_POINT('',(-0.007,0.0325499814951862,-0.039));
#18684=CARTESIAN_POINT('',(0.018,0.0325499814951862,-0.039));
#18685=CARTESIAN_POINT('',(0.018,0.0325499814951862,-0.037));
#18686=CARTESIAN_POINT('',(-0.007,0.0325499814951862,-0.037));
#18687=CARTESIAN_POINT('',(0.015,0.0325499814951862,-0.037));
#18688=CARTESIAN_POINT('',(0.015,0.0325499814951862,-0.105));
#18689=CARTESIAN_POINT('',(-0.007,0.0308179306876173,-0.036));
#18690=CARTESIAN_POINT('',(0.018,0.0308179306876173,-0.036));
#18691=CARTESIAN_POINT('',(0.015,0.0830486928011505,-0.0661554445662277));
#18692=CARTESIAN_POINT('',(-0.007,-0.0332679491924312,-0.011));
#18693=CARTESIAN_POINT('',(-0.007,-0.0315358983848622,-0.01));
#18694=CARTESIAN_POINT('',(0.015,-0.0315358983848622,-0.01));
#18695=CARTESIAN_POINT('',(0.018,-0.0315358983848622,-0.01));
#18696=CARTESIAN_POINT('',(0.018,-0.0332679491924312,-0.011));
#18697=CARTESIAN_POINT('',(0.018,-0.035,-0.012));
#18698=CARTESIAN_POINT('',(-0.007,-0.035,-0.012));
#18699=CARTESIAN_POINT('',(0.015,-0.035,-0.012));
#18700=CARTESIAN_POINT('',(0.015,-0.0381948637286709,-0.0138445554337724));
#18701=CARTESIAN_POINT('',(-0.007,-0.035,-0.014));
#18702=CARTESIAN_POINT('',(0.018,-0.035,-0.014));
#18703=CARTESIAN_POINT('',(0.018,-0.035,-0.016));
#18704=CARTESIAN_POINT('',(-0.007,-0.035,-0.016));
#18705=CARTESIAN_POINT('',(0.015,-0.035,-0.016));
#18706=CARTESIAN_POINT('',(0.015,-0.035,-0.08));
#18707=CARTESIAN_POINT('',(-0.007,-0.0332679491924312,-0.017));
#18708=CARTESIAN_POINT('',(0.018,-0.0332679491924312,-0.017));
#18709=CARTESIAN_POINT('',(0.018,-0.0315358983848623,-0.018));
#18710=CARTESIAN_POINT('',(-0.007,-0.0315358983848623,-0.018));
#18711=CARTESIAN_POINT('',(0.015,-0.0315358983848623,-0.018));
#18712=CARTESIAN_POINT('',(0.015,0.018962812921102,-0.0471554445662278));
#18713=CARTESIAN_POINT('',(-0.007,-0.0298038475772934,-0.017));
#18714=CARTESIAN_POINT('',(0.018,-0.0298038475772934,-0.017));
#18715=CARTESIAN_POINT('',(0.018,-0.0280717967697245,-0.016));
#18716=CARTESIAN_POINT('',(-0.007,-0.0280717967697245,-0.016));
#18717=CARTESIAN_POINT('',(0.015,-0.0280717967697245,-0.016));
#18718=CARTESIAN_POINT('',(0.015,-0.0347307621135332,-0.0198445554337724));
#18719=CARTESIAN_POINT('',(-0.007,-0.0280717967697245,-0.014));
#18720=CARTESIAN_POINT('',(0.018,-0.0280717967697245,-0.014));
#18721=CARTESIAN_POINT('',(0.018,-0.0280717967697245,-0.012));
#18722=CARTESIAN_POINT('',(-0.007,-0.0280717967697245,-0.012));
#18723=CARTESIAN_POINT('',(0.015,-0.0280717967697245,-0.012));
#18724=CARTESIAN_POINT('',(0.015,-0.0280717967697245,-0.08));
#18725=CARTESIAN_POINT('',(-0.007,-0.0298038475772934,-0.011));
#18726=CARTESIAN_POINT('',(0.018,-0.0298038475772934,-0.011));
#18727=CARTESIAN_POINT('',(0.015,0.0224269145362398,-0.0411554445662278));
#18728=CARTESIAN_POINT('',(-0.007,-0.0246076951545867,-0.016));
#18729=CARTESIAN_POINT('',(-0.007,-0.0228756443470179,-0.015));
#18730=CARTESIAN_POINT('',(0.015,-0.0228756443470179,-0.015));
#18731=CARTESIAN_POINT('',(0.018,-0.0228756443470179,-0.015));
#18732=CARTESIAN_POINT('',(0.018,-0.0246076951545867,-0.016));
#18733=CARTESIAN_POINT('',(0.018,-0.0263397459621556,-0.017));
#18734=CARTESIAN_POINT('',(-0.007,-0.0263397459621556,-0.017));
#18735=CARTESIAN_POINT('',(0.015,-0.0263397459621556,-0.017));
#18736=CARTESIAN_POINT('',(0.015,-0.0295346096908266,-0.0188445554337724));
#18737=CARTESIAN_POINT('',(-0.007,-0.0263397459621556,-0.019));
#18738=CARTESIAN_POINT('',(0.018,-0.0263397459621556,-0.019));
#18739=CARTESIAN_POINT('',(0.018,-0.0263397459621556,-0.021));
#18740=CARTESIAN_POINT('',(-0.007,-0.0263397459621556,-0.021));
#18741=CARTESIAN_POINT('',(0.015,-0.0263397459621556,-0.021));
#18742=CARTESIAN_POINT('',(0.015,-0.0263397459621556,-0.085));
#18743=CARTESIAN_POINT('',(-0.007,-0.0246076951545868,-0.022));
#18744=CARTESIAN_POINT('',(0.018,-0.0246076951545868,-0.022));
#18745=CARTESIAN_POINT('',(0.018,-0.0228756443470179,-0.023));
#18746=CARTESIAN_POINT('',(-0.007,-0.0228756443470179,-0.023));
#18747=CARTESIAN_POINT('',(0.015,-0.0228756443470179,-0.023));
#18748=CARTESIAN_POINT('',(0.015,0.0276230669589464,-0.0521554445662278));
#18749=CARTESIAN_POINT('',(-0.007,-0.021143593539449,-0.022));
#18750=CARTESIAN_POINT('',(0.018,-0.021143593539449,-0.022));
#18751=CARTESIAN_POINT('',(0.018,-0.0194115427318801,-0.021));
#18752=CARTESIAN_POINT('',(-0.007,-0.0194115427318801,-0.021));
#18753=CARTESIAN_POINT('',(0.015,-0.0194115427318801,-0.021));
#18754=CARTESIAN_POINT('',(0.015,-0.0260705080756888,-0.0248445554337724));
#18755=CARTESIAN_POINT('',(-0.007,-0.0194115427318801,-0.019));
#18756=CARTESIAN_POINT('',(0.018,-0.0194115427318801,-0.019));
#18757=CARTESIAN_POINT('',(0.018,-0.0194115427318801,-0.017));
#18758=CARTESIAN_POINT('',(-0.007,-0.0194115427318801,-0.017));
#18759=CARTESIAN_POINT('',(0.015,-0.0194115427318801,-0.017));
#18760=CARTESIAN_POINT('',(0.015,-0.0194115427318801,-0.085));
#18761=CARTESIAN_POINT('',(-0.007,-0.021143593539449,-0.016));
#18762=CARTESIAN_POINT('',(0.018,-0.021143593539449,-0.016));
#18763=CARTESIAN_POINT('',(0.015,0.0310871685740842,-0.0461554445662277));
#18764=CARTESIAN_POINT('',(-0.007,0.0186935750346351,-0.041));
#18765=CARTESIAN_POINT('',(-0.007,0.020425625842204,-0.04));
#18766=CARTESIAN_POINT('',(0.015,0.020425625842204,-0.04));
#18767=CARTESIAN_POINT('',(0.018,0.020425625842204,-0.04));
#18768=CARTESIAN_POINT('',(0.018,0.0186935750346351,-0.041));
#18769=CARTESIAN_POINT('',(0.018,0.0169615242270663,-0.042));
#18770=CARTESIAN_POINT('',(-0.007,0.0169615242270663,-0.042));
#18771=CARTESIAN_POINT('',(0.015,0.0169615242270663,-0.042));
#18772=CARTESIAN_POINT('',(0.015,0.0137666604983954,-0.0438445554337724));
#18773=CARTESIAN_POINT('',(-0.007,0.0169615242270664,-0.044));
#18774=CARTESIAN_POINT('',(0.018,0.0169615242270664,-0.044));
#18775=CARTESIAN_POINT('',(0.018,0.0169615242270663,-0.046));
#18776=CARTESIAN_POINT('',(-0.007,0.0169615242270663,-0.046));
#18777=CARTESIAN_POINT('',(0.015,0.0169615242270663,-0.046));
#18778=CARTESIAN_POINT('',(0.015,0.0169615242270664,-0.11));
#18779=CARTESIAN_POINT('',(-0.007,0.0186935750346351,-0.047));
#18780=CARTESIAN_POINT('',(0.018,0.0186935750346351,-0.047));
#18781=CARTESIAN_POINT('',(0.018,0.020425625842204,-0.048));
#18782=CARTESIAN_POINT('',(-0.007,0.020425625842204,-0.048));
#18783=CARTESIAN_POINT('',(0.015,0.020425625842204,-0.048));
#18784=CARTESIAN_POINT('',(0.015,0.0709243371481683,-0.0771554445662278));
#18785=CARTESIAN_POINT('',(-0.007,0.0221576766497729,-0.047));
#18786=CARTESIAN_POINT('',(0.018,0.0221576766497729,-0.047));
#18787=CARTESIAN_POINT('',(0.018,0.0238897274573418,-0.046));
#18788=CARTESIAN_POINT('',(-0.007,0.0238897274573418,-0.046));
#18789=CARTESIAN_POINT('',(0.015,0.0238897274573418,-0.046));
#18790=CARTESIAN_POINT('',(0.015,0.0172307621135331,-0.0498445554337724));
#18791=CARTESIAN_POINT('',(-0.007,0.0238897274573418,-0.044));
#18792=CARTESIAN_POINT('',(0.018,0.0238897274573418,-0.044));
#18793=CARTESIAN_POINT('',(0.018,0.0238897274573418,-0.042));
#18794=CARTESIAN_POINT('',(-0.007,0.0238897274573418,-0.042));
#18795=CARTESIAN_POINT('',(0.015,0.0238897274573418,-0.042));
#18796=CARTESIAN_POINT('',(0.015,0.0238897274573418,-0.11));
#18797=CARTESIAN_POINT('',(-0.007,0.0221576766497729,-0.041));
#18798=CARTESIAN_POINT('',(0.018,0.0221576766497729,-0.041));
#18799=CARTESIAN_POINT('',(0.015,0.0743884387633061,-0.0711554445662277));
#18800=CARTESIAN_POINT('',(-0.007,0.0273538290724795,-0.046));
#18801=CARTESIAN_POINT('',(-0.007,0.0290858798800484,-0.045));
#18802=CARTESIAN_POINT('',(0.015,0.0290858798800484,-0.045));
#18803=CARTESIAN_POINT('',(0.018,0.0290858798800484,-0.045));
#18804=CARTESIAN_POINT('',(0.018,0.0273538290724795,-0.046));
#18805=CARTESIAN_POINT('',(0.018,0.0256217782649107,-0.047));
#18806=CARTESIAN_POINT('',(-0.007,0.0256217782649107,-0.047));
#18807=CARTESIAN_POINT('',(0.015,0.0256217782649107,-0.047));
#18808=CARTESIAN_POINT('',(0.015,0.0224269145362397,-0.0488445554337724));
#18809=CARTESIAN_POINT('',(-0.007,0.0256217782649107,-0.049));
#18810=CARTESIAN_POINT('',(0.018,0.0256217782649107,-0.049));
#18811=CARTESIAN_POINT('',(0.018,0.0256217782649107,-0.051));
#18812=CARTESIAN_POINT('',(-0.007,0.0256217782649107,-0.051));
#18813=CARTESIAN_POINT('',(0.015,0.0256217782649107,-0.051));
#18814=CARTESIAN_POINT('',(0.015,0.0256217782649107,-0.115));
#18815=CARTESIAN_POINT('',(-0.007,0.0273538290724795,-0.052));
#18816=CARTESIAN_POINT('',(0.018,0.0273538290724795,-0.052));
#18817=CARTESIAN_POINT('',(0.018,0.0290858798800484,-0.053));
#18818=CARTESIAN_POINT('',(-0.007,0.0290858798800484,-0.053));
#18819=CARTESIAN_POINT('',(0.015,0.0290858798800484,-0.053));
#18820=CARTESIAN_POINT('',(0.015,0.0795845911860127,-0.0821554445662278));
#18821=CARTESIAN_POINT('',(-0.007,0.0308179306876173,-0.052));
#18822=CARTESIAN_POINT('',(0.018,0.0308179306876173,-0.052));
#18823=CARTESIAN_POINT('',(0.018,0.0325499814951862,-0.051));
#18824=CARTESIAN_POINT('',(-0.007,0.0325499814951862,-0.051));
#18825=CARTESIAN_POINT('',(0.015,0.0325499814951862,-0.051));
#18826=CARTESIAN_POINT('',(0.015,0.0258910161513775,-0.0548445554337724));
#18827=CARTESIAN_POINT('',(-0.007,0.0325499814951862,-0.049));
#18828=CARTESIAN_POINT('',(0.018,0.0325499814951862,-0.049));
#18829=CARTESIAN_POINT('',(0.018,0.0325499814951862,-0.047));
#18830=CARTESIAN_POINT('',(-0.007,0.0325499814951862,-0.047));
#18831=CARTESIAN_POINT('',(0.015,0.0325499814951862,-0.047));
#18832=CARTESIAN_POINT('',(0.015,0.0325499814951862,-0.115));
#18833=CARTESIAN_POINT('',(-0.007,0.0308179306876173,-0.046));
#18834=CARTESIAN_POINT('',(0.018,0.0308179306876173,-0.046));
#18835=CARTESIAN_POINT('',(0.015,0.0830486928011505,-0.0761554445662277));
#18836=CARTESIAN_POINT('',(-0.007,-0.0332679491924312,-0.021));
#18837=CARTESIAN_POINT('',(-0.007,-0.0315358983848622,-0.02));
#18838=CARTESIAN_POINT('',(0.015,-0.0315358983848622,-0.02));
#18839=CARTESIAN_POINT('',(0.018,-0.0315358983848622,-0.02));
#18840=CARTESIAN_POINT('',(0.018,-0.0332679491924312,-0.021));
#18841=CARTESIAN_POINT('',(0.018,-0.035,-0.022));
#18842=CARTESIAN_POINT('',(-0.007,-0.035,-0.022));
#18843=CARTESIAN_POINT('',(0.015,-0.035,-0.022));
#18844=CARTESIAN_POINT('',(0.015,-0.0381948637286709,-0.0238445554337723));
#18845=CARTESIAN_POINT('',(-0.007,-0.035,-0.024));
#18846=CARTESIAN_POINT('',(0.018,-0.035,-0.024));
#18847=CARTESIAN_POINT('',(0.018,-0.035,-0.026));
#18848=CARTESIAN_POINT('',(-0.007,-0.035,-0.026));
#18849=CARTESIAN_POINT('',(0.015,-0.035,-0.026));
#18850=CARTESIAN_POINT('',(0.015,-0.035,-0.09));
#18851=CARTESIAN_POINT('',(-0.007,-0.0332679491924312,-0.027));
#18852=CARTESIAN_POINT('',(0.018,-0.0332679491924312,-0.027));
#18853=CARTESIAN_POINT('',(0.018,-0.0315358983848623,-0.028));
#18854=CARTESIAN_POINT('',(-0.007,-0.0315358983848623,-0.028));
#18855=CARTESIAN_POINT('',(0.015,-0.0315358983848623,-0.028));
#18856=CARTESIAN_POINT('',(0.015,0.018962812921102,-0.0571554445662278));
#18857=CARTESIAN_POINT('',(-0.007,-0.0298038475772934,-0.027));
#18858=CARTESIAN_POINT('',(0.018,-0.0298038475772934,-0.027));
#18859=CARTESIAN_POINT('',(0.018,-0.0280717967697245,-0.026));
#18860=CARTESIAN_POINT('',(-0.007,-0.0280717967697245,-0.026));
#18861=CARTESIAN_POINT('',(0.015,-0.0280717967697245,-0.026));
#18862=CARTESIAN_POINT('',(0.015,-0.0347307621135332,-0.0298445554337723));
#18863=CARTESIAN_POINT('',(-0.007,-0.0280717967697245,-0.024));
#18864=CARTESIAN_POINT('',(0.018,-0.0280717967697245,-0.024));
#18865=CARTESIAN_POINT('',(0.018,-0.0280717967697245,-0.022));
#18866=CARTESIAN_POINT('',(-0.007,-0.0280717967697245,-0.022));
#18867=CARTESIAN_POINT('',(0.015,-0.0280717967697245,-0.022));
#18868=CARTESIAN_POINT('',(0.015,-0.0280717967697245,-0.09));
#18869=CARTESIAN_POINT('',(-0.007,-0.0298038475772934,-0.021));
#18870=CARTESIAN_POINT('',(0.018,-0.0298038475772934,-0.021));
#18871=CARTESIAN_POINT('',(0.015,0.0224269145362398,-0.0511554445662277));
#18872=CARTESIAN_POINT('',(-0.007,-0.0246076951545867,-0.026));
#18873=CARTESIAN_POINT('',(-0.007,-0.0228756443470179,-0.025));
#18874=CARTESIAN_POINT('',(0.015,-0.0228756443470179,-0.025));
#18875=CARTESIAN_POINT('',(0.018,-0.0228756443470179,-0.025));
#18876=CARTESIAN_POINT('',(0.018,-0.0246076951545867,-0.026));
#18877=CARTESIAN_POINT('',(0.018,-0.0263397459621556,-0.027));
#18878=CARTESIAN_POINT('',(-0.007,-0.0263397459621556,-0.027));
#18879=CARTESIAN_POINT('',(0.015,-0.0263397459621556,-0.027));
#18880=CARTESIAN_POINT('',(0.015,-0.0295346096908266,-0.0288445554337723));
#18881=CARTESIAN_POINT('',(-0.007,-0.0263397459621556,-0.029));
#18882=CARTESIAN_POINT('',(0.018,-0.0263397459621556,-0.029));
#18883=CARTESIAN_POINT('',(0.018,-0.0263397459621556,-0.031));
#18884=CARTESIAN_POINT('',(-0.007,-0.0263397459621556,-0.031));
#18885=CARTESIAN_POINT('',(0.015,-0.0263397459621556,-0.031));
#18886=CARTESIAN_POINT('',(0.015,-0.0263397459621556,-0.095));
#18887=CARTESIAN_POINT('',(-0.007,-0.0246076951545868,-0.032));
#18888=CARTESIAN_POINT('',(0.018,-0.0246076951545868,-0.032));
#18889=CARTESIAN_POINT('',(0.018,-0.0228756443470179,-0.033));
#18890=CARTESIAN_POINT('',(-0.007,-0.0228756443470179,-0.033));
#18891=CARTESIAN_POINT('',(0.015,-0.0228756443470179,-0.033));
#18892=CARTESIAN_POINT('',(0.015,0.0276230669589464,-0.0621554445662278));
#18893=CARTESIAN_POINT('',(-0.007,-0.021143593539449,-0.032));
#18894=CARTESIAN_POINT('',(0.018,-0.021143593539449,-0.032));
#18895=CARTESIAN_POINT('',(0.018,-0.0194115427318801,-0.031));
#18896=CARTESIAN_POINT('',(-0.007,-0.0194115427318801,-0.031));
#18897=CARTESIAN_POINT('',(0.015,-0.0194115427318801,-0.031));
#18898=CARTESIAN_POINT('',(0.015,-0.0260705080756888,-0.0348445554337724));
#18899=CARTESIAN_POINT('',(-0.007,-0.0194115427318801,-0.029));
#18900=CARTESIAN_POINT('',(0.018,-0.0194115427318801,-0.029));
#18901=CARTESIAN_POINT('',(0.018,-0.0194115427318801,-0.027));
#18902=CARTESIAN_POINT('',(-0.007,-0.0194115427318801,-0.027));
#18903=CARTESIAN_POINT('',(0.015,-0.0194115427318801,-0.027));
#18904=CARTESIAN_POINT('',(0.015,-0.0194115427318801,-0.095));
#18905=CARTESIAN_POINT('',(-0.007,-0.021143593539449,-0.026));
#18906=CARTESIAN_POINT('',(0.018,-0.021143593539449,-0.026));
#18907=CARTESIAN_POINT('',(0.015,0.0310871685740842,-0.0561554445662277));
#18908=CARTESIAN_POINT('',(-0.007,0.0186935750346351,-0.051));
#18909=CARTESIAN_POINT('',(-0.007,0.020425625842204,-0.05));
#18910=CARTESIAN_POINT('',(0.015,0.020425625842204,-0.05));
#18911=CARTESIAN_POINT('',(0.018,0.020425625842204,-0.05));
#18912=CARTESIAN_POINT('',(0.018,0.0186935750346351,-0.051));
#18913=CARTESIAN_POINT('',(0.018,0.0169615242270663,-0.052));
#18914=CARTESIAN_POINT('',(-0.007,0.0169615242270663,-0.052));
#18915=CARTESIAN_POINT('',(0.015,0.0169615242270663,-0.052));
#18916=CARTESIAN_POINT('',(0.015,0.0137666604983954,-0.0538445554337724));
#18917=CARTESIAN_POINT('',(-0.007,0.0169615242270664,-0.054));
#18918=CARTESIAN_POINT('',(0.018,0.0169615242270664,-0.054));
#18919=CARTESIAN_POINT('',(0.018,0.0169615242270663,-0.056));
#18920=CARTESIAN_POINT('',(-0.007,0.0169615242270663,-0.056));
#18921=CARTESIAN_POINT('',(0.015,0.0169615242270663,-0.056));
#18922=CARTESIAN_POINT('',(0.015,0.0169615242270664,-0.12));
#18923=CARTESIAN_POINT('',(-0.007,0.0186935750346351,-0.057));
#18924=CARTESIAN_POINT('',(0.018,0.0186935750346351,-0.057));
#18925=CARTESIAN_POINT('',(0.018,0.020425625842204,-0.058));
#18926=CARTESIAN_POINT('',(-0.007,0.020425625842204,-0.058));
#18927=CARTESIAN_POINT('',(0.015,0.020425625842204,-0.058));
#18928=CARTESIAN_POINT('',(0.015,0.0709243371481683,-0.0871554445662278));
#18929=CARTESIAN_POINT('',(-0.007,0.0221576766497729,-0.057));
#18930=CARTESIAN_POINT('',(0.018,0.0221576766497729,-0.057));
#18931=CARTESIAN_POINT('',(0.018,0.0238897274573418,-0.056));
#18932=CARTESIAN_POINT('',(-0.007,0.0238897274573418,-0.056));
#18933=CARTESIAN_POINT('',(0.015,0.0238897274573418,-0.056));
#18934=CARTESIAN_POINT('',(0.015,0.0172307621135331,-0.0598445554337724));
#18935=CARTESIAN_POINT('',(-0.007,0.0238897274573418,-0.054));
#18936=CARTESIAN_POINT('',(0.018,0.0238897274573418,-0.054));
#18937=CARTESIAN_POINT('',(0.018,0.0238897274573418,-0.052));
#18938=CARTESIAN_POINT('',(-0.007,0.0238897274573418,-0.052));
#18939=CARTESIAN_POINT('',(0.015,0.0238897274573418,-0.052));
#18940=CARTESIAN_POINT('',(0.015,0.0238897274573418,-0.12));
#18941=CARTESIAN_POINT('',(-0.007,0.0221576766497729,-0.051));
#18942=CARTESIAN_POINT('',(0.018,0.0221576766497729,-0.051));
#18943=CARTESIAN_POINT('',(0.015,0.0743884387633061,-0.0811554445662277));
#18944=CARTESIAN_POINT('',(-0.007,0.0273538290724795,-0.056));
#18945=CARTESIAN_POINT('',(-0.007,0.0290858798800484,-0.055));
#18946=CARTESIAN_POINT('',(0.015,0.0290858798800484,-0.055));
#18947=CARTESIAN_POINT('',(0.018,0.0290858798800484,-0.055));
#18948=CARTESIAN_POINT('',(0.018,0.0273538290724795,-0.056));
#18949=CARTESIAN_POINT('',(0.018,0.0256217782649107,-0.057));
#18950=CARTESIAN_POINT('',(-0.007,0.0256217782649107,-0.057));
#18951=CARTESIAN_POINT('',(0.015,0.0256217782649107,-0.057));
#18952=CARTESIAN_POINT('',(0.015,0.0224269145362397,-0.0588445554337724));
#18953=CARTESIAN_POINT('',(-0.007,0.0256217782649107,-0.059));
#18954=CARTESIAN_POINT('',(0.018,0.0256217782649107,-0.059));
#18955=CARTESIAN_POINT('',(0.018,0.0256217782649107,-0.061));
#18956=CARTESIAN_POINT('',(-0.007,0.0256217782649107,-0.061));
#18957=CARTESIAN_POINT('',(0.015,0.0256217782649107,-0.061));
#18958=CARTESIAN_POINT('',(0.015,0.0256217782649107,-0.125));
#18959=CARTESIAN_POINT('',(-0.007,0.0273538290724795,-0.062));
#18960=CARTESIAN_POINT('',(0.018,0.0273538290724795,-0.062));
#18961=CARTESIAN_POINT('',(0.018,0.0290858798800484,-0.063));
#18962=CARTESIAN_POINT('',(-0.007,0.0290858798800484,-0.063));
#18963=CARTESIAN_POINT('',(0.015,0.0290858798800484,-0.063));
#18964=CARTESIAN_POINT('',(0.015,0.0795845911860127,-0.0921554445662278));
#18965=CARTESIAN_POINT('',(-0.007,0.0308179306876173,-0.062));
#18966=CARTESIAN_POINT('',(0.018,0.0308179306876173,-0.062));
#18967=CARTESIAN_POINT('',(0.018,0.0325499814951862,-0.061));
#18968=CARTESIAN_POINT('',(-0.007,0.0325499814951862,-0.061));
#18969=CARTESIAN_POINT('',(0.015,0.0325499814951862,-0.061));
#18970=CARTESIAN_POINT('',(0.015,0.0258910161513775,-0.0648445554337724));
#18971=CARTESIAN_POINT('',(-0.007,0.0325499814951862,-0.059));
#18972=CARTESIAN_POINT('',(0.018,0.0325499814951862,-0.059));
#18973=CARTESIAN_POINT('',(0.018,0.0325499814951862,-0.057));
#18974=CARTESIAN_POINT('',(-0.007,0.0325499814951862,-0.057));
#18975=CARTESIAN_POINT('',(0.015,0.0325499814951862,-0.057));
#18976=CARTESIAN_POINT('',(0.015,0.0325499814951862,-0.125));
#18977=CARTESIAN_POINT('',(-0.007,0.0308179306876173,-0.056));
#18978=CARTESIAN_POINT('',(0.018,0.0308179306876173,-0.056));
#18979=CARTESIAN_POINT('',(0.015,0.0830486928011505,-0.0861554445662277));
#18980=CARTESIAN_POINT('',(-0.007,-0.0332679491924312,-0.031));
#18981=CARTESIAN_POINT('',(-0.007,-0.0315358983848622,-0.03));
#18982=CARTESIAN_POINT('',(0.015,-0.0315358983848622,-0.03));
#18983=CARTESIAN_POINT('',(0.018,-0.0315358983848622,-0.03));
#18984=CARTESIAN_POINT('',(0.018,-0.0332679491924312,-0.031));
#18985=CARTESIAN_POINT('',(0.018,-0.035,-0.032));
#18986=CARTESIAN_POINT('',(-0.007,-0.035,-0.032));
#18987=CARTESIAN_POINT('',(0.015,-0.035,-0.032));
#18988=CARTESIAN_POINT('',(0.015,-0.0381948637286709,-0.0338445554337723));
#18989=CARTESIAN_POINT('',(-0.007,-0.035,-0.034));
#18990=CARTESIAN_POINT('',(0.018,-0.035,-0.034));
#18991=CARTESIAN_POINT('',(0.018,-0.035,-0.036));
#18992=CARTESIAN_POINT('',(-0.007,-0.035,-0.036));
#18993=CARTESIAN_POINT('',(0.015,-0.035,-0.036));
#18994=CARTESIAN_POINT('',(0.015,-0.035,-0.1));
#18995=CARTESIAN_POINT('',(-0.007,-0.0332679491924312,-0.037));
#18996=CARTESIAN_POINT('',(0.018,-0.0332679491924312,-0.037));
#18997=CARTESIAN_POINT('',(0.018,-0.0315358983848623,-0.038));
#18998=CARTESIAN_POINT('',(-0.007,-0.0315358983848623,-0.038));
#18999=CARTESIAN_POINT('',(0.015,-0.0315358983848623,-0.038));
#19000=CARTESIAN_POINT('',(0.015,0.018962812921102,-0.0671554445662278));
#19001=CARTESIAN_POINT('',(-0.007,-0.0298038475772934,-0.037));
#19002=CARTESIAN_POINT('',(0.018,-0.0298038475772934,-0.037));
#19003=CARTESIAN_POINT('',(0.018,-0.0280717967697245,-0.036));
#19004=CARTESIAN_POINT('',(-0.007,-0.0280717967697245,-0.036));
#19005=CARTESIAN_POINT('',(0.015,-0.0280717967697245,-0.036));
#19006=CARTESIAN_POINT('',(0.015,-0.0347307621135332,-0.0398445554337724));
#19007=CARTESIAN_POINT('',(-0.007,-0.0280717967697245,-0.034));
#19008=CARTESIAN_POINT('',(0.018,-0.0280717967697245,-0.034));
#19009=CARTESIAN_POINT('',(0.018,-0.0280717967697245,-0.032));
#19010=CARTESIAN_POINT('',(-0.007,-0.0280717967697245,-0.032));
#19011=CARTESIAN_POINT('',(0.015,-0.0280717967697245,-0.032));
#19012=CARTESIAN_POINT('',(0.015,-0.0280717967697245,-0.1));
#19013=CARTESIAN_POINT('',(-0.007,-0.0298038475772934,-0.031));
#19014=CARTESIAN_POINT('',(0.018,-0.0298038475772934,-0.031));
#19015=CARTESIAN_POINT('',(0.015,0.0224269145362398,-0.0611554445662277));
#19016=CARTESIAN_POINT('',(-0.007,-0.0246076951545867,-0.036));
#19017=CARTESIAN_POINT('',(-0.007,-0.0228756443470179,-0.035));
#19018=CARTESIAN_POINT('',(0.015,-0.0228756443470179,-0.035));
#19019=CARTESIAN_POINT('',(0.018,-0.0228756443470179,-0.035));
#19020=CARTESIAN_POINT('',(0.018,-0.0246076951545867,-0.036));
#19021=CARTESIAN_POINT('',(0.018,-0.0263397459621556,-0.037));
#19022=CARTESIAN_POINT('',(-0.007,-0.0263397459621556,-0.037));
#19023=CARTESIAN_POINT('',(0.015,-0.0263397459621556,-0.037));
#19024=CARTESIAN_POINT('',(0.015,-0.0295346096908266,-0.0388445554337724));
#19025=CARTESIAN_POINT('',(-0.007,-0.0263397459621556,-0.039));
#19026=CARTESIAN_POINT('',(0.018,-0.0263397459621556,-0.039));
#19027=CARTESIAN_POINT('',(0.018,-0.0263397459621556,-0.041));
#19028=CARTESIAN_POINT('',(-0.007,-0.0263397459621556,-0.041));
#19029=CARTESIAN_POINT('',(0.015,-0.0263397459621556,-0.041));
#19030=CARTESIAN_POINT('',(0.015,-0.0263397459621556,-0.105));
#19031=CARTESIAN_POINT('',(-0.007,-0.0246076951545868,-0.042));
#19032=CARTESIAN_POINT('',(0.018,-0.0246076951545868,-0.042));
#19033=CARTESIAN_POINT('',(0.018,-0.0228756443470179,-0.043));
#19034=CARTESIAN_POINT('',(-0.007,-0.0228756443470179,-0.043));
#19035=CARTESIAN_POINT('',(0.015,-0.0228756443470179,-0.043));
#19036=CARTESIAN_POINT('',(0.015,0.0276230669589464,-0.0721554445662278));
#19037=CARTESIAN_POINT('',(-0.007,-0.021143593539449,-0.042));
#19038=CARTESIAN_POINT('',(0.018,-0.021143593539449,-0.042));
#19039=CARTESIAN_POINT('',(0.018,-0.0194115427318801,-0.041));
#19040=CARTESIAN_POINT('',(-0.007,-0.0194115427318801,-0.041));
#19041=CARTESIAN_POINT('',(0.015,-0.0194115427318801,-0.041));
#19042=CARTESIAN_POINT('',(0.015,-0.0260705080756888,-0.0448445554337724));
#19043=CARTESIAN_POINT('',(-0.007,-0.0194115427318801,-0.039));
#19044=CARTESIAN_POINT('',(0.018,-0.0194115427318801,-0.039));
#19045=CARTESIAN_POINT('',(0.018,-0.0194115427318801,-0.037));
#19046=CARTESIAN_POINT('',(-0.007,-0.0194115427318801,-0.037));
#19047=CARTESIAN_POINT('',(0.015,-0.0194115427318801,-0.037));
#19048=CARTESIAN_POINT('',(0.015,-0.0194115427318801,-0.105));
#19049=CARTESIAN_POINT('',(-0.007,-0.021143593539449,-0.036));
#19050=CARTESIAN_POINT('',(0.018,-0.021143593539449,-0.036));
#19051=CARTESIAN_POINT('',(0.015,0.0310871685740842,-0.0661554445662277));
#19052=CARTESIAN_POINT('',(-0.007,0.0186935750346351,-0.061));
#19053=CARTESIAN_POINT('',(-0.007,0.020425625842204,-0.06));
#19054=CARTESIAN_POINT('',(0.015,0.020425625842204,-0.06));
#19055=CARTESIAN_POINT('',(0.018,0.020425625842204,-0.06));
#19056=CARTESIAN_POINT('',(0.018,0.0186935750346351,-0.061));
#19057=CARTESIAN_POINT('',(0.018,0.0169615242270663,-0.062));
#19058=CARTESIAN_POINT('',(-0.007,0.0169615242270663,-0.062));
#19059=CARTESIAN_POINT('',(0.015,0.0169615242270663,-0.062));
#19060=CARTESIAN_POINT('',(0.015,0.0137666604983954,-0.0638445554337724));
#19061=CARTESIAN_POINT('',(-0.007,0.0169615242270664,-0.064));
#19062=CARTESIAN_POINT('',(0.018,0.0169615242270664,-0.064));
#19063=CARTESIAN_POINT('',(0.018,0.0169615242270663,-0.066));
#19064=CARTESIAN_POINT('',(-0.007,0.0169615242270663,-0.066));
#19065=CARTESIAN_POINT('',(0.015,0.0169615242270663,-0.066));
#19066=CARTESIAN_POINT('',(0.015,0.0169615242270664,-0.13));
#19067=CARTESIAN_POINT('',(-0.007,0.0186935750346351,-0.067));
#19068=CARTESIAN_POINT('',(0.018,0.0186935750346351,-0.067));
#19069=CARTESIAN_POINT('',(0.018,0.020425625842204,-0.068));
#19070=CARTESIAN_POINT('',(-0.007,0.020425625842204,-0.068));
#19071=CARTESIAN_POINT('',(0.015,0.020425625842204,-0.068));
#19072=CARTESIAN_POINT('',(0.015,0.0709243371481683,-0.0971554445662278));
#19073=CARTESIAN_POINT('',(-0.007,0.0221576766497729,-0.067));
#19074=CARTESIAN_POINT('',(0.018,0.0221576766497729,-0.067));
#19075=CARTESIAN_POINT('',(0.018,0.0238897274573418,-0.066));
#19076=CARTESIAN_POINT('',(-0.007,0.0238897274573418,-0.066));
#19077=CARTESIAN_POINT('',(0.015,0.0238897274573418,-0.066));
#19078=CARTESIAN_POINT('',(0.015,0.0172307621135331,-0.0698445554337724));
#19079=CARTESIAN_POINT('',(-0.007,0.0238897274573418,-0.064));
#19080=CARTESIAN_POINT('',(0.018,0.0238897274573418,-0.064));
#19081=CARTESIAN_POINT('',(0.018,0.0238897274573418,-0.062));
#19082=CARTESIAN_POINT('',(-0.007,0.0238897274573418,-0.062));
#19083=CARTESIAN_POINT('',(0.015,0.0238897274573418,-0.062));
#19084=CARTESIAN_POINT('',(0.015,0.0238897274573418,-0.13));
#19085=CARTESIAN_POINT('',(-0.007,0.0221576766497729,-0.061));
#19086=CARTESIAN_POINT('',(0.018,0.0221576766497729,-0.061));
#19087=CARTESIAN_POINT('',(0.015,0.0743884387633061,-0.0911554445662277));
#19088=CARTESIAN_POINT('',(-0.007,0.0273538290724795,-0.066));
#19089=CARTESIAN_POINT('',(-0.007,0.0290858798800484,-0.065));
#19090=CARTESIAN_POINT('',(0.015,0.0290858798800484,-0.065));
#19091=CARTESIAN_POINT('',(0.018,0.0290858798800484,-0.065));
#19092=CARTESIAN_POINT('',(0.018,0.0273538290724795,-0.066));
#19093=CARTESIAN_POINT('',(0.018,0.0256217782649107,-0.067));
#19094=CARTESIAN_POINT('',(-0.007,0.0256217782649107,-0.067));
#19095=CARTESIAN_POINT('',(0.015,0.0256217782649107,-0.067));
#19096=CARTESIAN_POINT('',(0.015,0.0224269145362397,-0.0688445554337724));
#19097=CARTESIAN_POINT('',(-0.007,0.0256217782649107,-0.069));
#19098=CARTESIAN_POINT('',(0.018,0.0256217782649107,-0.069));
#19099=CARTESIAN_POINT('',(0.018,0.0256217782649107,-0.071));
#19100=CARTESIAN_POINT('',(-0.007,0.0256217782649107,-0.071));
#19101=CARTESIAN_POINT('',(0.015,0.0256217782649107,-0.071));
#19102=CARTESIAN_POINT('',(0.015,0.0256217782649107,-0.135));
#19103=CARTESIAN_POINT('',(-0.007,0.0273538290724795,-0.072));
#19104=CARTESIAN_POINT('',(0.018,0.0273538290724795,-0.072));
#19105=CARTESIAN_POINT('',(0.018,0.0290858798800484,-0.073));
#19106=CARTESIAN_POINT('',(-0.007,0.0290858798800484,-0.073));
#19107=CARTESIAN_POINT('',(0.015,0.0290858798800484,-0.073));
#19108=CARTESIAN_POINT('',(0.015,0.0795845911860127,-0.102155444566228));
#19109=CARTESIAN_POINT('',(-0.007,0.0308179306876173,-0.072));
#19110=CARTESIAN_POINT('',(0.018,0.0308179306876173,-0.072));
#19111=CARTESIAN_POINT('',(0.018,0.0325499814951862,-0.071));
#19112=CARTESIAN_POINT('',(-0.007,0.0325499814951862,-0.071));
#19113=CARTESIAN_POINT('',(0.015,0.0325499814951862,-0.071));
#19114=CARTESIAN_POINT('',(0.015,0.0258910161513775,-0.0748445554337724));
#19115=CARTESIAN_POINT('',(-0.007,0.0325499814951862,-0.069));
#19116=CARTESIAN_POINT('',(0.018,0.0325499814951862,-0.069));
#19117=CARTESIAN_POINT('',(0.018,0.0325499814951862,-0.067));
#19118=CARTESIAN_POINT('',(-0.007,0.0325499814951862,-0.067));
#19119=CARTESIAN_POINT('',(0.015,0.0325499814951862,-0.067));
#19120=CARTESIAN_POINT('',(0.015,0.0325499814951862,-0.135));
#19121=CARTESIAN_POINT('',(-0.007,0.0308179306876173,-0.066));
#19122=CARTESIAN_POINT('',(0.018,0.0308179306876173,-0.066));
#19123=CARTESIAN_POINT('',(0.015,0.0830486928011505,-0.0961554445662277));
#19124=CARTESIAN_POINT('',(-0.007,-0.0246076951545867,-0.046));
#19125=CARTESIAN_POINT('',(-0.007,-0.0228756443470179,-0.045));
#19126=CARTESIAN_POINT('',(0.015,-0.0228756443470179,-0.045));
#19127=CARTESIAN_POINT('',(0.018,-0.0228756443470179,-0.045));
#19128=CARTESIAN_POINT('',(0.018,-0.0246076951545867,-0.046));
#19129=CARTESIAN_POINT('',(0.018,-0.0263397459621556,-0.047));
#19130=CARTESIAN_POINT('',(-0.007,-0.0263397459621556,-0.047));
#19131=CARTESIAN_POINT('',(0.015,-0.0263397459621556,-0.047));
#19132=CARTESIAN_POINT('',(0.015,-0.0295346096908266,-0.0488445554337724));
#19133=CARTESIAN_POINT('',(-0.007,-0.0263397459621556,-0.049));
#19134=CARTESIAN_POINT('',(0.018,-0.0263397459621556,-0.049));
#19135=CARTESIAN_POINT('',(0.018,-0.0263397459621556,-0.051));
#19136=CARTESIAN_POINT('',(-0.007,-0.0263397459621556,-0.051));
#19137=CARTESIAN_POINT('',(0.015,-0.0263397459621556,-0.051));
#19138=CARTESIAN_POINT('',(0.015,-0.0263397459621556,-0.115));
#19139=CARTESIAN_POINT('',(-0.007,-0.0246076951545868,-0.052));
#19140=CARTESIAN_POINT('',(0.018,-0.0246076951545868,-0.052));
#19141=CARTESIAN_POINT('',(0.018,-0.0228756443470179,-0.053));
#19142=CARTESIAN_POINT('',(-0.007,-0.0228756443470179,-0.053));
#19143=CARTESIAN_POINT('',(0.015,-0.0228756443470179,-0.053));
#19144=CARTESIAN_POINT('',(0.015,0.0276230669589464,-0.0821554445662278));
#19145=CARTESIAN_POINT('',(-0.007,-0.021143593539449,-0.052));
#19146=CARTESIAN_POINT('',(0.018,-0.021143593539449,-0.052));
#19147=CARTESIAN_POINT('',(0.018,-0.0194115427318801,-0.051));
#19148=CARTESIAN_POINT('',(-0.007,-0.0194115427318801,-0.051));
#19149=CARTESIAN_POINT('',(0.015,-0.0194115427318801,-0.051));
#19150=CARTESIAN_POINT('',(0.015,-0.0260705080756888,-0.0548445554337724));
#19151=CARTESIAN_POINT('',(-0.007,-0.0194115427318801,-0.049));
#19152=CARTESIAN_POINT('',(0.018,-0.0194115427318801,-0.049));
#19153=CARTESIAN_POINT('',(0.018,-0.0194115427318801,-0.047));
#19154=CARTESIAN_POINT('',(-0.007,-0.0194115427318801,-0.047));
#19155=CARTESIAN_POINT('',(0.015,-0.0194115427318801,-0.047));
#19156=CARTESIAN_POINT('',(0.015,-0.0194115427318801,-0.115));
#19157=CARTESIAN_POINT('',(-0.007,-0.021143593539449,-0.046));
#19158=CARTESIAN_POINT('',(0.018,-0.021143593539449,-0.046));
#19159=CARTESIAN_POINT('',(0.015,0.0310871685740842,-0.0761554445662277));
#19160=CARTESIAN_POINT('',(-0.007,-0.0332679491924312,-0.051));
#19161=CARTESIAN_POINT('',(-0.007,-0.0315358983848622,-0.05));
#19162=CARTESIAN_POINT('',(0.015,-0.0315358983848622,-0.05));
#19163=CARTESIAN_POINT('',(0.018,-0.0315358983848622,-0.05));
#19164=CARTESIAN_POINT('',(0.018,-0.0332679491924312,-0.051));
#19165=CARTESIAN_POINT('',(0.018,-0.035,-0.052));
#19166=CARTESIAN_POINT('',(-0.007,-0.035,-0.052));
#19167=CARTESIAN_POINT('',(0.015,-0.035,-0.052));
#19168=CARTESIAN_POINT('',(0.015,-0.0381948637286709,-0.0538445554337724));
#19169=CARTESIAN_POINT('',(-0.007,-0.035,-0.054));
#19170=CARTESIAN_POINT('',(0.018,-0.035,-0.054));
#19171=CARTESIAN_POINT('',(0.018,-0.035,-0.056));
#19172=CARTESIAN_POINT('',(-0.007,-0.035,-0.056));
#19173=CARTESIAN_POINT('',(0.015,-0.035,-0.056));
#19174=CARTESIAN_POINT('',(0.015,-0.035,-0.12));
#19175=CARTESIAN_POINT('',(-0.007,-0.0332679491924312,-0.057));
#19176=CARTESIAN_POINT('',(0.018,-0.0332679491924312,-0.057));
#19177=CARTESIAN_POINT('',(0.018,-0.0315358983848623,-0.058));
#19178=CARTESIAN_POINT('',(-0.007,-0.0315358983848623,-0.058));
#19179=CARTESIAN_POINT('',(0.015,-0.0315358983848623,-0.058));
#19180=CARTESIAN_POINT('',(0.015,0.018962812921102,-0.0871554445662278));
#19181=CARTESIAN_POINT('',(-0.007,-0.0298038475772934,-0.057));
#19182=CARTESIAN_POINT('',(0.018,-0.0298038475772934,-0.057));
#19183=CARTESIAN_POINT('',(0.018,-0.0280717967697245,-0.056));
#19184=CARTESIAN_POINT('',(-0.007,-0.0280717967697245,-0.056));
#19185=CARTESIAN_POINT('',(0.015,-0.0280717967697245,-0.056));
#19186=CARTESIAN_POINT('',(0.015,-0.0347307621135332,-0.0598445554337724));
#19187=CARTESIAN_POINT('',(-0.007,-0.0280717967697245,-0.054));
#19188=CARTESIAN_POINT('',(0.018,-0.0280717967697245,-0.054));
#19189=CARTESIAN_POINT('',(0.018,-0.0280717967697245,-0.052));
#19190=CARTESIAN_POINT('',(-0.007,-0.0280717967697245,-0.052));
#19191=CARTESIAN_POINT('',(0.015,-0.0280717967697245,-0.052));
#19192=CARTESIAN_POINT('',(0.015,-0.0280717967697245,-0.12));
#19193=CARTESIAN_POINT('',(-0.007,-0.0298038475772934,-0.051));
#19194=CARTESIAN_POINT('',(0.018,-0.0298038475772934,-0.051));
#19195=CARTESIAN_POINT('',(0.015,0.0224269145362398,-0.0811554445662277));
#19196=CARTESIAN_POINT('',(-0.007,-0.0246076951545867,-0.056));
#19197=CARTESIAN_POINT('',(-0.007,-0.0228756443470179,-0.055));
#19198=CARTESIAN_POINT('',(0.015,-0.0228756443470179,-0.055));
#19199=CARTESIAN_POINT('',(0.018,-0.0228756443470179,-0.055));
#19200=CARTESIAN_POINT('',(0.018,-0.0246076951545867,-0.056));
#19201=CARTESIAN_POINT('',(0.018,-0.0263397459621556,-0.057));
#19202=CARTESIAN_POINT('',(-0.007,-0.0263397459621556,-0.057));
#19203=CARTESIAN_POINT('',(0.015,-0.0263397459621556,-0.057));
#19204=CARTESIAN_POINT('',(0.015,-0.0295346096908266,-0.0588445554337724));
#19205=CARTESIAN_POINT('',(-0.007,-0.0263397459621556,-0.059));
#19206=CARTESIAN_POINT('',(0.018,-0.0263397459621556,-0.059));
#19207=CARTESIAN_POINT('',(0.018,-0.0263397459621556,-0.061));
#19208=CARTESIAN_POINT('',(-0.007,-0.0263397459621556,-0.061));
#19209=CARTESIAN_POINT('',(0.015,-0.0263397459621556,-0.061));
#19210=CARTESIAN_POINT('',(0.015,-0.0263397459621556,-0.125));
#19211=CARTESIAN_POINT('',(-0.007,-0.0246076951545868,-0.062));
#19212=CARTESIAN_POINT('',(0.018,-0.0246076951545868,-0.062));
#19213=CARTESIAN_POINT('',(0.018,-0.0228756443470179,-0.063));
#19214=CARTESIAN_POINT('',(-0.007,-0.0228756443470179,-0.063));
#19215=CARTESIAN_POINT('',(0.015,-0.0228756443470179,-0.063));
#19216=CARTESIAN_POINT('',(0.015,0.0276230669589464,-0.0921554445662278));
#19217=CARTESIAN_POINT('',(-0.007,-0.021143593539449,-0.062));
#19218=CARTESIAN_POINT('',(0.018,-0.021143593539449,-0.062));
#19219=CARTESIAN_POINT('',(0.018,-0.0194115427318801,-0.061));
#19220=CARTESIAN_POINT('',(-0.007,-0.0194115427318801,-0.061));
#19221=CARTESIAN_POINT('',(0.015,-0.0194115427318801,-0.061));
#19222=CARTESIAN_POINT('',(0.015,-0.0260705080756888,-0.0648445554337724));
#19223=CARTESIAN_POINT('',(-0.007,-0.0194115427318801,-0.059));
#19224=CARTESIAN_POINT('',(0.018,-0.0194115427318801,-0.059));
#19225=CARTESIAN_POINT('',(0.018,-0.0194115427318801,-0.057));
#19226=CARTESIAN_POINT('',(-0.007,-0.0194115427318801,-0.057));
#19227=CARTESIAN_POINT('',(0.015,-0.0194115427318801,-0.057));
#19228=CARTESIAN_POINT('',(0.015,-0.0194115427318801,-0.125));
#19229=CARTESIAN_POINT('',(-0.007,-0.021143593539449,-0.056));
#19230=CARTESIAN_POINT('',(0.018,-0.021143593539449,-0.056));
#19231=CARTESIAN_POINT('',(0.015,0.0310871685740842,-0.0861554445662277));
#19232=CARTESIAN_POINT('',(-0.007,-0.0332679491924312,-0.061));
#19233=CARTESIAN_POINT('',(-0.007,-0.0315358983848622,-0.06));
#19234=CARTESIAN_POINT('',(0.015,-0.0315358983848622,-0.06));
#19235=CARTESIAN_POINT('',(0.018,-0.0315358983848622,-0.06));
#19236=CARTESIAN_POINT('',(0.018,-0.0332679491924312,-0.061));
#19237=CARTESIAN_POINT('',(0.018,-0.035,-0.062));
#19238=CARTESIAN_POINT('',(-0.007,-0.035,-0.062));
#19239=CARTESIAN_POINT('',(0.015,-0.035,-0.062));
#19240=CARTESIAN_POINT('',(0.015,-0.0381948637286709,-0.0638445554337724));
#19241=CARTESIAN_POINT('',(-0.007,-0.035,-0.064));
#19242=CARTESIAN_POINT('',(0.018,-0.035,-0.064));
#19243=CARTESIAN_POINT('',(0.018,-0.035,-0.066));
#19244=CARTESIAN_POINT('',(-0.007,-0.035,-0.066));
#19245=CARTESIAN_POINT('',(0.015,-0.035,-0.066));
#19246=CARTESIAN_POINT('',(0.015,-0.035,-0.13));
#19247=CARTESIAN_POINT('',(-0.007,-0.0332679491924312,-0.067));
#19248=CARTESIAN_POINT('',(0.018,-0.0332679491924312,-0.067));
#19249=CARTESIAN_POINT('',(0.018,-0.0315358983848623,-0.068));
#19250=CARTESIAN_POINT('',(-0.007,-0.0315358983848623,-0.068));
#19251=CARTESIAN_POINT('',(0.015,-0.0315358983848623,-0.068));
#19252=CARTESIAN_POINT('',(0.015,0.018962812921102,-0.0971554445662278));
#19253=CARTESIAN_POINT('',(-0.007,-0.0298038475772934,-0.067));
#19254=CARTESIAN_POINT('',(0.018,-0.0298038475772934,-0.067));
#19255=CARTESIAN_POINT('',(0.018,-0.0280717967697245,-0.066));
#19256=CARTESIAN_POINT('',(-0.007,-0.0280717967697245,-0.066));
#19257=CARTESIAN_POINT('',(0.015,-0.0280717967697245,-0.066));
#19258=CARTESIAN_POINT('',(0.015,-0.0347307621135332,-0.0698445554337724));
#19259=CARTESIAN_POINT('',(-0.007,-0.0280717967697245,-0.064));
#19260=CARTESIAN_POINT('',(0.018,-0.0280717967697245,-0.064));
#19261=CARTESIAN_POINT('',(0.018,-0.0280717967697245,-0.062));
#19262=CARTESIAN_POINT('',(-0.007,-0.0280717967697245,-0.062));
#19263=CARTESIAN_POINT('',(0.015,-0.0280717967697245,-0.062));
#19264=CARTESIAN_POINT('',(0.015,-0.0280717967697245,-0.13));
#19265=CARTESIAN_POINT('',(-0.007,-0.0298038475772934,-0.061));
#19266=CARTESIAN_POINT('',(0.018,-0.0298038475772934,-0.061));
#19267=CARTESIAN_POINT('',(0.015,0.0224269145362398,-0.0911554445662277));
#19268=CARTESIAN_POINT('',(-0.007,-0.0246076951545867,-0.066));
#19269=CARTESIAN_POINT('',(-0.007,-0.0228756443470179,-0.065));
#19270=CARTESIAN_POINT('',(0.015,-0.0228756443470179,-0.065));
#19271=CARTESIAN_POINT('',(0.018,-0.0228756443470179,-0.065));
#19272=CARTESIAN_POINT('',(0.018,-0.0246076951545867,-0.066));
#19273=CARTESIAN_POINT('',(0.018,-0.0263397459621556,-0.067));
#19274=CARTESIAN_POINT('',(-0.007,-0.0263397459621556,-0.067));
#19275=CARTESIAN_POINT('',(0.015,-0.0263397459621556,-0.067));
#19276=CARTESIAN_POINT('',(0.015,-0.0295346096908266,-0.0688445554337724));
#19277=CARTESIAN_POINT('',(-0.007,-0.0263397459621556,-0.069));
#19278=CARTESIAN_POINT('',(0.018,-0.0263397459621556,-0.069));
#19279=CARTESIAN_POINT('',(0.018,-0.0263397459621556,-0.071));
#19280=CARTESIAN_POINT('',(-0.007,-0.0263397459621556,-0.071));
#19281=CARTESIAN_POINT('',(0.015,-0.0263397459621556,-0.071));
#19282=CARTESIAN_POINT('',(0.015,-0.0263397459621556,-0.135));
#19283=CARTESIAN_POINT('',(-0.007,-0.0246076951545868,-0.072));
#19284=CARTESIAN_POINT('',(0.018,-0.0246076951545868,-0.072));
#19285=CARTESIAN_POINT('',(0.018,-0.0228756443470179,-0.073));
#19286=CARTESIAN_POINT('',(-0.007,-0.0228756443470179,-0.073));
#19287=CARTESIAN_POINT('',(0.015,-0.0228756443470179,-0.073));
#19288=CARTESIAN_POINT('',(0.015,0.0276230669589464,-0.102155444566228));
#19289=CARTESIAN_POINT('',(-0.007,-0.021143593539449,-0.072));
#19290=CARTESIAN_POINT('',(0.018,-0.021143593539449,-0.072));
#19291=CARTESIAN_POINT('',(0.018,-0.0194115427318801,-0.071));
#19292=CARTESIAN_POINT('',(-0.007,-0.0194115427318801,-0.071));
#19293=CARTESIAN_POINT('',(0.015,-0.0194115427318801,-0.071));
#19294=CARTESIAN_POINT('',(0.015,-0.0260705080756888,-0.0748445554337724));
#19295=CARTESIAN_POINT('',(-0.007,-0.0194115427318801,-0.069));
#19296=CARTESIAN_POINT('',(0.018,-0.0194115427318801,-0.069));
#19297=CARTESIAN_POINT('',(0.018,-0.0194115427318801,-0.067));
#19298=CARTESIAN_POINT('',(-0.007,-0.0194115427318801,-0.067));
#19299=CARTESIAN_POINT('',(0.015,-0.0194115427318801,-0.067));
#19300=CARTESIAN_POINT('',(0.015,-0.0194115427318801,-0.135));
#19301=CARTESIAN_POINT('',(-0.007,-0.021143593539449,-0.066));
#19302=CARTESIAN_POINT('',(0.018,-0.021143593539449,-0.066));
#19303=CARTESIAN_POINT('',(0.015,0.0310871685740842,-0.0961554445662277));
#19304=CARTESIAN_POINT('',(0.015,0.,-5.55111512312578E-17));
#19305=CARTESIAN_POINT('',(0.015,-0.037,-0.045));
#19306=CARTESIAN_POINT('',(0.015,-0.037,-0.047));
#19307=CARTESIAN_POINT('',(0.015,-0.037,0.045));
#19308=CARTESIAN_POINT('',(0.015,-0.037,0.043));
#19309=CARTESIAN_POINT('',(0.015,0.0224269145362398,0.0388445554337723));
#19310=CARTESIAN_POINT('',(0.015,-0.0280717967697245,0.068));
#19311=CARTESIAN_POINT('',(0.015,-0.0315358983848622,0.07));
#19312=CARTESIAN_POINT('',(0.015,-0.0381948637286709,0.0661554445662276));
#19313=CARTESIAN_POINT('',(0.015,-0.035,0.068));
#19314=CARTESIAN_POINT('',(0.015,-0.035,-5.55111512312578E-17));
#19315=CARTESIAN_POINT('',(0.015,-0.035,0.064));
#19316=CARTESIAN_POINT('',(0.015,0.018962812921102,0.0328445554337722));
#19317=CARTESIAN_POINT('',(0.015,-0.0315358983848623,0.062));
#19318=CARTESIAN_POINT('',(0.015,-0.0347307621135332,0.0601554445662276));
#19319=CARTESIAN_POINT('',(0.015,-0.0280717967697245,0.064));
#19320=CARTESIAN_POINT('',(0.015,-0.0280717967697245,-5.55111512312578E-17));
#19321=CARTESIAN_POINT('',(0.015,0.037,0.045));
#19322=CARTESIAN_POINT('',(0.015,0.037,0.043));
#19323=CARTESIAN_POINT('',(0.015,0.037,-0.045));
#19324=CARTESIAN_POINT('',(0.015,0.037,-0.047));
#19325=CARTESIAN_POINT('',(0.015,0.01325,-0.0415));
#19326=CARTESIAN_POINT('',(0.015,0.01325,-0.066));
#19327=CARTESIAN_POINT('',(0.015,-6.93889390390723E-18,-0.01));
#19328=CARTESIAN_POINT('',(0.015,-0.01325,-0.0415));
#19329=CARTESIAN_POINT('',(0.015,-0.01325,-0.066));
#19330=CARTESIAN_POINT('',(0.015,-0.01225,-0.066));
#19331=CARTESIAN_POINT('',(0.015,-0.0120192307692308,-0.066));
#19332=CARTESIAN_POINT('',(0.015,-0.0120192307692308,-5.55111512312578E-17));
#19333=CARTESIAN_POINT('',(0.015,-0.0120192307692308,-0.075));
#19334=CARTESIAN_POINT('',(0.015,-0.026625,-0.075));
#19335=CARTESIAN_POINT('',(0.015,-0.04,-0.075));
#19336=CARTESIAN_POINT('',(0.015,-0.04,0.00449999999999992));
#19337=CARTESIAN_POINT('',(0.015,-0.04,0.075));
#19338=CARTESIAN_POINT('',(0.015,-2.08166817117217E-17,0.075));
#19339=CARTESIAN_POINT('',(0.015,0.04,0.075));
#19340=CARTESIAN_POINT('',(0.015,0.04,0.00449999999999993));
#19341=CARTESIAN_POINT('',(0.015,0.04,-0.075));
#19342=CARTESIAN_POINT('',(0.015,-0.026625,-0.075));
#19343=CARTESIAN_POINT('',(0.015,0.0120192307692308,-0.075));
#19344=CARTESIAN_POINT('',(0.015,0.0120192307692308,-5.55111512312578E-17));
#19345=CARTESIAN_POINT('',(0.015,0.0120192307692308,-0.066));
#19346=CARTESIAN_POINT('',(0.015,-0.01225,-0.066));
#19347=CARTESIAN_POINT('',(0.018,0.,-5.55111512312578E-17));
#19348=CARTESIAN_POINT('',(0.018,0.037,-0.045));
#19349=CARTESIAN_POINT('',(0.018,0.037,-0.047));
#19350=CARTESIAN_POINT('',(0.018,-0.037,0.045));
#19351=CARTESIAN_POINT('',(0.018,-0.037,0.043));
#19352=CARTESIAN_POINT('',(0.018,0.037,0.045));
#19353=CARTESIAN_POINT('',(0.018,0.037,0.043));
#19354=CARTESIAN_POINT('',(0.018,-0.0332679491924312,0.069));
#19355=CARTESIAN_POINT('',(0.018,-0.0315358983848622,0.07));
#19356=CARTESIAN_POINT('',(0.018,-0.035,0.068));
#19357=CARTESIAN_POINT('',(0.018,-0.0298038475772934,0.069));
#19358=CARTESIAN_POINT('',(0.018,-0.0280717967697245,0.068));
#19359=CARTESIAN_POINT('',(0.018,-0.0280717967697245,0.066));
#19360=CARTESIAN_POINT('',(0.018,-0.0280717967697245,0.064));
#19361=CARTESIAN_POINT('',(0.018,-0.0298038475772934,0.063));
#19362=CARTESIAN_POINT('',(0.018,-0.0315358983848623,0.062));
#19363=CARTESIAN_POINT('',(0.018,-0.0332679491924312,0.063));
#19364=CARTESIAN_POINT('',(0.018,-0.035,0.064));
#19365=CARTESIAN_POINT('',(0.018,-0.035,0.066));
#19366=CARTESIAN_POINT('',(0.018,0.,-0.018));
#19367=CARTESIAN_POINT('',(0.018,-0.01225,-0.018));
#19368=CARTESIAN_POINT('',(0.018,0.01225,-0.018));
#19369=CARTESIAN_POINT('',(0.018,0.01225,-5.55111512312578E-17));
#19370=CARTESIAN_POINT('',(0.018,0.01225,-0.075));
#19371=CARTESIAN_POINT('',(0.018,0.026625,-0.075));
#19372=CARTESIAN_POINT('',(0.018,0.04,-0.075));
#19373=CARTESIAN_POINT('',(0.018,0.04,-0.0705));
#19374=CARTESIAN_POINT('',(0.018,0.04,0.075));
#19375=CARTESIAN_POINT('',(0.018,-2.08166817117217E-17,0.075));
#19376=CARTESIAN_POINT('',(0.018,-0.04,0.075));
#19377=CARTESIAN_POINT('',(0.018,-0.04,-0.0705));
#19378=CARTESIAN_POINT('',(0.018,-0.04,-0.075));
#19379=CARTESIAN_POINT('',(0.018,0.026625,-0.075));
#19380=CARTESIAN_POINT('',(0.018,-0.01225,-0.075));
#19381=CARTESIAN_POINT('',(0.018,-0.01225,-5.55111512312578E-17));
#19382=CARTESIAN_POINT('',(0.018,-0.037,-0.045));
#19383=CARTESIAN_POINT('',(0.018,-0.037,-0.047));
#19384=CARTESIAN_POINT('',(0.015,-0.01225,-0.066));
#19385=CARTESIAN_POINT('',(0.013,-0.01225,-0.066));
#19386=CARTESIAN_POINT('',(0.013,-0.01325,-0.066));
#19387=CARTESIAN_POINT('',(0.013,-0.0118653846153846,-0.066));
#19388=CARTESIAN_POINT('',(0.018,-0.01225,-0.066));
#19389=CARTESIAN_POINT('',(0.015,-0.01325,-0.066));
#19390=CARTESIAN_POINT('',(0.018,0.026625,-0.075));
#19391=CARTESIAN_POINT('',(0.0150272058823529,-0.0120213235294118,-0.075));
#19392=CARTESIAN_POINT('',(0.018,-0.04,-0.075));
#19393=CARTESIAN_POINT('',(0.015,-0.01225,-0.066));
#19394=CARTESIAN_POINT('',(0.018,0.01225,-0.066));
#19395=CARTESIAN_POINT('',(0.013,0.0118653846153846,-0.066));
#19396=CARTESIAN_POINT('',(0.013,-0.01225,-0.066));
#19397=CARTESIAN_POINT('',(0.013,0.01325,-0.066));
#19398=CARTESIAN_POINT('',(0.015,0.01325,-0.066));
#19399=CARTESIAN_POINT('',(0.018,0.04,-0.0705));
#19400=CARTESIAN_POINT('',(0.018,0.04,-0.075));
#19401=CARTESIAN_POINT('',(0.018,0.04,0.075));
#19402=CARTESIAN_POINT('',(0.018,-2.08166817117217E-17,0.075));
#19403=CARTESIAN_POINT('',(0.018,-0.04,0.075));
#19404=CARTESIAN_POINT('',(0.018,-0.04,-0.0705));
#19405=CARTESIAN_POINT('',(0.018,0.026625,-0.075));
#19406=CARTESIAN_POINT('',(0.0190992647058824,0.0123345588235294,-0.075));
#19407=CARTESIAN_POINT('',(0.015,-0.01325,-0.0415));
#19408=CARTESIAN_POINT('',(-0.000966542750929354,-0.01325,-0.0207434944237919));
#19409=CARTESIAN_POINT('',(0.,-0.01325,-0.02));
#19410=CARTESIAN_POINT('',(0.,-0.01325,-0.0415));
#19411=CARTESIAN_POINT('',(0.,-0.01325,-0.053));
#19412=CARTESIAN_POINT('',(0.00175,-0.01325,-0.05475));
#19413=CARTESIAN_POINT('',(0.015,0.01325,-0.0415));
#19414=CARTESIAN_POINT('',(0.00175,0.01325,-0.05475));
#19415=CARTESIAN_POINT('',(0.,0.01325,-0.053));
#19416=CARTESIAN_POINT('',(0.,0.01325,-0.0415));
#19417=CARTESIAN_POINT('',(0.,0.01325,-0.02));
#19418=CARTESIAN_POINT('',(-0.000966542750929354,0.01325,-0.0207434944237919));
#19419=CARTESIAN_POINT('',(0.,0.,-5.55111512312578E-17));
#19420=CARTESIAN_POINT('',(0.,0.,-0.053));
#19421=CARTESIAN_POINT('',(0.,0.00800166852264528,-0.053));
#19422=CARTESIAN_POINT('',(0.,-0.00800166852264526,-0.053));
#19423=CARTESIAN_POINT('',(0.,-0.00875,-0.0517));
#19424=CARTESIAN_POINT('',(0.,-0.00949833147735493,-0.053));
#19425=CARTESIAN_POINT('',(0.,0.,-0.053));
#19426=CARTESIAN_POINT('',(0.,0.01325,-0.02));
#19427=CARTESIAN_POINT('',(0.,0.,-0.053));
#19428=CARTESIAN_POINT('',(0.,0.0094983314773549,-0.053));
#19429=CARTESIAN_POINT('',(0.,0.00875,-0.0517));
#19430=CARTESIAN_POINT('',(0.004,0.,-5.55111512312578E-17));
#19431=CARTESIAN_POINT('',(0.004,-0.00875,-0.0517));
#19432=CARTESIAN_POINT('',(0.004,-0.00875,-0.0532));
#19433=CARTESIAN_POINT('',(0.004,0.00875,-0.0517));
#19434=CARTESIAN_POINT('',(0.004,0.00875,-0.0532));
#19435=CARTESIAN_POINT('',(0.004,-0.01125,-0.0425));
#19436=CARTESIAN_POINT('',(0.004,-0.01125,-0.057));
#19437=CARTESIAN_POINT('',(0.004,-0.01125,-0.019));
#19438=CARTESIAN_POINT('',(0.004,0.,-0.057));
#19439=CARTESIAN_POINT('',(0.004,0.01125,-0.057));
#19440=CARTESIAN_POINT('',(0.004,0.01125,-0.0425));
#19441=CARTESIAN_POINT('',(0.004,0.01125,-0.019));
#19442=CARTESIAN_POINT('',(0.004,-6.93889390390723E-18,-0.019));
#19443=CARTESIAN_POINT('',(0.004,-0.01125,-0.0425));
#19444=CARTESIAN_POINT('',(0.004,-0.01125,-0.019));
#19445=CARTESIAN_POINT('',(0.005,-0.01125,-0.019));
#19446=CARTESIAN_POINT('',(0.005,-0.01125,-0.0425));
#19447=CARTESIAN_POINT('',(0.005,-0.01125,-0.058));
#19448=CARTESIAN_POINT('',(-0.00325,-0.01125,-0.04975));
#19449=CARTESIAN_POINT('',(0.004,0.01125,-0.0425));
#19450=CARTESIAN_POINT('',(-0.00325,0.01125,-0.04975));
#19451=CARTESIAN_POINT('',(0.005,0.01125,-0.058));
#19452=CARTESIAN_POINT('',(0.005,0.01125,-0.0425));
#19453=CARTESIAN_POINT('',(0.005,0.01125,-0.019));
#19454=CARTESIAN_POINT('',(0.004,0.01125,-0.019));
#19455=CARTESIAN_POINT('',(0.004,-6.93889390390723E-18,-0.019));
#19456=CARTESIAN_POINT('',(0.005,-6.93889390390723E-18,-0.019));
#19457=CARTESIAN_POINT('',(0.013,-0.01225,-0.066));
#19458=CARTESIAN_POINT('',(-0.00129999999999997,-0.00875,-0.0517));
#19459=CARTESIAN_POINT('',(-0.00129999999999998,0.00875,-0.0517));
#19460=CARTESIAN_POINT('',(0.0120752212389381,0.0117942477876106,-0.0650752212389381));
#19461=CARTESIAN_POINT('',(0.0130147492625369,-0.0118665191740413,-0.0660147492625369));
#19462=CARTESIAN_POINT('',(0.018,-0.01225,-5.55111512312578E-17));
#19463=CARTESIAN_POINT('',(0.0170687134502924,-0.0121783625730994,-0.0180716374269007));
#19464=CARTESIAN_POINT('',(0.018,0.,-0.018));
#19465=CARTESIAN_POINT('',(0.0193684210526316,0.0123552631578947,-0.0178947368421054));
#19466=CARTESIAN_POINT('',(0.018,0.01225,-5.55111512312578E-17));
#19467=CARTESIAN_POINT('',(-0.007,-0.0332679491924312,0.069));
#19468=CARTESIAN_POINT('',(-0.007,-0.0315358983848622,0.07));
#19469=CARTESIAN_POINT('',(-0.007,-0.035,0.068));
#19470=CARTESIAN_POINT('',(-0.007,-0.035,0.066));
#19471=CARTESIAN_POINT('',(-0.007,-0.035,0.064));
#19472=CARTESIAN_POINT('',(-0.007,-0.0332679491924312,0.063));
#19473=CARTESIAN_POINT('',(-0.007,-0.0315358983848623,0.062));
#19474=CARTESIAN_POINT('',(-0.007,-0.0298038475772934,0.063));
#19475=CARTESIAN_POINT('',(-0.007,-0.0280717967697245,0.064));
#19476=CARTESIAN_POINT('',(-0.007,-0.0280717967697245,0.066));
#19477=CARTESIAN_POINT('',(-0.007,-0.0280717967697245,0.068));
#19478=CARTESIAN_POINT('',(-0.007,-0.0298038475772934,0.069));
#19479=CARTESIAN_POINT('',(-0.007,0.037,0.045));
#19480=CARTESIAN_POINT('',(-0.007,-0.037,0.045));
#19481=CARTESIAN_POINT('',(-0.007,-0.037,-0.045));
#19482=CARTESIAN_POINT('',(-0.007,0.037,-0.045));
#19483=CARTESIAN_POINT('',(0.015,-6.93889390390723E-18,-0.01));
#19484=CARTESIAN_POINT('',(0.013,-0.01325,-0.01));
#19485=CARTESIAN_POINT('',(0.,0.,-0.02));
#19486=CARTESIAN_POINT('',(-0.021,0.00875,-0.0517));
#19487=CARTESIAN_POINT('',(-0.021,-0.00875,-0.0517));
#19488=MECHANICAL_DESIGN_GEOMETRIC_PRESENTATION_REPRESENTATION('',(#12434),
#19490);
#19489=MECHANICAL_DESIGN_GEOMETRIC_PRESENTATION_REPRESENTATION('',(#12435),
#19491);
#19490=(
GEOMETRIC_REPRESENTATION_CONTEXT(3)
GLOBAL_UNCERTAINTY_ASSIGNED_CONTEXT((#19492))
GLOBAL_UNIT_ASSIGNED_CONTEXT((#19498,#19496,#19494))
REPRESENTATION_CONTEXT('Part 2','TOP_LEVEL_ASSEMBLY_PART')
);
#19491=(
GEOMETRIC_REPRESENTATION_CONTEXT(3)
GLOBAL_UNCERTAINTY_ASSIGNED_CONTEXT((#19493))
GLOBAL_UNIT_ASSIGNED_CONTEXT((#19499,#19497,#19495))
REPRESENTATION_CONTEXT('Side Plate','TOP_LEVEL_ASSEMBLY_PART')
);
#19492=UNCERTAINTY_MEASURE_WITH_UNIT(LENGTH_MEASURE(1.E-8),#19498,
'DISTANCE_ACCURACY_VALUE','Maximum Tolerance applied to model');
#19493=UNCERTAINTY_MEASURE_WITH_UNIT(LENGTH_MEASURE(1.E-8),#19499,
'DISTANCE_ACCURACY_VALUE','Maximum Tolerance applied to model');
#19494=(
NAMED_UNIT(*)
SI_UNIT($,.STERADIAN.)
SOLID_ANGLE_UNIT()
);
#19495=(
NAMED_UNIT(*)
SI_UNIT($,.STERADIAN.)
SOLID_ANGLE_UNIT()
);
#19496=(
NAMED_UNIT(*)
PLANE_ANGLE_UNIT()
SI_UNIT($,.RADIAN.)
);
#19497=(
NAMED_UNIT(*)
PLANE_ANGLE_UNIT()
SI_UNIT($,.RADIAN.)
);
#19498=(
LENGTH_UNIT()
NAMED_UNIT(*)
SI_UNIT($,.METRE.)
);
#19499=(
LENGTH_UNIT()
NAMED_UNIT(*)
SI_UNIT($,.METRE.)
);
#19500=PRODUCT_DEFINITION_SHAPE('','',#19502);
#19501=PRODUCT_DEFINITION_SHAPE('','',#19503);
#19502=PRODUCT_DEFINITION('','',#19506,#19504);
#19503=PRODUCT_DEFINITION('','',#19507,#19505);
#19504=PRODUCT_DEFINITION_CONTEXT('',#19518,'design');
#19505=PRODUCT_DEFINITION_CONTEXT('',#19519,'design');
#19506=PRODUCT_DEFINITION_FORMATION_WITH_SPECIFIED_SOURCE('','',#19510,
 .NOT_KNOWN.);
#19507=PRODUCT_DEFINITION_FORMATION_WITH_SPECIFIED_SOURCE('','',#19511,
 .NOT_KNOWN.);
#19508=PRODUCT_RELATED_PRODUCT_CATEGORY('','',(#19510));
#19509=PRODUCT_RELATED_PRODUCT_CATEGORY('','',(#19511));
#19510=PRODUCT('Part 2','Part 2','Part 2',(#19514));
#19511=PRODUCT('Side Plate','Side Plate','Side Plate',(#19515));
#19512=PRODUCT_CATEGORY('','');
#19513=PRODUCT_CATEGORY('','');
#19514=PRODUCT_CONTEXT('',#19518,'mechanical');
#19515=PRODUCT_CONTEXT('',#19519,'mechanical');
#19516=APPLICATION_PROTOCOL_DEFINITION('international standard',
'ap242_managed_model_based_3d_engineering',2020,#19518);
#19517=APPLICATION_PROTOCOL_DEFINITION('international standard',
'ap242_managed_model_based_3d_engineering',2020,#19519);
#19518=APPLICATION_CONTEXT('managed model based 3d engineering');
#19519=APPLICATION_CONTEXT('managed model based 3d engineering');
ENDSEC;
END-ISO-10303-21;
